[
    {
        "user": "U5LKQGS1K",
        "text": "<@U5LKQGS1K|timrek> has joined the channel",
        "type": "message",
        "subtype": "channel_join",
        "ts": "1496244878.179281"
    },
    {
        "type": "message",
        "user": "U5LKQGS1K",
        "text": "Hey guys",
        "ts": "1496245052.253032"
    },
    {
        "type": "message",
        "user": "U5LKQGS1K",
        "text": "I'm wondering, are all of you working with pytorch? I started using keras after I saw anokas' starter notebook, but I have the impression most people use pytorch and that it's more flexible.",
        "ts": "1496245802.573575"
    },
    {
        "type": "message",
        "user": "U5LKQGS1K",
        "text": "It seems harder to use though.",
        "ts": "1496245814.578587"
    },
    {
        "type": "message",
        "user": "U5HP43Y5R",
        "text": "If you use pytorch then you can use my code",
        "ts": "1496248587.708330"
    },
    {
        "type": "message",
        "user": "U5HP43Y5R",
        "text": "There is much difference between pytorch or keras or tf",
        "ts": "1496248622.722036"
    },
    {
        "type": "message",
        "user": "U5HP43Y5R",
        "text": "It is personal choice",
        "ts": "1496248635.726360"
    },
    {
        "type": "message",
        "user": "U5HP43Y5R",
        "text": "Keras has more pretrain model",
        "ts": "1496248660.736316"
    },
    {
        "type": "message",
        "user": "U5HP43Y5R",
        "text": "But if you want to get outstanding results you need to change the internals. Either pytorch or tf is ok. ",
        "ts": "1496248741.766184"
    },
    {
        "user": "U5LQ9NQ03",
        "text": "<@U5LQ9NQ03|finlayliu> has joined the channel",
        "type": "message",
        "subtype": "channel_join",
        "ts": "1496279413.698572"
    }
]