[
    {
        "type": "message",
        "subtype": "file_share",
        "text": "<@U5HP43Y5R|hengcherkeng235> uploaded a file: <https:\/\/share-kaggle-forest.slack.com\/files\/hengcherkeng235\/F5RBJUDPE\/more-agument.xlsx|more-agument.xlsx> and commented: here are some results. do not take my results as it is (l hope there are no bugs). you may want to do the same experiments to confirm the reslts are correct",
        "file": {
            "id": "F5RBJUDPE",
            "created": 1497010465,
            "timestamp": 1497010465,
            "name": "more-agument.xlsx",
            "title": "more-agument.xlsx",
            "mimetype": "application\/vnd.openxmlformats-officedocument.spreadsheetml.sheet",
            "filetype": "xlsx",
            "pretty_type": "Excel Spreadsheet",
            "user": "U5HP43Y5R",
            "editable": false,
            "size": 388612,
            "mode": "hosted",
            "is_external": false,
            "external_type": "",
            "is_public": true,
            "public_url_shared": false,
            "display_as_bot": false,
            "username": "",
            "url_private": "https:\/\/files.slack.com\/files-pri\/T5HSQH1A8-F5RBJUDPE\/more-agument.xlsx?t=xoxe-187908579348-196951736772-196902393266-9bbe2c757c",
            "url_private_download": "https:\/\/files.slack.com\/files-pri\/T5HSQH1A8-F5RBJUDPE\/download\/more-agument.xlsx?t=xoxe-187908579348-196951736772-196902393266-9bbe2c757c",
            "permalink": "https:\/\/share-kaggle-forest.slack.com\/files\/hengcherkeng235\/F5RBJUDPE\/more-agument.xlsx",
            "permalink_public": "https:\/\/slack-files.com\/T5HSQH1A8-F5RBJUDPE-e6bf9bd832",
            "channels": [
                "C5HU2FQJ1"
            ],
            "groups": [],
            "ims": [],
            "comments_count": 1,
            "initial_comment": {
                "id": "Fc5S4CR74N",
                "created": 1497010465,
                "timestamp": 1497010465,
                "user": "U5HP43Y5R",
                "is_intro": true,
                "comment": "here are some results. do not take my results as it is (l hope there are no bugs). you may want to do the same experiments to confirm the reslts are correct"
            }
        },
        "user": "U5HP43Y5R",
        "upload": true,
        "display_as_bot": false,
        "username": "hengcherkeng235",
        "bot_id": null,
        "ts": "1497010466.151233"
    },
    {
        "type": "message",
        "user": "U5HP43Y5R",
        "text": "Now i want to try some unspervised or semi-supervised learning, see:\n\n<https:\/\/www.kaggle.com\/c\/planet-understanding-the-amazon-from-space\/discussion\/34341>\n\n\nfor your information:\ntotal test samples = 61191 \n'per class label' in one sample =17\ntotal 'per class labels' = 61191*17\n\nconsider 'per class prediction' p as being confident if &gt;0.95 or p &lt;0.05,\nthen in a typical evaluation, \n\npercentage 'per class prediction'  that are confident = 86%\npercentage of samples with all 17 'per class prediction' as confident   = 34%\npercentage of samples with only 16 'per class prediction' as confident = 7%\npercentage of samples with only 15 'per class prediction' as confident = 14%\n\ni am going to add these 34%+ etc samples into training and see how it will affects performance",
        "edited": {
            "user": "U5HP43Y5R",
            "ts": "1497017896.000000"
        },
        "ts": "1497017867.457889"
    },
    {
        "type": "message",
        "user": "U5HP43Y5R",
        "text": "A Study on Threshold Selection for Multi-label\nClassification",
        "ts": "1497041022.578329"
    },
    {
        "type": "message",
        "user": "U5HP43Y5R",
        "text": "<https:\/\/www.csie.ntu.edu.tw\/~cjlin\/papers\/threshold.pdf>",
        "ts": "1497041034.581870"
    },
    {
        "type": "message",
        "user": "U5HP43Y5R",
        "text": "<http:\/\/papers.nips.cc\/paper\/4389-an-exact-algorithm-for-f-measure-maximization.pdf>",
        "ts": "1497041352.671071"
    },
    {
        "type": "message",
        "user": "U5HP43Y5R",
        "text": "<https:\/\/users.ics.aalto.fi\/jesse\/talks\/Multilabel-Part01.pdf>",
        "ts": "1497043421.214002"
    },
    {
        "type": "message",
        "subtype": "file_share",
        "text": "<@U5HP43Y5R|hengcherkeng235> uploaded a file: <https:\/\/share-kaggle-forest.slack.com\/files\/hengcherkeng235\/F5SEKV29L\/clipboard02.jpg|Clipboard02.jpg>",
        "file": {
            "id": "F5SEKV29L",
            "created": 1497045891,
            "timestamp": 1497045891,
            "name": "Clipboard02.jpg",
            "title": "Clipboard02.jpg",
            "mimetype": "image\/jpeg",
            "filetype": "jpg",
            "pretty_type": "JPEG",
            "user": "U5HP43Y5R",
            "editable": false,
            "size": 464789,
            "mode": "hosted",
            "is_external": false,
            "external_type": "",
            "is_public": true,
            "public_url_shared": false,
            "display_as_bot": false,
            "username": "",
            "url_private": "https:\/\/files.slack.com\/files-pri\/T5HSQH1A8-F5SEKV29L\/clipboard02.jpg?t=xoxe-187908579348-196951736772-196902393266-9bbe2c757c",
            "url_private_download": "https:\/\/files.slack.com\/files-pri\/T5HSQH1A8-F5SEKV29L\/download\/clipboard02.jpg?t=xoxe-187908579348-196951736772-196902393266-9bbe2c757c",
            "thumb_64": "https:\/\/files.slack.com\/files-tmb\/T5HSQH1A8-F5SEKV29L-27dc0dbe4a\/clipboard02_64.jpg?t=xoxe-187908579348-196951736772-196902393266-9bbe2c757c",
            "thumb_80": "https:\/\/files.slack.com\/files-tmb\/T5HSQH1A8-F5SEKV29L-27dc0dbe4a\/clipboard02_80.jpg?t=xoxe-187908579348-196951736772-196902393266-9bbe2c757c",
            "thumb_360": "https:\/\/files.slack.com\/files-tmb\/T5HSQH1A8-F5SEKV29L-27dc0dbe4a\/clipboard02_360.jpg?t=xoxe-187908579348-196951736772-196902393266-9bbe2c757c",
            "thumb_360_w": 360,
            "thumb_360_h": 137,
            "thumb_480": "https:\/\/files.slack.com\/files-tmb\/T5HSQH1A8-F5SEKV29L-27dc0dbe4a\/clipboard02_480.jpg?t=xoxe-187908579348-196951736772-196902393266-9bbe2c757c",
            "thumb_480_w": 480,
            "thumb_480_h": 183,
            "thumb_160": "https:\/\/files.slack.com\/files-tmb\/T5HSQH1A8-F5SEKV29L-27dc0dbe4a\/clipboard02_160.jpg?t=xoxe-187908579348-196951736772-196902393266-9bbe2c757c",
            "thumb_720": "https:\/\/files.slack.com\/files-tmb\/T5HSQH1A8-F5SEKV29L-27dc0dbe4a\/clipboard02_720.jpg?t=xoxe-187908579348-196951736772-196902393266-9bbe2c757c",
            "thumb_720_w": 720,
            "thumb_720_h": 274,
            "thumb_800": "https:\/\/files.slack.com\/files-tmb\/T5HSQH1A8-F5SEKV29L-27dc0dbe4a\/clipboard02_800.jpg?t=xoxe-187908579348-196951736772-196902393266-9bbe2c757c",
            "thumb_800_w": 800,
            "thumb_800_h": 304,
            "thumb_960": "https:\/\/files.slack.com\/files-tmb\/T5HSQH1A8-F5SEKV29L-27dc0dbe4a\/clipboard02_960.jpg?t=xoxe-187908579348-196951736772-196902393266-9bbe2c757c",
            "thumb_960_w": 960,
            "thumb_960_h": 365,
            "thumb_1024": "https:\/\/files.slack.com\/files-tmb\/T5HSQH1A8-F5SEKV29L-27dc0dbe4a\/clipboard02_1024.jpg?t=xoxe-187908579348-196951736772-196902393266-9bbe2c757c",
            "thumb_1024_w": 1024,
            "thumb_1024_h": 390,
            "image_exif_rotation": 1,
            "original_w": 2255,
            "original_h": 858,
            "permalink": "https:\/\/share-kaggle-forest.slack.com\/files\/hengcherkeng235\/F5SEKV29L\/clipboard02.jpg",
            "permalink_public": "https:\/\/slack-files.com\/T5HSQH1A8-F5SEKV29L-95c70bcb30",
            "channels": [
                "C5HU2FQJ1"
            ],
            "groups": [],
            "ims": [],
            "comments_count": 0
        },
        "user": "U5HP43Y5R",
        "upload": true,
        "display_as_bot": false,
        "username": "hengcherkeng235",
        "bot_id": null,
        "ts": "1497045894.740356"
    },
    {
        "type": "message",
        "user": "U5R88SJT0",
        "text": "Thanks <@U5HP43Y5R> for your generosity (and passion!!) in sharing knowledge! Maybe you could consider a career in training data scientist :slightly_smiling_face:",
        "ts": "1497057670.100613"
    },
    {
        "type": "message",
        "user": "U5R88SJT0",
        "text": "Learning a great deal from your knowledge sharing!",
        "ts": "1497057682.101351"
    },
    {
        "type": "message",
        "user": "U5R88SJT0",
        "text": "Newbie question about augmentation: how does random rotation work for rectangular image? How does it avoid having blank space? Is that implemented automatically in Keras image_generator or the equivalent in pytorch?",
        "ts": "1497057915.115927"
    },
    {
        "type": "message",
        "user": "U5R88SJT0",
        "text": "nevermind, I have found the solution to my question - <https:\/\/github.com\/fchollet\/keras\/blob\/master\/keras\/preprocessing\/image.py>\nit is controlled by fill mode - reflect, nearest, constant...",
        "attachments": [
            {
                "service_name": "GitHub",
                "title": "fchollet\/keras",
                "title_link": "https:\/\/github.com\/fchollet\/keras\/blob\/master\/keras\/preprocessing\/image.py",
                "text": "keras - Deep Learning for Python. Runs on TensorFlow, Theano or CNTK.",
                "fallback": "GitHub: fchollet\/keras",
                "from_url": "https:\/\/github.com\/fchollet\/keras\/blob\/master\/keras\/preprocessing\/image.py",
                "thumb_url": "https:\/\/avatars2.githubusercontent.com\/u\/710255?v=3&s=400",
                "thumb_width": 250,
                "thumb_height": 250,
                "service_icon": "https:\/\/a.slack-edge.com\/bfaba\/img\/unfurl_icons\/github.png",
                "id": 1
            }
        ],
        "ts": "1497065257.895143"
    }
]