[
    {
        "user": "U5JUR607L",
        "text": "<@U5JUR607L|felipesb> has joined the channel",
        "type": "message",
        "subtype": "channel_join",
        "ts": "1495900410.065935"
    },
    {
        "type": "message",
        "user": "U5JUR607L",
        "text": "Hello, I'm the new member of the team",
        "ts": "1495902459.191822"
    },
    {
        "type": "message",
        "user": "U5KM798UF",
        "text": "<@U5JUR607L> In the discussion forum, you posted and excerpt of code with a bunch of image transformations. What library are those functions being called from? I'd like to take a look at what they're doing",
        "ts": "1495911271.728614"
    },
    {
        "type": "message",
        "user": "U5KM798UF",
        "text": "Also, welcome.",
        "ts": "1495911283.729215"
    },
    {
        "type": "message",
        "user": "U5JUR607L",
        "text": "from torchvision import transforms",
        "ts": "1495912206.783239"
    },
    {
        "type": "message",
        "user": "U5JUR607L",
        "text": "I finished training PyNet_10 on 64 byb 6 images with those transformations and got 0,91325 on validation and 0,90580 on LB.",
        "ts": "1495912456.797039"
    },
    {
        "type": "message",
        "user": "U5JUR607L",
        "text": "I gonna start to use bigger images now",
        "ts": "1495912482.798367"
    },
    {
        "type": "message",
        "user": "U5JUR607L",
        "text": "I also tried using a weighted random sampler to compensate the unbalanced dataset, but it seems to only help over-fitting",
        "ts": "1495912792.815967"
    },
    {
        "type": "message",
        "user": "U5KM798UF",
        "text": "Ok, good to know. I got a 0.92720 on PyNet_10 with 112x112",
        "ts": "1495913208.838596"
    },
    {
        "type": "message",
        "user": "U5KM798UF",
        "text": "That was on the second run though, ~0.933 validation.",
        "ts": "1495913257.841300"
    },
    {
        "type": "message",
        "user": "U5JUR607L",
        "text": "What do you mean by second run?",
        "ts": "1495914140.890524"
    },
    {
        "type": "message",
        "user": "U5JUR607L",
        "text": "Like you did (lr = 0.1 x epoch, lr = 0.01 x epoch, ...) x 2?",
        "ts": "1495914179.893433"
    },
    {
        "type": "message",
        "user": "U5KM798UF",
        "text": "first, I ran with the default learning rate. Then, I passed the data through a second time, with lower learning rates",
        "ts": "1495914456.909702"
    },
    {
        "type": "message",
        "user": "U5KM798UF",
        "text": "I'll get the rates I used for the second run",
        "ts": "1495914465.910215"
    },
    {
        "type": "message",
        "user": "U5KM798UF",
        "text": "lr = 0.01 # schduler here ---------------------------\n            if epoch&gt;=10: lr=0.005\n            if epoch&gt;=25: lr=0.002\n            if epoch&gt;=35: lr=0.0005\n            if epoch&gt;=40: lr=0.0001\n            if epoch&gt; 45: break",
        "ts": "1495914483.911137"
    },
    {
        "type": "message",
        "user": "U5JUR607L",
        "text": "=D, thanks",
        "ts": "1495914513.912821"
    },
    {
        "type": "message",
        "user": "U5KM798UF",
        "text": "What video card are you running? I've got a gtx 1070 (8gb) and I had to decrease batch size to 64 for 112x112 and now I'm trying 160x160 and I can only get batch size of 32",
        "ts": "1495914901.934233"
    },
    {
        "type": "message",
        "user": "U5JUR607L",
        "text": "That's funny, this afternoon during the test of PyNet_10 I noticed a big jump in memory consumption, I'm doing 128 x 128 images with batch = 32 and consuming 6Gb of memory on my GTX1070",
        "ts": "1495915066.943339"
    },
    {
        "type": "message",
        "user": "U5KM798UF",
        "text": "Yeah... I don't know if it's just this model being huge or PyTorch using more memory than tensorflow",
        "ts": "1495915277.956685"
    },
    {
        "type": "message",
        "user": "U5JUR607L",
        "text": "Well it's probably a fluke in my code, but, how long are your epochs taking to complete?",
        "ts": "1495915516.970062"
    },
    {
        "type": "message",
        "user": "U5JUR607L",
        "text": "Here it's taking 325 sec",
        "ts": "1495915536.971107"
    },
    {
        "type": "message",
        "user": "U5KM798UF",
        "text": "4.6 min @ 112x112, 8.8 min @ 160x160",
        "ts": "1495915571.973051"
    },
    {
        "type": "message",
        "user": "U5JUR607L",
        "text": "Speed is about the same, given the images sizes",
        "ts": "1495915949.992773"
    },
    {
        "type": "message",
        "user": "U5KM798UF",
        "text": "Yeah. I tried building a network for a 256x256 to try out, but my computer doesn't have enough memory to load the entire dataset into ram, so I'd have to write a new generator. I'm tempted to do that, but I'm sure Heng has tried it already.",
        "ts": "1495929934.665180"
    },
    {
        "type": "message",
        "user": "U5JUR607L",
        "text": "Humm, gonna try it now",
        "ts": "1495949630.417728"
    },
    {
        "type": "message",
        "user": "U5JUR607L",
        "text": "I've got 16 Gb, let's see how efficient the DataLoader class on Pytorch is",
        "ts": "1495949668.419053"
    },
    {
        "type": "message",
        "user": "U5HP43Y5R",
        "text": "Results for 256x256 resnet18 is 0.928 for single model",
        "ts": "1495949967.428615"
    },
    {
        "type": "message",
        "user": "U5HP43Y5R",
        "text": "My pynet is not memory efficient ",
        "ts": "1495950014.430304"
    },
    {
        "type": "message",
        "user": "U5HP43Y5R",
        "text": "Maybe i will construct the multiscale classifier from resnet18 in later version. But it is not decided now",
        "ts": "1495950065.431842"
    },
    {
        "type": "message",
        "user": "U5HP43Y5R",
        "text": "Now i am trying resnet34. Resnet50 densenet inception etc",
        "ts": "1495950097.432941"
    },
    {
        "type": "message",
        "user": "U5HP43Y5R",
        "text": "I thought the standard network can already hit 0.93",
        "ts": "1495950125.433866"
    },
    {
        "type": "message",
        "user": "U5HP43Y5R",
        "text": "For pynet 256x256 the trick is to train a classifier without the upsampling first",
        "ts": "1495950217.436840"
    },
    {
        "type": "message",
        "user": "U5HP43Y5R",
        "text": "This is pretrain model",
        "ts": "1495950223.437022"
    },
    {
        "type": "message",
        "user": "U5HP43Y5R",
        "text": "Then add the upsamping and convilution for fine tunning at smaller batch size",
        "ts": "1495950247.437868"
    }
]