[
    {
        "type": "message",
        "subtype": "file_share",
        "text": "<@U5HP43Y5R|hengcherkeng235> uploaded a file: <https:\/\/share-kaggle-forest.slack.com\/files\/hengcherkeng235\/F5MLYS6RW\/ensemble.png|ensemble.png>",
        "file": {
            "id": "F5MLYS6RW",
            "created": 1496564250,
            "timestamp": 1496564250,
            "name": "ensemble.png",
            "title": "ensemble.png",
            "mimetype": "image\/png",
            "filetype": "png",
            "pretty_type": "PNG",
            "user": "U5HP43Y5R",
            "editable": false,
            "size": 48672,
            "mode": "hosted",
            "is_external": false,
            "external_type": "",
            "is_public": true,
            "public_url_shared": false,
            "display_as_bot": false,
            "username": "",
            "url_private": "https:\/\/files.slack.com\/files-pri\/T5HSQH1A8-F5MLYS6RW\/ensemble.png?t=xoxe-187908579348-196951736772-196902393266-9bbe2c757c",
            "url_private_download": "https:\/\/files.slack.com\/files-pri\/T5HSQH1A8-F5MLYS6RW\/download\/ensemble.png?t=xoxe-187908579348-196951736772-196902393266-9bbe2c757c",
            "thumb_64": "https:\/\/files.slack.com\/files-tmb\/T5HSQH1A8-F5MLYS6RW-3eade0225c\/ensemble_64.png?t=xoxe-187908579348-196951736772-196902393266-9bbe2c757c",
            "thumb_80": "https:\/\/files.slack.com\/files-tmb\/T5HSQH1A8-F5MLYS6RW-3eade0225c\/ensemble_80.png?t=xoxe-187908579348-196951736772-196902393266-9bbe2c757c",
            "thumb_360": "https:\/\/files.slack.com\/files-tmb\/T5HSQH1A8-F5MLYS6RW-3eade0225c\/ensemble_360.png?t=xoxe-187908579348-196951736772-196902393266-9bbe2c757c",
            "thumb_360_w": 360,
            "thumb_360_h": 316,
            "thumb_480": "https:\/\/files.slack.com\/files-tmb\/T5HSQH1A8-F5MLYS6RW-3eade0225c\/ensemble_480.png?t=xoxe-187908579348-196951736772-196902393266-9bbe2c757c",
            "thumb_480_w": 480,
            "thumb_480_h": 422,
            "thumb_160": "https:\/\/files.slack.com\/files-tmb\/T5HSQH1A8-F5MLYS6RW-3eade0225c\/ensemble_160.png?t=xoxe-187908579348-196951736772-196902393266-9bbe2c757c",
            "image_exif_rotation": 1,
            "original_w": 668,
            "original_h": 587,
            "permalink": "https:\/\/share-kaggle-forest.slack.com\/files\/hengcherkeng235\/F5MLYS6RW\/ensemble.png",
            "permalink_public": "https:\/\/slack-files.com\/T5HSQH1A8-F5MLYS6RW-399c58dd54",
            "channels": [
                "C5HU2FQJ1"
            ],
            "groups": [],
            "ims": [],
            "comments_count": 0
        },
        "user": "U5HP43Y5R",
        "upload": true,
        "display_as_bot": false,
        "username": "hengcherkeng235",
        "bot_id": null,
        "ts": "1496564252.127458"
    },
    {
        "type": "message",
        "user": "U5HP43Y5R",
        "text": "effects of ensembling",
        "ts": "1496564264.127884"
    },
    {
        "user": "U5N9TCXEX",
        "text": "<@U5N9TCXEX|musicismyradar> has joined the channel",
        "type": "message",
        "subtype": "channel_join",
        "ts": "1496576090.583309"
    },
    {
        "type": "message",
        "user": "U5HP43Y5R",
        "text": "updated tif results!",
        "ts": "1496579836.741744"
    },
    {
        "type": "message",
        "subtype": "file_share",
        "text": "<@U5HP43Y5R|hengcherkeng235> uploaded a file: <https:\/\/share-kaggle-forest.slack.com\/files\/hengcherkeng235\/F5N9YRLF5\/compare_tif.pptx|compare_tif.pptx>",
        "file": {
            "id": "F5N9YRLF5",
            "created": 1496579854,
            "timestamp": 1496579854,
            "name": "compare_tif.pptx",
            "title": "compare_tif.pptx",
            "mimetype": "application\/vnd.openxmlformats-officedocument.presentationml.presentation",
            "filetype": "pptx",
            "pretty_type": "PowerPoint Presentation",
            "user": "U5HP43Y5R",
            "editable": false,
            "size": 2809742,
            "mode": "hosted",
            "is_external": false,
            "external_type": "",
            "is_public": true,
            "public_url_shared": false,
            "display_as_bot": false,
            "username": "",
            "url_private": "https:\/\/files.slack.com\/files-pri\/T5HSQH1A8-F5N9YRLF5\/compare_tif.pptx?t=xoxe-187908579348-196951736772-196902393266-9bbe2c757c",
            "url_private_download": "https:\/\/files.slack.com\/files-pri\/T5HSQH1A8-F5N9YRLF5\/download\/compare_tif.pptx?t=xoxe-187908579348-196951736772-196902393266-9bbe2c757c",
            "permalink": "https:\/\/share-kaggle-forest.slack.com\/files\/hengcherkeng235\/F5N9YRLF5\/compare_tif.pptx",
            "permalink_public": "https:\/\/slack-files.com\/T5HSQH1A8-F5N9YRLF5-94664422b9",
            "channels": [
                "C5HU2FQJ1"
            ],
            "groups": [],
            "ims": [],
            "comments_count": 0
        },
        "user": "U5HP43Y5R",
        "upload": true,
        "display_as_bot": false,
        "username": "hengcherkeng235",
        "bot_id": null,
        "ts": "1496579855.742481"
    },
    {
        "type": "message",
        "user": "U5M5E9DHN",
        "text": "<@U5HP43Y5R> are you using voting for ensemble? Or averaging probabilities?",
        "ts": "1496580417.766699"
    },
    {
        "type": "message",
        "user": "U5HP43Y5R",
        "text": "voting for ensemble",
        "ts": "1496580444.768329"
    },
    {
        "type": "message",
        "user": "U5HP43Y5R",
        "text": "my results is at:  googledrive\/forest-developer\/results\nsorry that it is unoriganised though",
        "ts": "1496581967.841262"
    },
    {
        "user": "U5MP47F3J",
        "text": "<@U5MP47F3J|sh1ng> has joined the channel",
        "type": "message",
        "subtype": "channel_join",
        "ts": "1496600532.899099"
    },
    {
        "type": "message",
        "user": "U5M5E9DHN",
        "text": "Got ya. Thanks!",
        "ts": "1496603041.044056"
    },
    {
        "type": "message",
        "user": "U5N9TCXEX",
        "text": "<@U5HP43Y5R> thx for your code and sharing knowledge! I wanted to ask you about using pre-trained networks on Imagenet. Do you at first train only last FC layer and then fine-tune the whole network?",
        "ts": "1496610988.490868"
    },
    {
        "type": "message",
        "user": "U5HP43Y5R",
        "text": "I finetune all but it may not be the best method. Would be nice if someone do some experiments to compare different fintune method",
        "ts": "1496628116.602126"
    },
    {
        "type": "message",
        "user": "U5N8BFCA1",
        "text": "<@U5HP43Y5R> could you please share the changes to kgforest and tool regarding float32-&gt;int8?",
        "ts": "1496629645.748176"
    },
    {
        "type": "message",
        "user": "U5HP43Y5R",
        "text": "i didn't make the tool yet",
        "edited": {
            "user": "U5HP43Y5R",
            "ts": "1496631010.000000"
        },
        "ts": "1496630208.799645"
    },
    {
        "type": "message",
        "user": "U5HP43Y5R",
        "text": "by this slide documents how to do it",
        "ts": "1496630224.800962"
    },
    {
        "type": "message",
        "user": "U5HP43Y5R",
        "text": "<https:\/\/slack-files.com\/T5HSQH1A8-F5JGDME2U-cd384e05d1>",
        "attachments": [
            {
                "service_name": "Slack",
                "title": "Image uploaded from iOS",
                "title_link": "https:\/\/slack-files.com\/T5HSQH1A8-F5JGDME2U-cd384e05d1",
                "text": "Public file shared from <https:\/\/slack.com\/>",
                "fallback": "Slack: Image uploaded from iOS",
                "image_url": "https:\/\/files.slack.com\/files-pri\/T5HSQH1A8-F5JGDME2U\/image_uploaded_from_ios.jpg?pub_secret=cd384e05d1",
                "image_width": 333,
                "image_height": 250,
                "from_url": "https:\/\/slack-files.com\/T5HSQH1A8-F5JGDME2U-cd384e05d1",
                "image_bytes": 7088349,
                "service_icon": "https:\/\/a.slack-edge.com\/66f9\/img\/icons\/ios-152.png",
                "id": 1
            }
        ],
        "ts": "1496630228.801270"
    },
    {
        "type": "message",
        "user": "U5HP43Y5R",
        "text": "Article\nClassification and Segmentation of Satellite\nOrthoimagery Using Convolutional Neural Networks\nMartin Längkvist *, Andrey Kiselev, Marjan Alirezaie and Amy Loutfi",
        "ts": "1496640559.748579"
    },
    {
        "type": "message",
        "user": "U5HP43Y5R",
        "text": "<https:\/\/github.com\/SpaceNetChallenge\/BuildingDetectors\/tree\/master\/qinhaifang>",
        "attachments": [
            {
                "service_name": "GitHub",
                "title": "SpaceNetChallenge\/BuildingDetectors",
                "title_link": "https:\/\/github.com\/SpaceNetChallenge\/BuildingDetectors\/tree\/master\/qinhaifang",
                "text": "BuildingDetectors - Winning building footprint detector implementations from the SpaceNet challenges.",
                "fallback": "GitHub: SpaceNetChallenge\/BuildingDetectors",
                "from_url": "https:\/\/github.com\/SpaceNetChallenge\/BuildingDetectors\/tree\/master\/qinhaifang",
                "thumb_url": "https:\/\/avatars3.githubusercontent.com\/u\/20795818?v=3&s=400",
                "thumb_width": 56,
                "thumb_height": 56,
                "service_icon": "https:\/\/a.slack-edge.com\/bfaba\/img\/unfurl_icons\/github.png",
                "id": 1
            }
        ],
        "ts": "1496640754.767946"
    },
    {
        "type": "message",
        "user": "U5HP43Y5R",
        "text": "<https:\/\/github.com\/nshaud\/DeepNetsForEO>",
        "attachments": [
            {
                "service_name": "GitHub",
                "title": "nshaud\/DeepNetsForEO",
                "title_link": "https:\/\/github.com\/nshaud\/DeepNetsForEO",
                "text": "DeepNetsForEO - Deep networks for Earth Observation",
                "fallback": "GitHub: nshaud\/DeepNetsForEO",
                "from_url": "https:\/\/github.com\/nshaud\/DeepNetsForEO",
                "thumb_url": "https:\/\/avatars3.githubusercontent.com\/u\/2974890?v=3&s=400",
                "thumb_width": 170,
                "thumb_height": 170,
                "service_icon": "https:\/\/a.slack-edge.com\/bfaba\/img\/unfurl_icons\/github.png",
                "id": 1
            }
        ],
        "ts": "1496640794.771561"
    },
    {
        "type": "message",
        "user": "U5HP43Y5R",
        "text": "<https:\/\/www.kaggle.com\/drn01z3\/discussion>",
        "ts": "1496641140.805165"
    },
    {
        "type": "message",
        "user": "U5HP43Y5R",
        "text": "<https:\/\/www.youtube.com\/watch?v=rpp7ZhGb1IQ>",
        "attachments": [
            {
                "service_name": "YouTube",
                "service_url": "https:\/\/www.youtube.com\/",
                "title": "DSTL Competition. Examples of automatic neural net segmentation",
                "title_link": "https:\/\/www.youtube.com\/watch?v=rpp7ZhGb1IQ",
                "author_name": "DataScience",
                "author_link": "https:\/\/www.youtube.com\/channel\/UC-mYKDraYJqHFqVT6aEO2rA",
                "thumb_url": "https:\/\/i.ytimg.com\/vi\/rpp7ZhGb1IQ\/hqdefault.jpg",
                "thumb_width": 480,
                "thumb_height": 360,
                "fallback": "YouTube Video: DSTL Competition. Examples of automatic neural net segmentation",
                "video_html": "<iframe width=\"400\" height=\"225\" src=\"https:\/\/www.youtube.com\/embed\/rpp7ZhGb1IQ?feature=oembed&autoplay=1&iv_load_policy=3\" frameborder=\"0\" allowfullscreen><\/iframe>",
                "video_html_width": 400,
                "video_html_height": 225,
                "from_url": "https:\/\/www.youtube.com\/watch?v=rpp7ZhGb1IQ",
                "service_icon": "https:\/\/a.slack-edge.com\/2089\/img\/unfurl_icons\/youtube.png",
                "id": 1
            }
        ],
        "ts": "1496641150.805949"
    },
    {
        "type": "message",
        "user": "U5HP43Y5R",
        "text": "most pretrain model is based on imagenet (1 million images)",
        "ts": "1496641421.833056"
    },
    {
        "type": "message",
        "user": "U5HP43Y5R",
        "text": "here is inception v3 based on open images (9 million)",
        "ts": "1496641439.834718"
    },
    {
        "type": "message",
        "user": "U5HP43Y5R",
        "text": "9 million",
        "ts": "1496641440.834803"
    },
    {
        "type": "message",
        "user": "U5HP43Y5R",
        "text": "<https:\/\/github.com\/openimages\/dataset>",
        "attachments": [
            {
                "service_name": "GitHub",
                "title": "openimages\/dataset",
                "title_link": "https:\/\/github.com\/openimages\/dataset",
                "text": "The Open Images dataset",
                "fallback": "GitHub: openimages\/dataset",
                "from_url": "https:\/\/github.com\/openimages\/dataset",
                "thumb_url": "https:\/\/avatars1.githubusercontent.com\/u\/21206473?v=3&s=400",
                "thumb_width": 250,
                "thumb_height": 250,
                "service_icon": "https:\/\/a.slack-edge.com\/bfaba\/img\/unfurl_icons\/github.png",
                "id": 1
            }
        ],
        "ts": "1496641448.835513"
    },
    {
        "type": "message",
        "user": "U5HP43Y5R",
        "text": "<https:\/\/github.com\/openimages\/dataset\/wiki\/Running-a-pretrained-classifier>",
        "attachments": [
            {
                "service_name": "GitHub",
                "title": "openimages\/dataset",
                "title_link": "https:\/\/github.com\/openimages\/dataset\/wiki\/Running-a-pretrained-classifier",
                "text": "The Open Images dataset",
                "fallback": "GitHub: openimages\/dataset",
                "from_url": "https:\/\/github.com\/openimages\/dataset\/wiki\/Running-a-pretrained-classifier",
                "thumb_url": "https:\/\/avatars1.githubusercontent.com\/u\/21206473?v=3&s=400",
                "thumb_width": 250,
                "thumb_height": 250,
                "service_icon": "https:\/\/a.slack-edge.com\/bfaba\/img\/unfurl_icons\/github.png",
                "id": 1
            }
        ],
        "ts": "1496641491.839514"
    },
    {
        "type": "message",
        "user": "U5HP43Y5R",
        "text": "need a converter from tf to pytorch",
        "ts": "1496641506.840950"
    },
    {
        "type": "message",
        "user": "U5HP43Y5R",
        "text": "<https:\/\/github.com\/Cadene\/tensorflow-model-zoo.torch\/blob\/master\/README.md>",
        "attachments": [
            {
                "service_name": "GitHub",
                "title": "Cadene\/tensorflow-model-zoo.torch",
                "title_link": "https:\/\/github.com\/Cadene\/tensorflow-model-zoo.torch\/blob\/master\/README.md",
                "text": "tensorflow-model-zoo.torch - InceptionV3, InceptionV4, Inception-Resnet pretrained models for Torch7 and PyTorch",
                "fallback": "GitHub: Cadene\/tensorflow-model-zoo.torch",
                "from_url": "https:\/\/github.com\/Cadene\/tensorflow-model-zoo.torch\/blob\/master\/README.md",
                "thumb_url": "https:\/\/avatars0.githubusercontent.com\/u\/4681518?v=3&s=400",
                "thumb_width": 250,
                "thumb_height": 250,
                "service_icon": "https:\/\/a.slack-edge.com\/bfaba\/img\/unfurl_icons\/github.png",
                "id": 1
            }
        ],
        "ts": "1496641973.889469"
    },
    {
        "type": "message",
        "user": "U5L4Y93HC",
        "text": "I have a Pytorch question: When do you use add_module() ?",
        "ts": "1496645748.343776"
    },
    {
        "type": "message",
        "user": "U5HP43Y5R",
        "text": "I think for module list?",
        "ts": "1496645788.349007"
    }
]