[
    {
        "user": "U5LDG28HL",
        "text": "<@U5LDG28HL|donasaur> has joined the channel",
        "type": "message",
        "subtype": "channel_join",
        "ts": "1496129697.372249"
    },
    {
        "user": "U5KNT5PFF",
        "text": "<@U5KNT5PFF|sshuair> has joined the channel",
        "type": "message",
        "subtype": "channel_join",
        "ts": "1496133734.312034"
    },
    {
        "type": "message",
        "subtype": "file_share",
        "text": "<@U5JUR607L|felipesb> uploaded a file: <https:\/\/share-kaggle-forest.slack.com\/files\/felipesb\/F5LLZ71AA\/results.ods|Results.ods>",
        "file": {
            "id": "F5LLZ71AA",
            "created": 1496158583,
            "timestamp": 1496158583,
            "name": "Results.ods",
            "title": "Results.ods",
            "mimetype": "application\/zip",
            "filetype": "zip",
            "pretty_type": "Zip",
            "user": "U5JUR607L",
            "editable": false,
            "size": 11704,
            "mode": "hosted",
            "is_external": false,
            "external_type": "",
            "is_public": true,
            "public_url_shared": false,
            "display_as_bot": false,
            "username": "",
            "url_private": "https:\/\/files.slack.com\/files-pri\/T5HSQH1A8-F5LLZ71AA\/results.ods?t=xoxe-187908579348-196951736772-196902393266-9bbe2c757c",
            "url_private_download": "https:\/\/files.slack.com\/files-pri\/T5HSQH1A8-F5LLZ71AA\/download\/results.ods?t=xoxe-187908579348-196951736772-196902393266-9bbe2c757c",
            "permalink": "https:\/\/share-kaggle-forest.slack.com\/files\/felipesb\/F5LLZ71AA\/results.ods",
            "permalink_public": "https:\/\/slack-files.com\/T5HSQH1A8-F5LLZ71AA-2c8833294b",
            "channels": [
                "C5HU2FQJ1"
            ],
            "groups": [],
            "ims": [],
            "comments_count": 0
        },
        "user": "U5JUR607L",
        "upload": true,
        "display_as_bot": false,
        "username": "felipesb",
        "bot_id": null,
        "ts": "1496158583.633893"
    },
    {
        "type": "message",
        "user": "U5JUR607L",
        "text": "Do you have any code for loading tiff images ?",
        "ts": "1496158772.711548"
    },
    {
        "type": "message",
        "user": "U5KM798UF",
        "text": "<@U5JUR607L> you should be able to edit my sheets doc now.",
        "ts": "1496158904.766121"
    },
    {
        "type": "message",
        "user": "U5JUR607L",
        "text": "thanks",
        "ts": "1496159211.893130"
    }
]