[
    {
        "user": "U5L4Y93HC",
        "text": "<@U5L4Y93HC|timjoseph> has joined the channel",
        "type": "message",
        "subtype": "channel_join",
        "ts": "1496059591.374824"
    },
    {
        "type": "message",
        "user": "U5JUR607L",
        "text": "<@U5HP43Y5R> what net to modify? \nPynet or resnet",
        "ts": "1496064538.378010"
    },
    {
        "type": "message",
        "user": "U5JUR607L",
        "text": "?",
        "ts": "1496064540.378364"
    },
    {
        "type": "message",
        "user": "U5HP43Y5R",
        "text": "Resnet densenet etc",
        "ts": "1496064565.383670"
    },
    {
        "type": "message",
        "user": "U5HP43Y5R",
        "text": "Those comes with pytorch",
        "ts": "1496064575.385819"
    },
    {
        "type": "message",
        "user": "U5JUR607L",
        "text": "Well the network worked put of the box for me. Did you notice any improvements using AdaptiveAvghPoll?",
        "ts": "1496065522.589442"
    },
    {
        "type": "message",
        "user": "U5HP43Y5R",
        "text": "If you are using 256x256 the last feature map before pooling is 8x8",
        "ts": "1496066116.719993"
    },
    {
        "type": "message",
        "user": "U5HP43Y5R",
        "text": "Not 7x7",
        "ts": "1496066129.722847"
    },
    {
        "type": "message",
        "user": "U5HP43Y5R",
        "text": "Some slight improvement ",
        "ts": "1496066137.724372"
    },
    {
        "user": "U5LAKPQ4W",
        "text": "<@U5LAKPQ4W|totallyrad> has joined the channel",
        "type": "message",
        "subtype": "channel_join",
        "ts": "1496100991.325470"
    },
    {
        "type": "message",
        "user": "U5HP43Y5R",
        "text": "<https:\/\/arxiv.org\/pdf\/1705.09914.pdf>",
        "ts": "1496115268.619898"
    },
    {
        "user": "U5KFMBURH",
        "text": "<@U5KFMBURH|sagar> has joined the channel",
        "type": "message",
        "subtype": "channel_join",
        "ts": "1496117313.812086"
    },
    {
        "type": "message",
        "user": "U5HP43Y5R",
        "text": "i need some one to do this experiment: resnet18 jpg, tif, tif+jpg (7 channel), aligned_tif+jpg, aligned_tif. if you want to do, let me know!",
        "ts": "1496118818.954703"
    },
    {
        "type": "message",
        "user": "U5HP43Y5R",
        "text": "i will provide some code for this experiment to share",
        "ts": "1496118852.957826"
    },
    {
        "type": "message",
        "user": "U5HP43Y5R",
        "text": "note that all code and results will be open to all kagglers",
        "edited": {
            "user": "U5HP43Y5R",
            "ts": "1496119112.000000"
        },
        "ts": "1496119090.979168"
    },
    {
        "type": "message",
        "user": "U5KM798UF",
        "text": "I haven't had time yet to rewrite it to load the testing data in batches. If you've done that, I'll run it tonight, otherwise I can't run it yet. ",
        "ts": "1496119156.985165"
    },
    {
        "type": "message",
        "user": "U5HP43Y5R",
        "text": "i will you some code end of today",
        "ts": "1496119228.992079"
    },
    {
        "type": "message",
        "user": "U5HP43Y5R",
        "text": "a quick fit is",
        "ts": "1496119240.993208"
    },
    {
        "type": "message",
        "user": "U5KM798UF",
        "text": "Ok cool. I'll run it once you post it ",
        "ts": "1496119292.997863"
    },
    {
        "type": "message",
        "user": "U5HP43Y5R",
        "text": "remove this line from __init__",
        "ts": "1496119322.000703"
    },
    {
        "type": "message",
        "user": "U5HP43Y5R",
        "text": "image_jpg = cv2.imread(jpg_file,1)",
        "edited": {
            "user": "U5HP43Y5R",
            "ts": "1496119389.000000"
        },
        "ts": "1496119323.000823"
    },
    {
        "type": "message",
        "user": "U5HP43Y5R",
        "text": "and put to __getitem__",
        "ts": "1496119339.002314"
    },
    {
        "type": "message",
        "user": "U5KM798UF",
        "text": "resnet18 jpg is training :+1:",
        "ts": "1496126101.752597"
    },
    {
        "type": "message",
        "user": "U5KM798UF",
        "text": "<@U5HP43Y5R> Do you mind if I change the standard.xlsx results file to a google sheets document? It's much easier for everyone to work with that way",
        "ts": "1496126248.773447"
    },
    {
        "type": "message",
        "user": "U5HP43Y5R",
        "text": "it is ok",
        "ts": "1496126263.775415"
    },
    {
        "type": "message",
        "user": "U5HP43Y5R",
        "text": "you can have your own format (e.g. how the results is tabulated)",
        "ts": "1496126304.781416"
    },
    {
        "type": "message",
        "user": "U5KM798UF",
        "text": "New document is created. Small modifications from yours",
        "ts": "1496127425.952529"
    },
    {
        "type": "message",
        "user": "U5HP43Y5R",
        "text": "ok thanks!",
        "ts": "1496127437.954432"
    },
    {
        "type": "message",
        "user": "U5KM798UF",
        "text": "No problem. I'm going to bed now, should have results when I wake up!",
        "ts": "1496127469.959516"
    },
    {
        "type": "message",
        "user": "U5HP43Y5R",
        "text": "have a good dream!",
        "ts": "1496127482.961542"
    }
]