[
    {
        "type": "message",
        "user": "U5HP43Y5R",
        "text": "some smart way required to use the  tif information",
        "ts": "1497164407.682688"
    },
    {
        "type": "message",
        "user": "U5HP43Y5R",
        "text": "but",
        "ts": "1497164408.682798"
    },
    {
        "type": "message",
        "user": "U5HP43Y5R",
        "text": "there is one class that will improve, the artisainal mine",
        "ts": "1497164440.684502"
    },
    {
        "type": "message",
        "user": "U5HP43Y5R",
        "text": "you can plot the precision and recall curve,. you can see ny compare_tif.pptx",
        "edited": {
            "user": "U5HP43Y5R",
            "ts": "1497164473.000000"
        },
        "ts": "1497164462.685308"
    },
    {
        "type": "message",
        "user": "U5HP43Y5R",
        "text": "<https:\/\/www.slideshare.net\/mobile\/DariusBaruauskas\/tips-and-tricks-to-win-kaggle-data-science-competitions>",
        "attachments": [
            {
                "title": "Tips and tricks to win kaggle data science competitions",
                "title_link": "https:\/\/www.slideshare.net\/mobile\/DariusBaruauskas\/tips-and-tricks-to-win-kaggle-data-science-competitions",
                "text": "Slides with some useful tips and tricks how to win data science competitions in kaggle. I hope someone finds this useful or inspirational.",
                "fallback": "Tips and tricks to win kaggle data science competitions",
                "thumb_url": "https:\/\/cdn.slidesharecdn.com\/ss_thumbnails\/kaggleraddarslides2017-02-06-170307165813-thumbnail-4.jpg?cb=1488906029",
                "from_url": "https:\/\/www.slideshare.net\/mobile\/DariusBaruauskas\/tips-and-tricks-to-win-kaggle-data-science-competitions",
                "thumb_width": 768,
                "thumb_height": 432,
                "service_icon": "https:\/\/public.slidesharecdn.com\/b\/favicon.ico?d8e2a4ed15",
                "service_name": "slideshare.net",
                "id": 1
            }
        ],
        "ts": "1497179154.237874"
    },
    {
        "type": "message",
        "user": "U5HP43Y5R",
        "text": "<https:\/\/www.planet.com\/pulse\/python-client-now-supports-planet-api\/>",
        "ts": "1497181104.317595"
    },
    {
        "user": "U5S0JDE3W",
        "text": "<@U5S0JDE3W|tereka114> has joined the channel",
        "type": "message",
        "subtype": "channel_join",
        "ts": "1497190792.763558"
    },
    {
        "type": "message",
        "user": "U5N8BFCA1",
        "text": "<@U5RT67YVA> I would think that it would definitely add more information into the model. However, how would you set that up at test time?",
        "ts": "1497236566.706302"
    },
    {
        "type": "message",
        "user": "U5N8BFCA1",
        "text": "<@U5HP43Y5R> I would like to try to make an ensemble of my results for the first time. Should I take the top-k (say 15) submissions I had? Would a majority vote be going through each test case and having the majority vote of a label be if it is there or not? Is ensembling really that easy?",
        "ts": "1497236855.732369"
    },
    {
        "type": "message",
        "user": "U5HP43Y5R",
        "text": "def do_submission_by_voting():\n    #out_dir ='\/root\/share\/project\/pytorch\/results\/kaggle-forest\/inception_v3-pretrain-40479-jpg-1'\n    out_dir ='\/root\/share\/project\/pytorch\/results\/kaggle-forest\/fusenet-xxx'\n    test_dir = out_dir +'\/submissions\/ensemble01'\n    os.makedirs(test_dir, exist_ok=True)\n\n\n    ## ------------\n    log = Logger()\n    log.open(out_dir+'\/log.submission.txt',mode='a')\n    log.write('\\n--- [START %s] %s\\n\\n' % (datetime.now().strftime('%Y-%m-%d %H:%M:%S'), '-' * 64))\n    log.write('\\n')\n\n\n    csv_files = [\n        # '\/root\/share\/project\/pytorch\/results\/kaggle-forest\/__old_2__\/pynet-18a-jpg\/submissions\/average2\/results-0.92713.csv',\n        # #'\/root\/share\/project\/pytorch\/results\/kaggle-forest\/resnet50-256-jpg-1\/submissions\/average\/results-0.92771.csv',\n        # '\/root\/share\/project\/pytorch\/results\/kaggle-forest\/resnet34-256-jpg-1\/submissions\/average\/results-0.92854.csv',\n        # '\/root\/share\/project\/pytorch\/results\/kaggle-forest\/resnet18-256-jpg-1\/submissions\/average\/results-0.92813.csv',\n        # '\/root\/share\/project\/pytorch\/results\/kaggle-forest\/resnet34-40479-256-jpg-fixed-0\/submissions\/average\/results-0.92829.csv',\n        # '\/root\/share\/project\/pytorch\/results\/kaggle-forest\/resnet34-40479-256-jpg-mix-pool-0\/submissions\/average\/results-0.92858.csv',\n        # '\/root\/share\/project\/pytorch\/results\/kaggle-forest\/densenet121-40479-jpg-0\/submissions\/average\/results-0.92670.csv',\n        # '\/root\/share\/project\/pytorch\/results\/kaggle-forest\/densenet121-256-jpg-1\/submissions\/average\/results-0.92759.csv',\n        #\n        # '\/root\/share\/project\/pytorch\/results\/kaggle-forest\/resnet34-pretrain-40479-jpg-0\/submissions\/average\/results-0.93015.csv',\n        # '\/root\/share\/project\/pytorch\/results\/kaggle-forest\/resnet50-pretrain-40479-jpg-1\/submissions\/average\/results-0.92998.csv',\n        # #'\/root\/share\/project\/pytorch\/results\/kaggle-forest\/densenet121-pretrain-40479-jpg-0\/submissions0\/average\/results-0.92913.csv',\n        # '\/root\/share\/project\/pytorch\/results\/kaggle-forest\/densenet121-pretrain-40479-jpg-0\/submissions\/average\/results-0.9299.csv',\n        # #'\/root\/share\/project\/pytorch\/results\/kaggle-forest\/inception_v3-pretrain-40479-jpg-1\/submissions\/average\/results-0.92987.csv',\n        # '\/root\/share\/project\/pytorch\/results\/kaggle-forest\/inception_v3-pretrain-40479-jpg-1\/submissions0\/average\/results-0.92952.csv',\n\n        '\/root\/share\/project\/pytorch\/results\/kaggle-forest\/fusenet-xxx\/submissions\/average\/results-0.92357.csv',\n        #'\/root\/share\/project\/pytorch\/results\/kaggle-forest\/fusenet-xxx1\/submissions\/average\/results-0.92426.csv',\n        #'\/root\/share\/project\/pytorch\/results\/kaggle-forest\/fusenet-xxx2\/submissions\/average',  #,[17]\n        '\/root\/share\/project\/pytorch\/results\/kaggle-forest\/fusenet-xxx3\/submissions\/average\/results-0.92388.csv',  #,[18]\n\n   ]\n\n    # majority vote  -----------\n    class_names = CLASS_NAMES\n    num_classes = len(class_names)\n\n    num=len(csv_files)\n    for n in range(0,num):\n        df = pd.read_csv(csv_files[n])\n        for c in class_names:\n            df[c] = df['tags'].apply(lambda x: 1 if c in x.split(' ') else 0)\n\n        if n ==0:\n            names  = df.iloc[:,0].values\n            N = df.shape[0]\n            predictions = np.zeros((N,num_classes),dtype=np.float32)\n\n        l = df.iloc[:,2:].values.astype(np.float32)\n        predictions = predictions+l\n\n    predictions = predictions\/num + 0.00001\n    threshold=0.5  #try other values, etc\n    # -------------------\n\n\n\n    write_submission_csv(test_dir + '\/results.csv', predictions, threshold=threshold )\n    np.save(test_dir +'\/predictions.npy',predictions)\n\n    with open(test_dir +'\/csv_files.txt', 'w') as f:\n        for file in csv_files:\n            f.write('%s\\n'%file)",
        "ts": "1497237788.813067"
    },
    {
        "type": "message",
        "user": "U5N8BFCA1",
        "text": "awesome thanks :smiley: I almost just banged out my own. have you tried any other ensembling approaches?",
        "ts": "1497238241.850214"
    },
    {
        "type": "message",
        "user": "U5HP43Y5R",
        "text": "if you submit  a cvs file with single same  prediction of one class, youwill know the leader board test distribution for public and private",
        "ts": "1497238966.918354"
    },
    {
        "type": "message",
        "user": "U5HP43Y5R",
        "text": "<http:\/\/blog.kaggle.com\/2017\/05\/09\/dstl-satellite-imagery-competition-3rd-place-winners-interview-vladimir-sergey\/>",
        "attachments": [
            {
                "service_name": "No Free Hunch",
                "title": "Dstl Satellite Imagery Competition, 3rd Place Winners' Interview: Vladimir &amp; Sergey",
                "title_link": "http:\/\/blog.kaggle.com\/2017\/05\/09\/dstl-satellite-imagery-competition-3rd-place-winners-interview-vladimir-sergey\/",
                "text": "In their satellite imagery competition, the Defence Science and Technology Laboratory (Dstl) challenged Kagglers to apply novel techniques to “train an eye in the sky”. From December 20…",
                "fallback": "No Free Hunch: Dstl Satellite Imagery Competition, 3rd Place Winners' Interview: Vladimir &amp; Sergey",
                "thumb_url": "http:\/\/5047-presscdn.pagely.netdna-cdn.com\/wp-content\/uploads\/2017\/05\/blog_dstl_kaggle_competition.png",
                "ts": 1494348094,
                "from_url": "http:\/\/blog.kaggle.com\/2017\/05\/09\/dstl-satellite-imagery-competition-3rd-place-winners-interview-vladimir-sergey\/",
                "thumb_width": 1000,
                "thumb_height": 280,
                "id": 1
            }
        ],
        "ts": "1497239024.923573"
    },
    {
        "type": "message",
        "subtype": "file_share",
        "text": "<@U5HP43Y5R|hengcherkeng235> uploaded a file: <https:\/\/share-kaggle-forest.slack.com\/files\/hengcherkeng235\/F5S04MQQK\/image.png|image.png>",
        "file": {
            "id": "F5S04MQQK",
            "created": 1497239051,
            "timestamp": 1497239051,
            "name": "image.png",
            "title": "image.png",
            "mimetype": "image\/png",
            "filetype": "png",
            "pretty_type": "PNG",
            "user": "U5HP43Y5R",
            "editable": false,
            "size": 39656,
            "mode": "hosted",
            "is_external": false,
            "external_type": "",
            "is_public": true,
            "public_url_shared": false,
            "display_as_bot": false,
            "username": "",
            "url_private": "https:\/\/files.slack.com\/files-pri\/T5HSQH1A8-F5S04MQQK\/image.png?t=xoxe-187908579348-196951736772-196902393266-9bbe2c757c",
            "url_private_download": "https:\/\/files.slack.com\/files-pri\/T5HSQH1A8-F5S04MQQK\/download\/image.png?t=xoxe-187908579348-196951736772-196902393266-9bbe2c757c",
            "thumb_64": "https:\/\/files.slack.com\/files-tmb\/T5HSQH1A8-F5S04MQQK-578e62409b\/image_64.png?t=xoxe-187908579348-196951736772-196902393266-9bbe2c757c",
            "thumb_80": "https:\/\/files.slack.com\/files-tmb\/T5HSQH1A8-F5S04MQQK-578e62409b\/image_80.png?t=xoxe-187908579348-196951736772-196902393266-9bbe2c757c",
            "thumb_360": "https:\/\/files.slack.com\/files-tmb\/T5HSQH1A8-F5S04MQQK-578e62409b\/image_360.png?t=xoxe-187908579348-196951736772-196902393266-9bbe2c757c",
            "thumb_360_w": 360,
            "thumb_360_h": 195,
            "thumb_480": "https:\/\/files.slack.com\/files-tmb\/T5HSQH1A8-F5S04MQQK-578e62409b\/image_480.png?t=xoxe-187908579348-196951736772-196902393266-9bbe2c757c",
            "thumb_480_w": 480,
            "thumb_480_h": 261,
            "thumb_160": "https:\/\/files.slack.com\/files-tmb\/T5HSQH1A8-F5S04MQQK-578e62409b\/image_160.png?t=xoxe-187908579348-196951736772-196902393266-9bbe2c757c",
            "thumb_720": "https:\/\/files.slack.com\/files-tmb\/T5HSQH1A8-F5S04MQQK-578e62409b\/image_720.png?t=xoxe-187908579348-196951736772-196902393266-9bbe2c757c",
            "thumb_720_w": 720,
            "thumb_720_h": 391,
            "image_exif_rotation": 1,
            "original_w": 735,
            "original_h": 399,
            "permalink": "https:\/\/share-kaggle-forest.slack.com\/files\/hengcherkeng235\/F5S04MQQK\/image.png",
            "permalink_public": "https:\/\/slack-files.com\/T5HSQH1A8-F5S04MQQK-be82853624",
            "channels": [
                "C5HU2FQJ1"
            ],
            "groups": [],
            "ims": [],
            "comments_count": 0
        },
        "user": "U5HP43Y5R",
        "upload": true,
        "display_as_bot": false,
        "username": "hengcherkeng235",
        "bot_id": null,
        "ts": "1497239053.926120"
    },
    {
        "user": "U5SSJDYAK",
        "text": "<@U5SSJDYAK|andrewlamb> has joined the channel",
        "type": "message",
        "subtype": "channel_join",
        "ts": "1497239119.932044"
    },
    {
        "type": "message",
        "user": "U5HP43Y5R",
        "text": "this can be useful for training single class classifier and submitting results for one class only",
        "ts": "1497239224.942373"
    },
    {
        "user": "U5RC4GSBA",
        "text": "<@U5RC4GSBA|littleboat> has joined the channel",
        "type": "message",
        "subtype": "channel_join",
        "ts": "1497239608.976139"
    },
    {
        "type": "message",
        "user": "U5N8BFCA1",
        "text": "I couldn't find CLASS_NAMES in the repo",
        "ts": "1497239779.991669"
    },
    {
        "type": "message",
        "user": "U5N8BFCA1",
        "text": "is there any order to the list?",
        "ts": "1497239786.992344"
    },
    {
        "type": "message",
        "user": "U5N8BFCA1",
        "text": "I guess not",
        "ts": "1497239818.995567"
    },
    {
        "type": "message",
        "user": "U5N8BFCA1",
        "text": "for c in class_names:$\n            df[c] = df['tags'].apply(lambda x: 1 if c in x.split(' ') else 0)$",
        "ts": "1497239826.996391"
    },
    {
        "type": "message",
        "user": "U5HP43Y5R",
        "text": "any order is ok",
        "ts": "1497239862.999914"
    },
    {
        "type": "message",
        "user": "U5HP43Y5R",
        "text": "you can use your name",
        "ts": "1497239874.001048"
    },
    {
        "type": "message",
        "user": "U5N8BFCA1",
        "text": "will do thanks again and will read the blog post after I fix this",
        "ts": "1497239896.003046"
    },
    {
        "type": "message",
        "user": "U5N8BFCA1",
        "text": "wow thanks that gave me a .0011 boost",
        "ts": "1497246132.561965"
    },
    {
        "user": "U5ST4D6DV",
        "text": "<@U5ST4D6DV|jan> has joined the channel",
        "type": "message",
        "subtype": "channel_join",
        "ts": "1497246254.573207"
    },
    {
        "type": "message",
        "user": "U5N8BFCA1",
        "text": "<@U5HP43Y5R> \"This lead us to a conclusion that training a separate model per class will work much better than a one model that predicts all classes at a time. \" I knew it! Great job, now how to do it (Im waiting to get my desktop back, wasnt posting). Are you looking into this?",
        "ts": "1497249457.924678"
    }
]