[
    {
        "user": "U5KM798UF",
        "text": "<@U5KM798UF|matt.potma> has joined the channel",
        "type": "message",
        "subtype": "channel_join",
        "ts": "1495856469.007115"
    },
    {
        "type": "message",
        "user": "U5KM798UF",
        "text": "I'm surprised there's only two of us so far! I ran your model, ended up with a 0.926 (also accidentally submitted your 0.927 as well). The model didn't overfit as far as I can tell, so I'm training it a second time with lower learning rate right now. I'll start working with it tonight and see what I can do. ",
        "ts": "1495856650.015214"
    },
    {
        "type": "message",
        "user": "U5HP43Y5R",
        "text": "Thanks",
        "ts": "1495856835.023187"
    },
    {
        "type": "message",
        "user": "U5HP43Y5R",
        "text": "I suggest you do k fold experiments ",
        "ts": "1495856853.023894"
    },
    {
        "type": "message",
        "user": "U5HP43Y5R",
        "text": "Use different a split of  train and validation ",
        "ts": "1495856885.025079"
    },
    {
        "type": "message",
        "user": "U5HP43Y5R",
        "text": "Then you can try ensembling of results",
        "ts": "1495856918.026490"
    },
    {
        "type": "message",
        "user": "U5HP43Y5R",
        "text": "The potential of cnn on jpg is about 0.93",
        "ts": "1495857020.030573"
    },
    {
        "type": "message",
        "user": "U5KM798UF",
        "text": "Sure, I'll take a look at that. I was already planning on creating a train\/Val split anyway. ",
        "ts": "1495862960.292335"
    },
    {
        "type": "message",
        "user": "U5HP43Y5R",
        "text": "if you are interested in learning rate, check this paper: Cyclical Learning Rates for Training Neural Networks",
        "ts": "1495863004.294067"
    },
    {
        "type": "message",
        "user": "U5KM798UF",
        "text": "I also want to try a tree based statistical model. Maybe that can get us another 0.001 or so",
        "ts": "1495863017.294731"
    },
    {
        "type": "message",
        "user": "U5HP43Y5R",
        "text": "tree base model should be done like this:",
        "ts": "1495863051.296089"
    },
    {
        "type": "message",
        "user": "U5KM798UF",
        "text": "Oh cool. I've always has good luck with cyclical learning rate changes. Didn't realize that was a thing. ",
        "ts": "1495863056.296331"
    },
    {
        "type": "message",
        "user": "U5HP43Y5R",
        "text": "<https:\/\/arxiv.org\/abs\/1612.08242>",
        "ts": "1495863105.298301"
    },
    {
        "type": "message",
        "subtype": "file_share",
        "text": "<@U5HP43Y5R|hengcherkeng235> uploaded a file: <https:\/\/share-kaggle-forest.slack.com\/files\/hengcherkeng235\/F5J70TU00\/selection_032.png|Selection_032.png>",
        "file": {
            "id": "F5J70TU00",
            "created": 1495863210,
            "timestamp": 1495863210,
            "name": "Selection_032.png",
            "title": "Selection_032.png",
            "mimetype": "image\/png",
            "filetype": "png",
            "pretty_type": "PNG",
            "user": "U5HP43Y5R",
            "editable": false,
            "size": 89103,
            "mode": "hosted",
            "is_external": false,
            "external_type": "",
            "is_public": true,
            "public_url_shared": false,
            "display_as_bot": false,
            "username": "",
            "url_private": "https:\/\/files.slack.com\/files-pri\/T5HSQH1A8-F5J70TU00\/selection_032.png?t=xoxe-187908579348-196951736772-196902393266-9bbe2c757c",
            "url_private_download": "https:\/\/files.slack.com\/files-pri\/T5HSQH1A8-F5J70TU00\/download\/selection_032.png?t=xoxe-187908579348-196951736772-196902393266-9bbe2c757c",
            "thumb_64": "https:\/\/files.slack.com\/files-tmb\/T5HSQH1A8-F5J70TU00-3cdaf642e1\/selection_032_64.png?t=xoxe-187908579348-196951736772-196902393266-9bbe2c757c",
            "thumb_80": "https:\/\/files.slack.com\/files-tmb\/T5HSQH1A8-F5J70TU00-3cdaf642e1\/selection_032_80.png?t=xoxe-187908579348-196951736772-196902393266-9bbe2c757c",
            "thumb_360": "https:\/\/files.slack.com\/files-tmb\/T5HSQH1A8-F5J70TU00-3cdaf642e1\/selection_032_360.png?t=xoxe-187908579348-196951736772-196902393266-9bbe2c757c",
            "thumb_360_w": 360,
            "thumb_360_h": 206,
            "thumb_480": "https:\/\/files.slack.com\/files-tmb\/T5HSQH1A8-F5J70TU00-3cdaf642e1\/selection_032_480.png?t=xoxe-187908579348-196951736772-196902393266-9bbe2c757c",
            "thumb_480_w": 480,
            "thumb_480_h": 275,
            "thumb_160": "https:\/\/files.slack.com\/files-tmb\/T5HSQH1A8-F5J70TU00-3cdaf642e1\/selection_032_160.png?t=xoxe-187908579348-196951736772-196902393266-9bbe2c757c",
            "thumb_720": "https:\/\/files.slack.com\/files-tmb\/T5HSQH1A8-F5J70TU00-3cdaf642e1\/selection_032_720.png?t=xoxe-187908579348-196951736772-196902393266-9bbe2c757c",
            "thumb_720_w": 720,
            "thumb_720_h": 413,
            "thumb_800": "https:\/\/files.slack.com\/files-tmb\/T5HSQH1A8-F5J70TU00-3cdaf642e1\/selection_032_800.png?t=xoxe-187908579348-196951736772-196902393266-9bbe2c757c",
            "thumb_800_w": 800,
            "thumb_800_h": 458,
            "thumb_960": "https:\/\/files.slack.com\/files-tmb\/T5HSQH1A8-F5J70TU00-3cdaf642e1\/selection_032_960.png?t=xoxe-187908579348-196951736772-196902393266-9bbe2c757c",
            "thumb_960_w": 960,
            "thumb_960_h": 550,
            "thumb_1024": "https:\/\/files.slack.com\/files-tmb\/T5HSQH1A8-F5J70TU00-3cdaf642e1\/selection_032_1024.png?t=xoxe-187908579348-196951736772-196902393266-9bbe2c757c",
            "thumb_1024_w": 1024,
            "thumb_1024_h": 587,
            "image_exif_rotation": 1,
            "original_w": 1122,
            "original_h": 643,
            "permalink": "https:\/\/share-kaggle-forest.slack.com\/files\/hengcherkeng235\/F5J70TU00\/selection_032.png",
            "permalink_public": "https:\/\/slack-files.com\/T5HSQH1A8-F5J70TU00-acd9fb54f7",
            "channels": [
                "C5HU2FQJ1"
            ],
            "groups": [],
            "ims": [],
            "comments_count": 0
        },
        "user": "U5HP43Y5R",
        "upload": true,
        "display_as_bot": false,
        "username": "hengcherkeng235",
        "bot_id": null,
        "ts": "1495863212.302818"
    },
    {
        "type": "message",
        "user": "U5KM798UF",
        "text": "Oh, by tree based, I meant xgboost. I hadn't ever thought about multiple CNN models like that. ",
        "ts": "1495863351.308169"
    },
    {
        "type": "message",
        "user": "U5HP43Y5R",
        "text": "oh",
        "ts": "1495863426.311074"
    },
    {
        "type": "message",
        "user": "U5HP43Y5R",
        "text": "then replace all my linear classfiiers with boosted trees",
        "ts": "1495863448.311910"
    },
    {
        "type": "message",
        "user": "U5HP43Y5R",
        "text": "you can take features from conv1d,2d,3d ...conv1u,2u, etc",
        "ts": "1495863468.312647"
    },
    {
        "type": "message",
        "user": "U5HP43Y5R",
        "text": "examples are",
        "ts": "1495863666.320527"
    },
    {
        "type": "message",
        "user": "U5HP43Y5R",
        "text": "<https:\/\/arxiv.org\/pdf\/1603.04525.pdf>",
        "ts": "1495863666.320545"
    },
    {
        "type": "message",
        "user": "U5HP43Y5R",
        "text": "<https:\/\/arxiv.org\/pdf\/1607.07032.pdf>",
        "ts": "1495863679.321017"
    },
    {
        "type": "message",
        "subtype": "file_share",
        "text": "<@U5HP43Y5R|hengcherkeng235> uploaded a file: <https:\/\/share-kaggle-forest.slack.com\/files\/hengcherkeng235\/F5JQHTDV1\/selection_033.png|Selection_033.png>",
        "file": {
            "id": "F5JQHTDV1",
            "created": 1495863711,
            "timestamp": 1495863711,
            "name": "Selection_033.png",
            "title": "Selection_033.png",
            "mimetype": "image\/png",
            "filetype": "png",
            "pretty_type": "PNG",
            "user": "U5HP43Y5R",
            "editable": false,
            "size": 66725,
            "mode": "hosted",
            "is_external": false,
            "external_type": "",
            "is_public": true,
            "public_url_shared": false,
            "display_as_bot": false,
            "username": "",
            "url_private": "https:\/\/files.slack.com\/files-pri\/T5HSQH1A8-F5JQHTDV1\/selection_033.png?t=xoxe-187908579348-196951736772-196902393266-9bbe2c757c",
            "url_private_download": "https:\/\/files.slack.com\/files-pri\/T5HSQH1A8-F5JQHTDV1\/download\/selection_033.png?t=xoxe-187908579348-196951736772-196902393266-9bbe2c757c",
            "thumb_64": "https:\/\/files.slack.com\/files-tmb\/T5HSQH1A8-F5JQHTDV1-fbb8c9c39b\/selection_033_64.png?t=xoxe-187908579348-196951736772-196902393266-9bbe2c757c",
            "thumb_80": "https:\/\/files.slack.com\/files-tmb\/T5HSQH1A8-F5JQHTDV1-fbb8c9c39b\/selection_033_80.png?t=xoxe-187908579348-196951736772-196902393266-9bbe2c757c",
            "thumb_360": "https:\/\/files.slack.com\/files-tmb\/T5HSQH1A8-F5JQHTDV1-fbb8c9c39b\/selection_033_360.png?t=xoxe-187908579348-196951736772-196902393266-9bbe2c757c",
            "thumb_360_w": 360,
            "thumb_360_h": 112,
            "thumb_480": "https:\/\/files.slack.com\/files-tmb\/T5HSQH1A8-F5JQHTDV1-fbb8c9c39b\/selection_033_480.png?t=xoxe-187908579348-196951736772-196902393266-9bbe2c757c",
            "thumb_480_w": 480,
            "thumb_480_h": 150,
            "thumb_160": "https:\/\/files.slack.com\/files-tmb\/T5HSQH1A8-F5JQHTDV1-fbb8c9c39b\/selection_033_160.png?t=xoxe-187908579348-196951736772-196902393266-9bbe2c757c",
            "image_exif_rotation": 1,
            "original_w": 711,
            "original_h": 222,
            "permalink": "https:\/\/share-kaggle-forest.slack.com\/files\/hengcherkeng235\/F5JQHTDV1\/selection_033.png",
            "permalink_public": "https:\/\/slack-files.com\/T5HSQH1A8-F5JQHTDV1-9cb89a1a4a",
            "channels": [
                "C5HU2FQJ1"
            ],
            "groups": [],
            "ims": [],
            "comments_count": 0
        },
        "user": "U5HP43Y5R",
        "upload": true,
        "display_as_bot": false,
        "username": "hengcherkeng235",
        "bot_id": null,
        "ts": "1495863712.322320"
    },
    {
        "type": "message",
        "user": "U5HP43Y5R",
        "text": "<https:\/\/arxiv.org\/pdf\/1704.00109.pdf>",
        "ts": "1495864134.338104"
    },
    {
        "type": "message",
        "user": "U5HP43Y5R",
        "text": "because learning rates cycles, you end up  with models that can be uncorrelated.\ntakeing snapshots and combine them as ensemble",
        "edited": {
            "user": "U5HP43Y5R",
            "ts": "1495864193.000000"
        },
        "ts": "1495864171.339534"
    },
    {
        "type": "message",
        "user": "U5KM798UF",
        "text": "Is kfold validation fundamentally different than ensembling multiple independently seeded models? ",
        "ts": "1495864594.355252"
    },
    {
        "type": "message",
        "user": "U5HP43Y5R",
        "text": "k fold validation is to get real performance of the learning method",
        "ts": "1495864681.358525"
    },
    {
        "type": "message",
        "user": "U5HP43Y5R",
        "text": "ensemble is to improve performance",
        "ts": "1495864702.359461"
    },
    {
        "type": "message",
        "user": "U5HP43Y5R",
        "text": "but",
        "ts": "1495864707.359604"
    },
    {
        "type": "message",
        "user": "U5HP43Y5R",
        "text": "we normaly ensemble k-folded classifiers to improve performance",
        "ts": "1495864742.360924"
    },
    {
        "type": "message",
        "user": "U5KM798UF",
        "text": "Oh ok. I've always averaged all converging kfolds",
        "ts": "1495864746.361057"
    },
    {
        "type": "message",
        "user": "U5HP43Y5R",
        "text": "not nesseary averaged",
        "ts": "1495864766.361715"
    },
    {
        "type": "message",
        "user": "U5HP43Y5R",
        "text": "can be using majority voting",
        "ts": "1495864773.361955"
    },
    {
        "type": "message",
        "user": "U5KM798UF",
        "text": "Ok. I'll probably write an ensembler for average, geometric mean and voting. See how they compare ",
        "ts": "1495864836.365163"
    }
]