[
    {
        "type": "message",
        "user": "U5HP43Y5R",
        "text": "use opencv warp function. try different bordemode. i use reflect",
        "ts": "1497085899.766105"
    },
    {
        "type": "message",
        "subtype": "file_share",
        "text": "<@U5HP43Y5R|hengcherkeng235> uploaded a file: <https:\/\/share-kaggle-forest.slack.com\/files\/hengcherkeng235\/F5RPRT4NN\/image_uploaded_from_ios.jpg|Image uploaded from iOS>",
        "file": {
            "id": "F5RPRT4NN",
            "created": 1497098067,
            "timestamp": 1497098067,
            "name": "Image uploaded from iOS.jpg",
            "title": "Image uploaded from iOS",
            "mimetype": "image\/jpeg",
            "filetype": "jpg",
            "pretty_type": "JPEG",
            "user": "U5HP43Y5R",
            "editable": false,
            "size": 6508866,
            "mode": "hosted",
            "is_external": false,
            "external_type": "",
            "is_public": true,
            "public_url_shared": false,
            "display_as_bot": false,
            "username": "",
            "url_private": "https:\/\/files.slack.com\/files-pri\/T5HSQH1A8-F5RPRT4NN\/image_uploaded_from_ios.jpg?t=xoxe-187908579348-196951736772-196902393266-9bbe2c757c",
            "url_private_download": "https:\/\/files.slack.com\/files-pri\/T5HSQH1A8-F5RPRT4NN\/download\/image_uploaded_from_ios.jpg?t=xoxe-187908579348-196951736772-196902393266-9bbe2c757c",
            "thumb_64": "https:\/\/files.slack.com\/files-tmb\/T5HSQH1A8-F5RPRT4NN-6be61ab4c2\/image_uploaded_from_ios_64.jpg?t=xoxe-187908579348-196951736772-196902393266-9bbe2c757c",
            "thumb_80": "https:\/\/files.slack.com\/files-tmb\/T5HSQH1A8-F5RPRT4NN-6be61ab4c2\/image_uploaded_from_ios_80.jpg?t=xoxe-187908579348-196951736772-196902393266-9bbe2c757c",
            "thumb_360": "https:\/\/files.slack.com\/files-tmb\/T5HSQH1A8-F5RPRT4NN-6be61ab4c2\/image_uploaded_from_ios_360.jpg?t=xoxe-187908579348-196951736772-196902393266-9bbe2c757c",
            "thumb_360_w": 360,
            "thumb_360_h": 270,
            "thumb_480": "https:\/\/files.slack.com\/files-tmb\/T5HSQH1A8-F5RPRT4NN-6be61ab4c2\/image_uploaded_from_ios_480.jpg?t=xoxe-187908579348-196951736772-196902393266-9bbe2c757c",
            "thumb_480_w": 480,
            "thumb_480_h": 360,
            "thumb_160": "https:\/\/files.slack.com\/files-tmb\/T5HSQH1A8-F5RPRT4NN-6be61ab4c2\/image_uploaded_from_ios_160.jpg?t=xoxe-187908579348-196951736772-196902393266-9bbe2c757c",
            "thumb_720": "https:\/\/files.slack.com\/files-tmb\/T5HSQH1A8-F5RPRT4NN-6be61ab4c2\/image_uploaded_from_ios_720.jpg?t=xoxe-187908579348-196951736772-196902393266-9bbe2c757c",
            "thumb_720_w": 720,
            "thumb_720_h": 540,
            "thumb_800": "https:\/\/files.slack.com\/files-tmb\/T5HSQH1A8-F5RPRT4NN-6be61ab4c2\/image_uploaded_from_ios_800.jpg?t=xoxe-187908579348-196951736772-196902393266-9bbe2c757c",
            "thumb_800_w": 800,
            "thumb_800_h": 600,
            "thumb_960": "https:\/\/files.slack.com\/files-tmb\/T5HSQH1A8-F5RPRT4NN-6be61ab4c2\/image_uploaded_from_ios_960.jpg?t=xoxe-187908579348-196951736772-196902393266-9bbe2c757c",
            "thumb_960_w": 960,
            "thumb_960_h": 720,
            "thumb_1024": "https:\/\/files.slack.com\/files-tmb\/T5HSQH1A8-F5RPRT4NN-6be61ab4c2\/image_uploaded_from_ios_1024.jpg?t=xoxe-187908579348-196951736772-196902393266-9bbe2c757c",
            "thumb_1024_w": 1024,
            "thumb_1024_h": 768,
            "image_exif_rotation": 1,
            "original_w": 4032,
            "original_h": 3024,
            "permalink": "https:\/\/share-kaggle-forest.slack.com\/files\/hengcherkeng235\/F5RPRT4NN\/image_uploaded_from_ios.jpg",
            "permalink_public": "https:\/\/slack-files.com\/T5HSQH1A8-F5RPRT4NN-3d2c75a6c7",
            "channels": [
                "C5HU2FQJ1"
            ],
            "groups": [],
            "ims": [],
            "comments_count": 0
        },
        "user": "U5HP43Y5R",
        "upload": true,
        "display_as_bot": false,
        "username": "hengcherkeng235",
        "bot_id": null,
        "upload_reply_to": "441E4D11-9455-41E0-A7CD-8AF9F843A8E5",
        "ts": "1497098072.298075"
    },
    {
        "type": "message",
        "user": "U5R88SJT0",
        "text": "Thanks <@U5HP43Y5R> !",
        "ts": "1497105236.670028"
    },
    {
        "user": "U5RT67YVA",
        "text": "<@U5RT67YVA|cygn> has joined the channel",
        "type": "message",
        "subtype": "channel_join",
        "ts": "1497129349.291710"
    },
    {
        "type": "message",
        "user": "U5HP43Y5R",
        "text": "<http:\/\/netdissect.csail.mit.edu\/>\nwhich network detects what",
        "attachments": [
            {
                "title": "Network Dissection",
                "title_link": "http:\/\/netdissect.csail.mit.edu\/",
                "text": "Network Dissection is a framework for quantifying the interpretability of latent representations of CNNs by evaluating the alignment between individual hidden units and a set of semantic concepts. Given any CNN model, the method draws on a broad data set of visual concepts to score the semantics of hidden units at each intermediate convolutional layer. The units with semantics are given labels across a range of objects, parts, scenes, textures, materials, and colors. We use the proposed method to test the hypothesis that interpretability of units is equivalent to random linear combinations of units, then we apply our method to compare the latent representations of various networks when trained to solve different supervised and self-supervised training tasks. We further analyze the effect of training iterations, compare networks trained with different initializations, examine the impact of network depth and width, and measure the effect of dropout and batch normalization on the interpretability of deep visual representations. We demonstrate that the proposed method can shed light on characteristics of CNN models and training methods that go beyond measurements of their discriminative power",
                "fallback": "Network Dissection",
                "from_url": "http:\/\/netdissect.csail.mit.edu\/",
                "service_name": "netdissect.csail.mit.edu",
                "id": 1
            }
        ],
        "ts": "1497131039.371822"
    },
    {
        "type": "message",
        "user": "U5HP43Y5R",
        "text": "can i check that did anyone submit  \"no label\" for a test sample?\ne.g. test_xxx ,\n(the tag is left empty)\n\nwill this cause the submission to fail?\n\ni am trying to do some single class predictor experiments and thinking of submitting cvs for one class only",
        "ts": "1497160103.540080"
    },
    {
        "type": "message",
        "user": "U5KM798UF",
        "text": "Has anyone gotten decent results with the tiff's? I'm stuck around 0.12 loss\/0.90 f2, training resnet18 from scratch",
        "ts": "1497161169.575697"
    },
    {
        "type": "message",
        "user": "U5KM798UF",
        "text": "<@U5HP43Y5R> I haven't tried that, but maybe submitting an all primary\/clear as a baseline should work. \nSklearn has a warning about f score being ill defined in some cases. Maybe that has something to do with it. ",
        "ts": "1497162794.629075"
    },
    {
        "type": "message",
        "user": "U5HP43Y5R",
        "text": "my results at googledrive shows that if you try from stratch, and using tiff only, your loss is about 0.01 lower than you would have used jpg",
        "ts": "1497162919.632921"
    },
    {
        "type": "message",
        "user": "U5HP43Y5R",
        "text": "here is additional results on tif",
        "ts": "1497163082.638154"
    },
    {
        "type": "message",
        "user": "U5HP43Y5R",
        "text": "<https:\/\/www.kaggle.com\/c\/planet-understanding-the-amazon-from-space\/discussion\/33375>",
        "ts": "1497163083.638178"
    },
    {
        "type": "message",
        "user": "U5HP43Y5R",
        "text": "i estimate resnNet tif loss should be around 0.09",
        "ts": "1497163137.639986"
    },
    {
        "type": "message",
        "user": "U5HP43Y5R",
        "text": "one quick question, how you fit 4 channel tif into 3 channel resnet?",
        "ts": "1497163168.641063"
    },
    {
        "type": "message",
        "user": "U5KM798UF",
        "text": "I just changed the input to 4 channels. No weights loaded, although you may be able to load all the middle weights ",
        "ts": "1497164008.669001"
    },
    {
        "type": "message",
        "user": "U5HP43Y5R",
        "text": "you can try a jpg one under the same setting",
        "ts": "1497164166.674372"
    },
    {
        "type": "message",
        "user": "U5HP43Y5R",
        "text": "this is t make sure setup is correct and not software bug. the tiff result should be 0.01 worse than the jpg one",
        "ts": "1497164211.675816"
    },
    {
        "type": "message",
        "user": "U5HP43Y5R",
        "text": "possible bug are reading of the tif file",
        "ts": "1497164274.677723"
    },
    {
        "type": "message",
        "user": "U5KM798UF",
        "text": "Yeah. That's what I did, but so far ~0.02 worse. I'm still downloading the tiff test set, but my validation has typically been fairly accurate. ",
        "ts": "1497164315.679086"
    },
    {
        "type": "message",
        "user": "U5HP43Y5R",
        "text": "or data augmnetatioon, now you have 4 channel and make sure your image processing lib support that\\",
        "ts": "1497164317.679132"
    },
    {
        "type": "message",
        "user": "U5HP43Y5R",
        "text": "0.02 may be quite ok",
        "ts": "1497164337.679777"
    },
    {
        "type": "message",
        "user": "U5KM798UF",
        "text": "Oh. Good point! I'll check all of those. ",
        "ts": "1497164339.679872"
    },
    {
        "type": "message",
        "user": "U5HP43Y5R",
        "text": "anyway don't expect tif to out perform jpg just by changeing put from 3 to 4 channel",
        "ts": "1497164373.681198"
    }
]