[
    {
        "type": "message",
        "user": "U5L4Y93HC",
        "text": "Can someone point me to an intuitive explanation (or paper) why pretrained models may perform better than fully trained models? I can only guess that the filters learned for computer vision do not differ much from task to task...",
        "ts": "1496395653.943001"
    },
    {
        "type": "message",
        "user": "U5HP43Y5R",
        "text": "2 reason",
        "ts": "1496395726.961382"
    },
    {
        "type": "message",
        "user": "U5HP43Y5R",
        "text": "in gradient descent, starting initial values is important",
        "ts": "1496395754.968138"
    },
    {
        "type": "message",
        "user": "U5HP43Y5R",
        "text": "pretrain gives good starting values",
        "ts": "1496395766.971028"
    },
    {
        "type": "message",
        "user": "U5HP43Y5R",
        "text": "more importantly, it is the second reason below",
        "ts": "1496395781.974521"
    },
    {
        "type": "message",
        "user": "U5HP43Y5R",
        "text": "in pretraining, learning rate is set small",
        "ts": "1496395792.977182"
    },
    {
        "type": "message",
        "user": "U5L4Y93HC",
        "text": "I understand the first reason, that's what I guessed.",
        "ts": "1496395824.985352"
    },
    {
        "type": "message",
        "user": "U5L4Y93HC",
        "text": "Can you explain the second reason?",
        "ts": "1496395833.987637"
    },
    {
        "type": "message",
        "user": "U5HP43Y5R",
        "text": "we are only modifying a small part of the network",
        "ts": "1496395840.989278"
    },
    {
        "type": "message",
        "user": "U5L4Y93HC",
        "text": "Yes, I understand how the approach works. I am wondering why it works! :slightly_smiling_face:",
        "ts": "1496395856.993248"
    },
    {
        "type": "message",
        "user": "U5HP43Y5R",
        "text": "it is easier to think like this",
        "ts": "1496395869.996425"
    },
    {
        "type": "message",
        "user": "U5HP43Y5R",
        "text": "we have small dataset",
        "ts": "1496395874.997709"
    },
    {
        "type": "message",
        "user": "U5HP43Y5R",
        "text": "if i train with this dataset and i view the filter trained",
        "ts": "1496395889.001178"
    },
    {
        "type": "message",
        "user": "U5HP43Y5R",
        "text": "i will see the filters are quite noisy",
        "ts": "1496395900.003911"
    },
    {
        "type": "message",
        "user": "U5HP43Y5R",
        "text": "if i increased by dataset, i will see my filter is more smooth",
        "ts": "1496395926.010187"
    },
    {
        "type": "message",
        "user": "U5HP43Y5R",
        "text": "<https:\/\/i.stack.imgur.com\/prfoT.png>",
        "attachments": [
            {
                "fallback": "780x388px image",
                "image_url": "https:\/\/i.stack.imgur.com\/prfoT.png",
                "image_width": 780,
                "image_height": 388,
                "image_bytes": 469236,
                "from_url": "https:\/\/i.stack.imgur.com\/prfoT.png",
                "id": 1
            }
        ],
        "ts": "1496395956.017539"
    },
    {
        "type": "message",
        "user": "U5HP43Y5R",
        "text": "now the pretrain model fileters are smooth becuase they are trained by large number of  images",
        "edited": {
            "user": "U5HP43Y5R",
            "ts": "1496395992.000000"
        },
        "ts": "1496395977.022474"
    },
    {
        "type": "message",
        "user": "U5HP43Y5R",
        "text": "by using small learning rate, our filters are also soomth",
        "ts": "1496396015.031016"
    },
    {
        "type": "message",
        "user": "U5HP43Y5R",
        "text": "smooth filters mean smooth decsision boundary",
        "ts": "1496396034.035546"
    },
    {
        "type": "message",
        "user": "U5HP43Y5R",
        "text": "this can be proven by writing a function to viusalise the fileters for the pretrained and from sratch case",
        "ts": "1496396076.045830"
    },
    {
        "type": "message",
        "user": "U5L4Y93HC",
        "text": "Okay, but essentially this means that because of the small dataset it's hard for us to calculate all the relevant filters for our dataset. Additional relevant filters can be transfered from a big dataset (like imagenet) and then obivously be modified.",
        "ts": "1496396090.048752"
    },
    {
        "type": "message",
        "user": "U5HP43Y5R",
        "text": "that is possible",
        "ts": "1496396119.055822"
    },
    {
        "type": "message",
        "user": "U5HP43Y5R",
        "text": "but i have to say it is case by case",
        "ts": "1496396158.064844"
    },
    {
        "type": "message",
        "user": "U5L4Y93HC",
        "text": "So actually we are lucky that relevant filters can be found in pretrained models.",
        "ts": "1496396172.067891"
    },
    {
        "type": "message",
        "user": "U5HP43Y5R",
        "text": "not really 'lucky'",
        "ts": "1496396187.071859"
    },
    {
        "type": "message",
        "user": "U5HP43Y5R",
        "text": "image charactersistics are transferable",
        "ts": "1496396199.074655"
    },
    {
        "type": "message",
        "user": "U5LKQGS1K",
        "text": "Are there no pretrained models around that have been trained on satellite imagery? These should be even better, no?",
        "ts": "1496396275.092437"
    },
    {
        "type": "message",
        "user": "U5L4Y93HC",
        "text": "I meant to say we are lucky the nature of image characteristics is like it is. It's easy to imagine extreme cases where a pretrained model would be totally useless!",
        "ts": "1496396289.095581"
    },
    {
        "type": "message",
        "user": "U5HP43Y5R",
        "text": "yes",
        "ts": "1496396315.101924"
    },
    {
        "type": "message",
        "user": "U5HP43Y5R",
        "text": "you will be surprise that image charcteristics is transferable to sound too",
        "ts": "1496396349.109644"
    },
    {
        "type": "message",
        "user": "U5HP43Y5R",
        "text": "any way, in deep elarning.",
        "ts": "1496396368.114062"
    },
    {
        "type": "message",
        "user": "U5HP43Y5R",
        "text": "data is king",
        "ts": "1496396370.114760"
    },
    {
        "type": "message",
        "user": "U5L4Y93HC",
        "text": ":smile: Sounds interesting!",
        "ts": "1496396389.119157"
    },
    {
        "type": "message",
        "user": "U5HP43Y5R",
        "text": "one experiment is as follows",
        "ts": "1496396408.123569"
    },
    {
        "type": "message",
        "user": "U5HP43Y5R",
        "text": "in imagenet, there is one million train images",
        "ts": "1496396421.126766"
    },
    {
        "type": "message",
        "user": "U5HP43Y5R",
        "text": "one researcher use 30 million train images",
        "ts": "1496396456.135231"
    },
    {
        "type": "message",
        "user": "U5HP43Y5R",
        "text": "becuase train images is too large, they cannot label it correctly. there is 20% label noise",
        "ts": "1496396483.141529"
    },
    {
        "type": "message",
        "user": "U5HP43Y5R",
        "text": "despite that, after one month of training (6 epoches only), they see 5% improvement results",
        "ts": "1496396523.150614"
    },
    {
        "type": "message",
        "user": "U5L4Y93HC",
        "text": "Yea, that for once does not surprise me :smile:",
        "ts": "1496396558.158567"
    },
    {
        "type": "message",
        "user": "U5L4Y93HC",
        "text": "Man, I wish I had access to workstations which are not my personal computer... training for a month ..",
        "ts": "1496396608.170033"
    },
    {
        "type": "message",
        "user": "U5L4Y93HC",
        "text": "By the way, what's your best leaderboard score without pretrained models?",
        "ts": "1496396650.179668"
    },
    {
        "type": "message",
        "user": "U5HP43Y5R",
        "text": "check the post",
        "ts": "1496396716.195170"
    },
    {
        "type": "message",
        "user": "U5HP43Y5R",
        "text": "<https:\/\/www.kaggle.com\/c\/planet-understanding-the-amazon-from-space\/discussion\/33559>",
        "ts": "1496396721.196236"
    },
    {
        "type": "message",
        "user": "U5L4Y93HC",
        "text": "What's meant by \"pretrain shallow\"?",
        "ts": "1496396778.209531"
    },
    {
        "type": "message",
        "user": "U5HP43Y5R",
        "text": "lower learnin rate for layers nearer to input",
        "ts": "1496396818.218936"
    },
    {
        "type": "message",
        "user": "U5L4Y93HC",
        "text": "Okay, so \"pretrain deep\" is same lr for all layers?",
        "ts": "1496396836.223221"
    },
    {
        "type": "message",
        "user": "U5HP43Y5R",
        "text": "yes",
        "ts": "1496396847.225758"
    },
    {
        "type": "message",
        "user": "U5L4Y93HC",
        "text": "Ok! Thank you :slightly_smiling_face:",
        "ts": "1496396862.229286"
    },
    {
        "type": "message",
        "user": "U5LKQGS1K",
        "text": "Any idea if this is also possible to do in keras?",
        "ts": "1496396885.234754"
    },
    {
        "type": "message",
        "user": "U5L4Y93HC",
        "text": "Pretraining?",
        "ts": "1496396895.237163"
    },
    {
        "type": "message",
        "user": "U5LKQGS1K",
        "text": "Yes, this 'finetuning', to use different lr's for different layers in the pretrained model",
        "ts": "1496396925.244312"
    },
    {
        "type": "message",
        "user": "U5L4Y93HC",
        "text": "Yes it should be possible if you use the github master I think",
        "ts": "1496396941.248178"
    },
    {
        "type": "message",
        "user": "U5L4Y93HC",
        "text": "Google for \"learning rate multiplier\". That's how it s implemented I think",
        "ts": "1496396960.252615"
    },
    {
        "type": "message",
        "user": "U5L4Y93HC",
        "text": "Btw I'd appreciate if you can send me the code for fine tuning a model :smile: I am using keras, too, but loading\/modifying a pretrained model seems kinda inconvenient!",
        "ts": "1496397043.271538",
        "reactions": [
            {
                "name": "+1",
                "users": [
                    "U5LKQGS1K"
                ],
                "count": 1
            }
        ]
    },
    {
        "type": "message",
        "user": "U5HP43Y5R",
        "text": "quick question",
        "ts": "1496397088.282284"
    },
    {
        "type": "message",
        "user": "U5HP43Y5R",
        "text": "does tensorflow support cudnn6?",
        "ts": "1496397100.285077"
    },
    {
        "type": "message",
        "user": "U5L4Y93HC",
        "text": "I have no idea :confused:",
        "ts": "1496397114.288429"
    },
    {
        "type": "message",
        "user": "U5HP43Y5R",
        "text": "i use caffe, mxnet, tensorflow and pytorch",
        "ts": "1496397149.296751"
    },
    {
        "type": "message",
        "user": "U5LKQGS1K",
        "text": "<@U5L4Y93HC> Will do, I have the code to load a pretrained model and retraining the top layer, I'll try to find out how to do this lr multiplier",
        "ts": "1496397157.298379"
    },
    {
        "type": "message",
        "user": "U5HP43Y5R",
        "text": "my sugestion is switch to pytorch",
        "ts": "1496397168.301093"
    },
    {
        "type": "message",
        "user": "U5HP43Y5R",
        "text": "the only reason is",
        "ts": "1496397198.307828"
    },
    {
        "type": "message",
        "user": "U5HP43Y5R",
        "text": "pytorch lets you see values of gpu tensor in ide",
        "ts": "1496397217.311993"
    },
    {
        "type": "message",
        "user": "U5HP43Y5R",
        "text": "easy to debug",
        "ts": "1496397225.313778"
    },
    {
        "type": "message",
        "user": "U5HP43Y5R",
        "text": "tf is great too. but it need called session.run",
        "ts": "1496397242.317559"
    },
    {
        "type": "message",
        "user": "U5HP43Y5R",
        "text": "try pytorch and then install this 'keras with pytorch backend'",
        "ts": "1496397266.323237"
    },
    {
        "type": "message",
        "user": "U5HP43Y5R",
        "text": "<https:\/\/discuss.pytorch.org\/t\/supermodule-for-keras-like-training-with-callbacks-constraints-and-progress-bar\/2075>",
        "attachments": [
            {
                "service_name": "PyTorch Forums",
                "title": "SuperModule for Keras-like training with Callbacks, Constraints, and Progress Bar",
                "title_link": "https:\/\/discuss.pytorch.org\/t\/supermodule-for-keras-like-training-with-callbacks-constraints-and-progress-bar\/2075",
                "text": "Hi all, I create a new SuperModule class which allows for a lot of great high-level functionality without sacrificing ANY model flexibility. You define your models exactly as you would with nn.Module, except now you have access to fit(), evaluate(), and predict() functions, can use a ton of nice Callbacks, Constraints, and Regularizers - and there's a sweet tqdm Progress Bar. It inherits directly from nn.Module, so you can still do manual training if necessary and access all of its members....",
                "fallback": "PyTorch Forums: SuperModule for Keras-like training with Callbacks, Constraints, and Progress Bar",
                "thumb_url": "http:\/\/discuss.pytorch.org\/uploads\/default\/original\/1X\/474ad4fd27ebe153100fabf24a0b499a09161ca2.png",
                "fields": [
                    {
                        "title": "Reading time",
                        "value": "3 mins :clock2:",
                        "short": true
                    },
                    {
                        "title": "Likes",
                        "value": "21 :heart:",
                        "short": true
                    }
                ],
                "from_url": "https:\/\/discuss.pytorch.org\/t\/supermodule-for-keras-like-training-with-callbacks-constraints-and-progress-bar\/2075",
                "thumb_width": 624,
                "thumb_height": 75,
                "service_icon": "https:\/\/discuss.pytorch.org\/uploads\/default\/original\/1X\/9c7b5731fa317971fed9326e39efec14ee2eac4e.png",
                "id": 1
            }
        ],
        "ts": "1496397376.348141"
    },
    {
        "type": "message",
        "user": "U5HP43Y5R",
        "text": "from torchsample.callbacks import LambdaCallback\ncallbacks = [LambdaCallback(on_train_end=lambda logs: print('TRAINING FINISHED'))]\n\nmodel = Network()\nmodel.set_loss(F.nll_loss)\nmodel.set_optimizer(optim.Adadelta, lr=1.0)\nmodel.set_regularizers(regularizers)\nmodel.set_constraints(constraints)\nmodel.set_callbacks(callbacks)\n\n# fit model\nmodel.fit(x_train, y_train, \n          validation_data=(x_test, y_test),\n          nb_epoch=5, \n          batch_size=128,\n          verbose=1)\n\n# evaluate on test data\nval_loss = model.evaluate(x_test, y_test)\n\n# predict on input data\ny_pred = model.predict(x_test)",
        "ts": "1496397399.353536"
    },
    {
        "type": "message",
        "user": "U5HP43Y5R",
        "text": "just like keras!",
        "ts": "1496397409.355792"
    },
    {
        "type": "message",
        "user": "U5HP43Y5R",
        "text": "check this too:\n<http:\/\/kevin-ho.website\/Deep-Learning-on-CIFAR-10-Classification-Using-PyTorch-&amp;-Keras\/>",
        "attachments": [
            {
                "service_name": "Windfall",
                "title": "Deep Learning on Cifar 10 Classification Using Pytorch &amp; Keras",
                "title_link": "http:\/\/kevin-ho.website\/Deep-Learning-on-CIFAR-10-Classification-Using-PyTorch-&-Keras\/",
                "text": "This article will introduce how build a convolutional neural network by using python and popular dl framework.",
                "fallback": "Windfall: Deep Learning on Cifar 10 Classification Using Pytorch &amp; Keras",
                "ts": 1489795200,
                "from_url": "http:\/\/kevin-ho.website\/Deep-Learning-on-CIFAR-10-Classification-Using-PyTorch-&-Keras\/",
                "id": 1
            }
        ],
        "ts": "1496397456.367289"
    },
    {
        "type": "message",
        "user": "U5L4Y93HC",
        "text": "Yea, but I think for this project I will stay with keras.",
        "ts": "1496397508.379173"
    },
    {
        "type": "message",
        "user": "U5L4Y93HC",
        "text": "The overhead of switching is not worth it atm...",
        "ts": "1496397532.384787"
    },
    {
        "type": "message",
        "user": "U5LKQGS1K",
        "text": "I think the same... It seems like I will need to invest quite some time to get to the same point in pytorch as where I am now in keras",
        "edited": {
            "user": "U5LKQGS1K",
            "ts": "1496397568.000000"
        },
        "ts": "1496397555.390252"
    },
    {
        "type": "message",
        "user": "U5L4Y93HC",
        "text": "But for the next kaggle challenge I am considering switching!",
        "ts": "1496397556.390346"
    },
    {
        "type": "message",
        "user": "U5LKQGS1K",
        "text": "I don't think this lr multiplier has been implemented already though: <https:\/\/github.com\/fchollet\/keras\/pull\/3004>",
        "attachments": [
            {
                "service_name": "GitHub",
                "title": "Learning rate multipliers for convolutional and dense layers by jrhupc · Pull Request #3004 · fchollet\/keras",
                "title_link": "https:\/\/github.com\/fchollet\/keras\/pull\/3004",
                "text": "I have updated the pull request #1991 to the latest master branch. The pull request adds functionality to provide learning rate multipliers for convolutional and dense layers (see issue #414).",
                "fallback": "GitHub: Learning rate multipliers for convolutional and dense layers by jrhupc · Pull Request #3004 · fchollet\/keras",
                "from_url": "https:\/\/github.com\/fchollet\/keras\/pull\/3004",
                "thumb_url": "https:\/\/avatars2.githubusercontent.com\/u\/12407673?v=3&s=400",
                "thumb_width": 250,
                "thumb_height": 250,
                "service_icon": "https:\/\/a.slack-edge.com\/bfaba\/img\/unfurl_icons\/github.png",
                "id": 1
            }
        ],
        "ts": "1496397600.400862"
    },
    {
        "type": "message",
        "user": "U5L4Y93HC",
        "text": "Ah, too bad",
        "ts": "1496397690.423834"
    },
    {
        "type": "message",
        "user": "U5L4Y93HC",
        "text": "I mean you could manually modify your keras installation",
        "ts": "1496397745.436572"
    },
    {
        "type": "message",
        "user": "U5L4Y93HC",
        "text": "based on this",
        "ts": "1496397757.439378"
    },
    {
        "type": "message",
        "user": "U5L4Y93HC",
        "text": "<https:\/\/github.com\/kencoken\/keras\/commit\/d1aa19037413a2599670b0f472343272f07d4bbf>",
        "attachments": [
            {
                "service_name": "GitHub",
                "title": "Added learning rate multiplier support · kencoken\/keras@d1aa190",
                "title_link": "https:\/\/github.com\/kencoken\/keras\/commit\/d1aa19037413a2599670b0f472343272f07d4bbf",
                "text": "* Based on <https:\/\/github.com\/fchollet\/keras\/pull\/3004>",
                "fallback": "GitHub: Added learning rate multiplier support · kencoken\/keras@d1aa190",
                "from_url": "https:\/\/github.com\/kencoken\/keras\/commit\/d1aa19037413a2599670b0f472343272f07d4bbf",
                "thumb_url": "https:\/\/avatars2.githubusercontent.com\/u\/1108445?v=3&s=200",
                "thumb_width": 200,
                "thumb_height": 200,
                "service_icon": "https:\/\/a.slack-edge.com\/bfaba\/img\/unfurl_icons\/github.png",
                "id": 1
            }
        ],
        "ts": "1496397757.439484"
    },
    {
        "type": "message",
        "user": "U5LKQGS1K",
        "text": "I wonder if you really need it or if you can get good performance by just retraining the lop layer",
        "ts": "1496397768.442011"
    },
    {
        "type": "message",
        "user": "U5L4Y93HC",
        "text": "Or switch to pytorch :smile:",
        "ts": "1496397785.445883"
    },
    {
        "type": "message",
        "user": "U5LKQGS1K",
        "text": "haha, yeah...",
        "ts": "1496397803.450041"
    },
    {
        "type": "message",
        "user": "U5L4Y93HC",
        "text": "I do not think you can win this competition with this constraint :smile:",
        "ts": "1496397807.450805"
    },
    {
        "type": "message",
        "user": "U5LKQGS1K",
        "text": ":disappointed:",
        "ts": "1496398004.495000"
    },
    {
        "type": "message",
        "user": "U5HP43Y5R",
        "text": "the real key to winning is not pretrain model",
        "ts": "1496398965.699060"
    },
    {
        "type": "message",
        "user": "U5HP43Y5R",
        "text": "this is only first step",
        "ts": "1496398971.700172"
    },
    {
        "type": "message",
        "user": "U5HP43Y5R",
        "text": "need to do modifications later",
        "ts": "1496398992.704223"
    },
    {
        "type": "message",
        "user": "U5HP43Y5R",
        "text": "so choose a tool that you are comfortable with and fexible",
        "ts": "1496399019.709725"
    },
    {
        "type": "message",
        "user": "U5L4Y93HC",
        "text": "I only ever used keras, that's the problem here :smile:",
        "ts": "1496399177.741666"
    },
    {
        "type": "message",
        "user": "U5HP43Y5R",
        "text": "hi all i updated my results at <https:\/\/drive.google.com\/drive\/folders\/0B_DICebvRE-kc3gyVzVOUHlKR1k>",
        "ts": "1496402414.369863"
    },
    {
        "type": "message",
        "user": "U5HP43Y5R",
        "text": "please see standard-1.xlsx",
        "ts": "1496402426.372387"
    },
    {
        "type": "message",
        "user": "U5HP43Y5R",
        "text": "you can compre this with <@U5KM798UF> version at <https:\/\/docs.google.com\/spreadsheets\/d\/1p0V72g86GYVNuCeeLjiQlfQKGfsIf5l33uUUonacBPE\/edit#gid=0>",
        "ts": "1496402453.377787"
    },
    {
        "user": "U5NHFE27Q",
        "text": "<@U5NHFE27Q|oleggrinch> has joined the channel",
        "type": "message",
        "subtype": "channel_join",
        "ts": "1496404695.807218"
    },
    {
        "type": "message",
        "user": "U5NHFE27Q",
        "text": "Hi all, I'm also participating in this competition, but now I have to finish the cervix one. I like the idea of such channel and way to participate, so I'll become an active member in a week after Cervix competition :slightly_smiling_face:",
        "ts": "1496404954.863953"
    },
    {
        "type": "message",
        "user": "U5HP43Y5R",
        "text": "Ok",
        "ts": "1496405339.945999"
    },
    {
        "type": "message",
        "user": "U5HP43Y5R",
        "text": "No problem",
        "ts": "1496405349.948147"
    },
    {
        "type": "message",
        "user": "U5LKQGS1K",
        "text": "How do you guys read in the data? I have dumped the images to .hdf5 in different resolutions so that  I can read them in quickly. This is too hard on memory for larger image sizes though.",
        "ts": "1496405445.968477"
    },
    {
        "type": "message",
        "user": "U5L4Y93HC",
        "text": "I directly read the jpg :smile:",
        "ts": "1496405506.981482"
    },
    {
        "type": "message",
        "user": "U5NHFE27Q",
        "text": "I've been using fb.resnet.torch repository, there is a nice DataLoader function. I guess pytorch has the same utility",
        "ts": "1496405563.993789"
    },
    {
        "type": "message",
        "user": "U5LKQGS1K",
        "text": "So I guess with this DataLoader function that you take the images into memory batch per batch?",
        "ts": "1496405835.054369"
    },
    {
        "type": "message",
        "user": "U5L4Y93HC",
        "text": "No, I wrote my own load -&gt; augment -&gt; batch pipeline",
        "ts": "1496405890.066575"
    },
    {
        "type": "message",
        "user": "U5L4Y93HC",
        "text": "Takes like no time to set it up and I can customize it much better, since I built it myself xP",
        "ts": "1496405928.075217",
        "reactions": [
            {
                "name": "+1",
                "users": [
                    "U5HP43Y5R"
                ],
                "count": 1
            }
        ]
    },
    {
        "type": "message",
        "user": "U5NHFE27Q",
        "text": "Yeah, I've also customized the repository for myself. But general idea - yes, images into memory batch to batch",
        "ts": "1496406370.178026"
    },
    {
        "type": "message",
        "user": "U5LKQGS1K",
        "text": "Doesn't that slow down training a lot, if you have to read in images from disk for every new batch?",
        "ts": "1496406442.195162"
    },
    {
        "type": "message",
        "user": "U5L4Y93HC",
        "text": "I can read like 800 images\/s",
        "ts": "1496406497.208369"
    },
    {
        "type": "message",
        "user": "U5L4Y93HC",
        "text": "For any small network augmentation is the bottleneck, for big ones definitly the GPU",
        "ts": "1496406561.223195"
    },
    {
        "type": "message",
        "user": "U5NHFE27Q",
        "text": "that DataLoader provides a multi-thread implementation and you load your next batch while training on the previous one.",
        "ts": "1496406900.305223"
    },
    {
        "type": "message",
        "user": "U5L4Y93HC",
        "text": "<@U5NHFE27Q> are you talking about pytorch or keras?",
        "ts": "1496406957.319159"
    },
    {
        "type": "message",
        "user": "U5LKQGS1K",
        "text": "Aha, thanks!",
        "ts": "1496407018.333647"
    },
    {
        "type": "message",
        "user": "U5NHFE27Q",
        "text": "i'm talking about lua torch. But I guess this function should also be available in pytorch",
        "ts": "1496409428.015038"
    },
    {
        "user": "U5M5E9DHN",
        "text": "<@U5M5E9DHN|woshianderson> has joined the channel",
        "type": "message",
        "subtype": "channel_join",
        "ts": "1496412106.952521"
    },
    {
        "type": "message",
        "user": "U5KM798UF",
        "text": "What size images are you using and how much ram do you have? \nYou can try to load all the images into memory as 8bit, then apply transformations to small batches at a time ",
        "ts": "1496419491.852672"
    },
    {
        "type": "message",
        "user": "U5KM798UF",
        "text": "Or write a custom generator function in keras. It loads in parallel while the epoch is training. ",
        "ts": "1496419525.865254"
    },
    {
        "type": "message",
        "user": "U5KM798UF",
        "text": "I was getting about the same, 800\/s with a single thread, but got it to about 2000\/s by multithreading, with an i5-3450 ",
        "ts": "1496419623.901446"
    },
    {
        "type": "message",
        "user": "U5HP43Y5R",
        "text": "good news",
        "ts": "1496420314.148035"
    },
    {
        "type": "message",
        "user": "U5HP43Y5R",
        "text": "my early experiment shows that correct usage of tif in addition to jpg give improve results on validation set but about 0.01",
        "ts": "1496420357.162934",
        "reactions": [
            {
                "name": "+1",
                "users": [
                    "U5M5E9DHN"
                ],
                "count": 1
            }
        ]
    },
    {
        "type": "message",
        "user": "U5HP43Y5R",
        "text": "you guys should be able to get standard model to work at about 0.9315",
        "ts": "1496420405.180472"
    },
    {
        "type": "message",
        "user": "U5HP43Y5R",
        "text": "with tif you should get about 0.932 to 0.94 i hope",
        "ts": "1496420439.192526"
    },
    {
        "type": "message",
        "user": "U5HP43Y5R",
        "text": "finally by exploit label correlation, we should get about 0.95. that will be my final target",
        "ts": "1496420486.209418"
    },
    {
        "type": "message",
        "user": "U5HP43Y5R",
        "text": "more details on tif next week!",
        "ts": "1496420516.220580"
    },
    {
        "type": "message",
        "user": "U5NHFE27Q",
        "text": "you guys should be able to get standard model to work at about 0.9315&lt;&lt;\ndo u mean here single net or an ensemble? What was your best single net result? I've managed to get only 92.35 on single model",
        "ts": "1496439209.200107"
    },
    {
        "user": "U5N8BFCA1",
        "text": "<@U5N8BFCA1|cpruce> has joined the channel",
        "type": "message",
        "subtype": "channel_join",
        "ts": "1496452984.990697"
    },
    {
        "type": "message",
        "user": "U5N8BFCA1",
        "text": "<@U5HP43Y5R> I want to say thank you. I've used a variation of vgg for my current ranking. I am going to read through the dialogue now and am looking forward to learning a lot!",
        "ts": "1496453128.999804"
    },
    {
        "type": "message",
        "user": "U5N8BFCA1",
        "text": "I'm also hoping to turn your do_training function into a k-fold cross-validation loop as well as contribute to your experiments. First, ive got reading to do",
        "ts": "1496458852.324245"
    },
    {
        "type": "message",
        "user": "U5HP43Y5R",
        "text": "try repeat resnet18 experiment first",
        "ts": "1496458917.327516"
    },
    {
        "type": "message",
        "user": "U5HP43Y5R",
        "text": "any one will do. this ensure correct software setup, etc",
        "ts": "1496458947.328966"
    },
    {
        "type": "message",
        "user": "U5HP43Y5R",
        "text": "cross check results with my xls file",
        "ts": "1496458969.330072"
    },
    {
        "type": "message",
        "user": "U5N8BFCA1",
        "text": "sure, I tried awhile ago and it didn't do as well as vgg (I think ResNet got ~.90-.91?). I can try again to check consistency. Is it cool if I try your PyNet again first?",
        "ts": "1496459192.341940"
    },
    {
        "type": "message",
        "user": "U5N8BFCA1",
        "text": "Unfortunately I only have one gtx 1080 right now",
        "ts": "1496459221.343463"
    },
    {
        "type": "message",
        "user": "U5N8BFCA1",
        "text": "It also took longer to train if I remember correctly (which makes sense given the higher complexity of the network)",
        "ts": "1496459404.352229"
    },
    {
        "type": "message",
        "user": "U5HP43Y5R",
        "text": "Resnet18 train faster than vgg16",
        "ts": "1496459449.354505"
    },
    {
        "type": "message",
        "user": "U5N8BFCA1",
        "text": "oh maybe I played with image sizes, batch sizes, and\/or epochs",
        "ts": "1496459532.358475"
    },
    {
        "type": "message",
        "user": "U5N8BFCA1",
        "text": "ill train it now",
        "ts": "1496459537.358740"
    },
    {
        "type": "message",
        "user": "U5KM798UF",
        "text": "Resnet18 does very well, it's a perfect place to start to make sure the code works.",
        "ts": "1496459576.360576"
    },
    {
        "type": "message",
        "user": "U5HP43Y5R",
        "text": "<@U5KM798UF> has results on resnet 18",
        "ts": "1496459610.362295"
    },
    {
        "type": "message",
        "user": "U5HP43Y5R",
        "text": " Check his results on hos google xls file",
        "ts": "1496459638.363588"
    },
    {
        "type": "message",
        "user": "U5N8BFCA1",
        "text": "Sure thing, running now. Im going to check the file again now",
        "ts": "1496459652.364271"
    },
    {
        "type": "message",
        "user": "U5KM798UF",
        "text": "~0.923 training from scratch, 0.928-0.929 with pretrained weights",
        "ts": "1496459660.364644"
    },
    {
        "type": "message",
        "user": "U5HP43Y5R",
        "text": "My results is more for resnet34\n",
        "edited": {
            "user": "U5HP43Y5R",
            "ts": "1496459686.000000"
        },
        "ts": "1496459665.364867"
    },
    {
        "type": "message",
        "user": "U5N8BFCA1",
        "text": "Oh wow, pretrained weights on imagenet?",
        "ts": "1496459782.370227"
    },
    {
        "type": "message",
        "user": "U5KM798UF",
        "text": "Yes",
        "ts": "1496459793.370789"
    },
    {
        "type": "message",
        "user": "U5N8BFCA1",
        "text": "Awesome, ive been meaning to use transfer learning (yes, im a noob :p)",
        "ts": "1496459828.372354"
    },
    {
        "type": "message",
        "user": "U5N8BFCA1",
        "text": "hmm i just ran out of memory on my 1080 with image size 112 and a GLOBAL_BATCH_SIZE I made 64",
        "ts": "1496459900.375732"
    },
    {
        "type": "message",
        "user": "U5HP43Y5R",
        "text": "This one you have to write to pytorch discussion forum on advice on how to use memory efficiency. I think my code is not memory efficient ",
        "ts": "1496459988.379960"
    },
    {
        "type": "message",
        "user": "U5HP43Y5R",
        "text": "You must find a way to train 256 images with batch 96 to win the competition ",
        "ts": "1496460034.382431"
    },
    {
        "type": "message",
        "user": "U5HP43Y5R",
        "text": "Later if we use tif the memory requirement will be double",
        "ts": "1496460057.383413"
    },
    {
        "type": "message",
        "user": "U5HP43Y5R",
        "text": "You can put my code to the forum and ask for advice ",
        "ts": "1496460091.385070"
    },
    {
        "type": "message",
        "user": "U5N8BFCA1",
        "text": "I was hoping to make up for the lack of compute :stuck_out_tongue: Yes, I've realized there is a tradeoff the enters into the optimization problem. I've played with the configs to get things to work",
        "ts": "1496460135.386930"
    },
    {
        "type": "message",
        "user": "U5N8BFCA1",
        "text": "\"work\"",
        "ts": "1496460142.387232"
    },
    {
        "type": "message",
        "user": "U5N8BFCA1",
        "text": "maybe not as well as can be",
        "ts": "1496460153.387698"
    },
    {
        "type": "message",
        "user": "U5N8BFCA1",
        "text": "Im also running my X gui on the video card",
        "ts": "1496460180.388875"
    },
    {
        "type": "message",
        "subtype": "file_share",
        "text": "<@U5N8BFCA1|cpruce> uploaded a file: <https:\/\/share-kaggle-forest.slack.com\/files\/cpruce\/F5N5YP5QA\/screen_shot_2017-06-02_at_8.19.00_pm.png|Screen Shot 2017-06-02 at 8.19.00 PM.png>",
        "file": {
            "id": "F5N5YP5QA",
            "created": 1496460201,
            "timestamp": 1496460201,
            "name": "Screen Shot 2017-06-02 at 8.19.00 PM.png",
            "title": "Screen Shot 2017-06-02 at 8.19.00 PM.png",
            "mimetype": "image\/png",
            "filetype": "png",
            "pretty_type": "PNG",
            "user": "U5N8BFCA1",
            "editable": false,
            "size": 182118,
            "mode": "hosted",
            "is_external": false,
            "external_type": "",
            "is_public": true,
            "public_url_shared": false,
            "display_as_bot": false,
            "username": "",
            "url_private": "https:\/\/files.slack.com\/files-pri\/T5HSQH1A8-F5N5YP5QA\/screen_shot_2017-06-02_at_8.19.00_pm.png?t=xoxe-187908579348-196951736772-196902393266-9bbe2c757c",
            "url_private_download": "https:\/\/files.slack.com\/files-pri\/T5HSQH1A8-F5N5YP5QA\/download\/screen_shot_2017-06-02_at_8.19.00_pm.png?t=xoxe-187908579348-196951736772-196902393266-9bbe2c757c",
            "thumb_64": "https:\/\/files.slack.com\/files-tmb\/T5HSQH1A8-F5N5YP5QA-939135adc8\/screen_shot_2017-06-02_at_8.19.00_pm_64.png?t=xoxe-187908579348-196951736772-196902393266-9bbe2c757c",
            "thumb_80": "https:\/\/files.slack.com\/files-tmb\/T5HSQH1A8-F5N5YP5QA-939135adc8\/screen_shot_2017-06-02_at_8.19.00_pm_80.png?t=xoxe-187908579348-196951736772-196902393266-9bbe2c757c",
            "thumb_360": "https:\/\/files.slack.com\/files-tmb\/T5HSQH1A8-F5N5YP5QA-939135adc8\/screen_shot_2017-06-02_at_8.19.00_pm_360.png?t=xoxe-187908579348-196951736772-196902393266-9bbe2c757c",
            "thumb_360_w": 360,
            "thumb_360_h": 104,
            "thumb_480": "https:\/\/files.slack.com\/files-tmb\/T5HSQH1A8-F5N5YP5QA-939135adc8\/screen_shot_2017-06-02_at_8.19.00_pm_480.png?t=xoxe-187908579348-196951736772-196902393266-9bbe2c757c",
            "thumb_480_w": 480,
            "thumb_480_h": 139,
            "thumb_160": "https:\/\/files.slack.com\/files-tmb\/T5HSQH1A8-F5N5YP5QA-939135adc8\/screen_shot_2017-06-02_at_8.19.00_pm_160.png?t=xoxe-187908579348-196951736772-196902393266-9bbe2c757c",
            "thumb_720": "https:\/\/files.slack.com\/files-tmb\/T5HSQH1A8-F5N5YP5QA-939135adc8\/screen_shot_2017-06-02_at_8.19.00_pm_720.png?t=xoxe-187908579348-196951736772-196902393266-9bbe2c757c",
            "thumb_720_w": 720,
            "thumb_720_h": 208,
            "thumb_800": "https:\/\/files.slack.com\/files-tmb\/T5HSQH1A8-F5N5YP5QA-939135adc8\/screen_shot_2017-06-02_at_8.19.00_pm_800.png?t=xoxe-187908579348-196951736772-196902393266-9bbe2c757c",
            "thumb_800_w": 800,
            "thumb_800_h": 232,
            "thumb_960": "https:\/\/files.slack.com\/files-tmb\/T5HSQH1A8-F5N5YP5QA-939135adc8\/screen_shot_2017-06-02_at_8.19.00_pm_960.png?t=xoxe-187908579348-196951736772-196902393266-9bbe2c757c",
            "thumb_960_w": 960,
            "thumb_960_h": 278,
            "thumb_1024": "https:\/\/files.slack.com\/files-tmb\/T5HSQH1A8-F5N5YP5QA-939135adc8\/screen_shot_2017-06-02_at_8.19.00_pm_1024.png?t=xoxe-187908579348-196951736772-196902393266-9bbe2c757c",
            "thumb_1024_w": 1024,
            "thumb_1024_h": 296,
            "image_exif_rotation": 1,
            "original_w": 1472,
            "original_h": 426,
            "permalink": "https:\/\/share-kaggle-forest.slack.com\/files\/cpruce\/F5N5YP5QA\/screen_shot_2017-06-02_at_8.19.00_pm.png",
            "permalink_public": "https:\/\/slack-files.com\/T5HSQH1A8-F5N5YP5QA-2f43888636",
            "channels": [
                "C5HU2FQJ1"
            ],
            "groups": [],
            "ims": [],
            "comments_count": 0
        },
        "user": "U5N8BFCA1",
        "upload": true,
        "display_as_bot": false,
        "username": "cpruce",
        "bot_id": null,
        "ts": "1496460203.390065"
    },
    {
        "type": "message",
        "user": "U5KM798UF",
        "text": "Is that with Resnet?",
        "ts": "1496460272.393018"
    },
    {
        "type": "message",
        "user": "U5N8BFCA1",
        "text": "no that was yesterday or this morning with a vgg variant",
        "ts": "1496460361.397031"
    },
    {
        "type": "message",
        "user": "U5N8BFCA1",
        "text": "how resnet is really eating up a lot of ram",
        "ts": "1496460419.400035"
    },
    {
        "type": "message",
        "user": "U5N8BFCA1",
        "text": "wow*",
        "ts": "1496460423.400199"
    },
    {
        "type": "message",
        "user": "U5HP43Y5R",
        "text": "resnet 18 \nbatch = 96, rate = schduler [2]. 1 epoch = 1.3min @ titanx pascal, mem = 8.5GB",
        "ts": "1496460442.401062"
    },
    {
        "type": "message",
        "user": "U5N8BFCA1",
        "text": "my last try with image size 100 and batch size 64 failed",
        "ts": "1496460498.403591"
    },
    {
        "type": "message",
        "user": "U5N8BFCA1",
        "text": "trying 100 and 40 now",
        "ts": "1496460518.404565"
    },
    {
        "type": "message",
        "user": "U5KM798UF",
        "text": "In the resnet code that heng posted, in forward, each set of layers in the model is saved in memory (x1, x2, x3, etc...). These can be all changed to the same variable to reduce memory usage",
        "ts": "1496460562.406480"
    },
    {
        "type": "message",
        "user": "U5N8BFCA1",
        "text": "nope, learning rate shouldn't affect memory, right?",
        "ts": "1496460563.406539"
    },
    {
        "type": "message",
        "user": "U5KM798UF",
        "text": "Correct",
        "ts": "1496460568.406769"
    },
    {
        "type": "message",
        "user": "U5HP43Y5R",
        "text": "resnet uses batch normalisation. if batch size get too small, results may be no good",
        "ts": "1496460585.407580"
    },
    {
        "type": "message",
        "user": "U5HP43Y5R",
        "text": "try not to go below 48",
        "ts": "1496460598.408260"
    },
    {
        "type": "message",
        "user": "U5N8BFCA1",
        "text": "ah i think that makes sense",
        "ts": "1496460633.410354"
    },
    {
        "type": "message",
        "user": "U5N8BFCA1",
        "text": "does that mean that the sample size is getting too small that the normal distribution properties (or reliability) gets lost, making it more like a t-distribution?",
        "ts": "1496460682.412696"
    },
    {
        "type": "message",
        "user": "U5N8BFCA1",
        "text": "I need to read up more on bn",
        "ts": "1496460713.414099"
    },
    {
        "type": "message",
        "user": "U5HP43Y5R",
        "text": "if someone can find pytorch batch renormalisation implemetation, it will be good",
        "ts": "1496460879.422205"
    },
    {
        "type": "message",
        "user": "U5HP43Y5R",
        "text": "this works for small batch size",
        "ts": "1496460892.422868"
    },
    {
        "type": "message",
        "user": "U5N8BFCA1",
        "text": "ill put it on my priority queue",
        "ts": "1496460993.427615"
    },
    {
        "type": "message",
        "user": "U5N8BFCA1",
        "text": "<@U5KM798UF> do you mean changing",
        "ts": "1496461026.429095"
    },
    {
        "type": "message",
        "subtype": "file_share",
        "text": "<@U5N8BFCA1|cpruce> uploaded a file: <https:\/\/share-kaggle-forest.slack.com\/files\/cpruce\/F5N604LG2\/screen_shot_2017-06-02_at_8.32.52_pm.png|Screen Shot 2017-06-02 at 8.32.52 PM.png>",
        "file": {
            "id": "F5N604LG2",
            "created": 1496461035,
            "timestamp": 1496461035,
            "name": "Screen Shot 2017-06-02 at 8.32.52 PM.png",
            "title": "Screen Shot 2017-06-02 at 8.32.52 PM.png",
            "mimetype": "image\/png",
            "filetype": "png",
            "pretty_type": "PNG",
            "user": "U5N8BFCA1",
            "editable": false,
            "size": 56544,
            "mode": "hosted",
            "is_external": false,
            "external_type": "",
            "is_public": true,
            "public_url_shared": false,
            "display_as_bot": false,
            "username": "",
            "url_private": "https:\/\/files.slack.com\/files-pri\/T5HSQH1A8-F5N604LG2\/screen_shot_2017-06-02_at_8.32.52_pm.png?t=xoxe-187908579348-196951736772-196902393266-9bbe2c757c",
            "url_private_download": "https:\/\/files.slack.com\/files-pri\/T5HSQH1A8-F5N604LG2\/download\/screen_shot_2017-06-02_at_8.32.52_pm.png?t=xoxe-187908579348-196951736772-196902393266-9bbe2c757c",
            "thumb_64": "https:\/\/files.slack.com\/files-tmb\/T5HSQH1A8-F5N604LG2-15e8c6d7dc\/screen_shot_2017-06-02_at_8.32.52_pm_64.png?t=xoxe-187908579348-196951736772-196902393266-9bbe2c757c",
            "thumb_80": "https:\/\/files.slack.com\/files-tmb\/T5HSQH1A8-F5N604LG2-15e8c6d7dc\/screen_shot_2017-06-02_at_8.32.52_pm_80.png?t=xoxe-187908579348-196951736772-196902393266-9bbe2c757c",
            "thumb_360": "https:\/\/files.slack.com\/files-tmb\/T5HSQH1A8-F5N604LG2-15e8c6d7dc\/screen_shot_2017-06-02_at_8.32.52_pm_360.png?t=xoxe-187908579348-196951736772-196902393266-9bbe2c757c",
            "thumb_360_w": 360,
            "thumb_360_h": 86,
            "thumb_480": "https:\/\/files.slack.com\/files-tmb\/T5HSQH1A8-F5N604LG2-15e8c6d7dc\/screen_shot_2017-06-02_at_8.32.52_pm_480.png?t=xoxe-187908579348-196951736772-196902393266-9bbe2c757c",
            "thumb_480_w": 480,
            "thumb_480_h": 114,
            "thumb_160": "https:\/\/files.slack.com\/files-tmb\/T5HSQH1A8-F5N604LG2-15e8c6d7dc\/screen_shot_2017-06-02_at_8.32.52_pm_160.png?t=xoxe-187908579348-196951736772-196902393266-9bbe2c757c",
            "thumb_720": "https:\/\/files.slack.com\/files-tmb\/T5HSQH1A8-F5N604LG2-15e8c6d7dc\/screen_shot_2017-06-02_at_8.32.52_pm_720.png?t=xoxe-187908579348-196951736772-196902393266-9bbe2c757c",
            "thumb_720_w": 720,
            "thumb_720_h": 171,
            "thumb_800": "https:\/\/files.slack.com\/files-tmb\/T5HSQH1A8-F5N604LG2-15e8c6d7dc\/screen_shot_2017-06-02_at_8.32.52_pm_800.png?t=xoxe-187908579348-196951736772-196902393266-9bbe2c757c",
            "thumb_800_w": 800,
            "thumb_800_h": 190,
            "thumb_960": "https:\/\/files.slack.com\/files-tmb\/T5HSQH1A8-F5N604LG2-15e8c6d7dc\/screen_shot_2017-06-02_at_8.32.52_pm_960.png?t=xoxe-187908579348-196951736772-196902393266-9bbe2c757c",
            "thumb_960_w": 960,
            "thumb_960_h": 229,
            "thumb_1024": "https:\/\/files.slack.com\/files-tmb\/T5HSQH1A8-F5N604LG2-15e8c6d7dc\/screen_shot_2017-06-02_at_8.32.52_pm_1024.png?t=xoxe-187908579348-196951736772-196902393266-9bbe2c757c",
            "thumb_1024_w": 1024,
            "thumb_1024_h": 244,
            "image_exif_rotation": 1,
            "original_w": 1050,
            "original_h": 250,
            "permalink": "https:\/\/share-kaggle-forest.slack.com\/files\/cpruce\/F5N604LG2\/screen_shot_2017-06-02_at_8.32.52_pm.png",
            "permalink_public": "https:\/\/slack-files.com\/T5HSQH1A8-F5N604LG2-d2af1192ce",
            "channels": [
                "C5HU2FQJ1"
            ],
            "groups": [],
            "ims": [],
            "comments_count": 0
        },
        "user": "U5N8BFCA1",
        "upload": true,
        "display_as_bot": false,
        "username": "cpruce",
        "bot_id": null,
        "ts": "1496461038.429631"
    },
    {
        "type": "message",
        "user": "U5N8BFCA1",
        "text": "to",
        "ts": "1496461041.429762"
    },
    {
        "type": "message",
        "user": "U5HP43Y5R",
        "text": "maybe Batch Renormalization needs to be implemented in cuda",
        "ts": "1496461045.430045"
    },
    {
        "type": "message",
        "subtype": "file_share",
        "text": "<@U5N8BFCA1|cpruce> uploaded a file: <https:\/\/share-kaggle-forest.slack.com\/files\/cpruce\/F5N3USWH1\/screen_shot_2017-06-02_at_8.36.06_pm.png|Screen Shot 2017-06-02 at 8.36.06 PM.png>",
        "file": {
            "id": "F5N3USWH1",
            "created": 1496461052,
            "timestamp": 1496461052,
            "name": "Screen Shot 2017-06-02 at 8.36.06 PM.png",
            "title": "Screen Shot 2017-06-02 at 8.36.06 PM.png",
            "mimetype": "image\/png",
            "filetype": "png",
            "pretty_type": "PNG",
            "user": "U5N8BFCA1",
            "editable": false,
            "size": 97623,
            "mode": "hosted",
            "is_external": false,
            "external_type": "",
            "is_public": true,
            "public_url_shared": false,
            "display_as_bot": false,
            "username": "",
            "url_private": "https:\/\/files.slack.com\/files-pri\/T5HSQH1A8-F5N3USWH1\/screen_shot_2017-06-02_at_8.36.06_pm.png?t=xoxe-187908579348-196951736772-196902393266-9bbe2c757c",
            "url_private_download": "https:\/\/files.slack.com\/files-pri\/T5HSQH1A8-F5N3USWH1\/download\/screen_shot_2017-06-02_at_8.36.06_pm.png?t=xoxe-187908579348-196951736772-196902393266-9bbe2c757c",
            "thumb_64": "https:\/\/files.slack.com\/files-tmb\/T5HSQH1A8-F5N3USWH1-f5267b2d95\/screen_shot_2017-06-02_at_8.36.06_pm_64.png?t=xoxe-187908579348-196951736772-196902393266-9bbe2c757c",
            "thumb_80": "https:\/\/files.slack.com\/files-tmb\/T5HSQH1A8-F5N3USWH1-f5267b2d95\/screen_shot_2017-06-02_at_8.36.06_pm_80.png?t=xoxe-187908579348-196951736772-196902393266-9bbe2c757c",
            "thumb_360": "https:\/\/files.slack.com\/files-tmb\/T5HSQH1A8-F5N3USWH1-f5267b2d95\/screen_shot_2017-06-02_at_8.36.06_pm_360.png?t=xoxe-187908579348-196951736772-196902393266-9bbe2c757c",
            "thumb_360_w": 360,
            "thumb_360_h": 126,
            "thumb_480": "https:\/\/files.slack.com\/files-tmb\/T5HSQH1A8-F5N3USWH1-f5267b2d95\/screen_shot_2017-06-02_at_8.36.06_pm_480.png?t=xoxe-187908579348-196951736772-196902393266-9bbe2c757c",
            "thumb_480_w": 480,
            "thumb_480_h": 168,
            "thumb_160": "https:\/\/files.slack.com\/files-tmb\/T5HSQH1A8-F5N3USWH1-f5267b2d95\/screen_shot_2017-06-02_at_8.36.06_pm_160.png?t=xoxe-187908579348-196951736772-196902393266-9bbe2c757c",
            "thumb_720": "https:\/\/files.slack.com\/files-tmb\/T5HSQH1A8-F5N3USWH1-f5267b2d95\/screen_shot_2017-06-02_at_8.36.06_pm_720.png?t=xoxe-187908579348-196951736772-196902393266-9bbe2c757c",
            "thumb_720_w": 720,
            "thumb_720_h": 251,
            "thumb_800": "https:\/\/files.slack.com\/files-tmb\/T5HSQH1A8-F5N3USWH1-f5267b2d95\/screen_shot_2017-06-02_at_8.36.06_pm_800.png?t=xoxe-187908579348-196951736772-196902393266-9bbe2c757c",
            "thumb_800_w": 800,
            "thumb_800_h": 279,
            "thumb_960": "https:\/\/files.slack.com\/files-tmb\/T5HSQH1A8-F5N3USWH1-f5267b2d95\/screen_shot_2017-06-02_at_8.36.06_pm_960.png?t=xoxe-187908579348-196951736772-196902393266-9bbe2c757c",
            "thumb_960_w": 960,
            "thumb_960_h": 335,
            "thumb_1024": "https:\/\/files.slack.com\/files-tmb\/T5HSQH1A8-F5N3USWH1-f5267b2d95\/screen_shot_2017-06-02_at_8.36.06_pm_1024.png?t=xoxe-187908579348-196951736772-196902393266-9bbe2c757c",
            "thumb_1024_w": 1024,
            "thumb_1024_h": 357,
            "image_exif_rotation": 1,
            "original_w": 1106,
            "original_h": 386,
            "permalink": "https:\/\/share-kaggle-forest.slack.com\/files\/cpruce\/F5N3USWH1\/screen_shot_2017-06-02_at_8.36.06_pm.png",
            "permalink_public": "https:\/\/slack-files.com\/T5HSQH1A8-F5N3USWH1-58e2134f82",
            "channels": [
                "C5HU2FQJ1"
            ],
            "groups": [],
            "ims": [],
            "comments_count": 0
        },
        "user": "U5N8BFCA1",
        "upload": true,
        "display_as_bot": false,
        "username": "cpruce",
        "bot_id": null,
        "ts": "1496461055.430589"
    },
    {
        "type": "message",
        "user": "U5N8BFCA1",
        "text": "<@U5HP43Y5R> maybe we could implement it :slightly_smiling_face:",
        "ts": "1496461070.431161"
    },
    {
        "type": "message",
        "user": "U5KM798UF",
        "text": "search \"def forward\" and there should be another one, that's just for the bottleneck block",
        "ts": "1496461085.431823"
    },
    {
        "type": "message",
        "user": "U5N8BFCA1",
        "text": "ah cool, thanks you guys :smile:",
        "ts": "1496461147.434553"
    },
    {
        "type": "message",
        "user": "U5KM798UF",
        "text": "```    def forward(self, x):\n        x  = self.conv1(x)\n        x  = self.bn1(x)\n        x  = self.relu(x)\n        x  = self.maxpool(x)\n\n        x  = self.layer1(x)\n        x  = self.layer2(x)\n        x  = self.layer3(x)\n        x  = self.layer4(x)\n\n        x  = self.avgpool(x)\n        x = x.view(x.size(0), -1)\n        x = self.fc(x)\n\n        logit = x\n        prob = F.sigmoid(logit)\n\n        return logit,prob ```",
        "ts": "1496461185.436375"
    },
    {
        "type": "message",
        "subtype": "file_share",
        "text": "<@U5N8BFCA1|cpruce> uploaded a file: <https:\/\/share-kaggle-forest.slack.com\/files\/cpruce\/F5P0A8T5L\/screen_shot_2017-06-02_at_8.42.09_pm.png|Screen Shot 2017-06-02 at 8.42.09 PM.png>",
        "file": {
            "id": "F5P0A8T5L",
            "created": 1496461390,
            "timestamp": 1496461390,
            "name": "Screen Shot 2017-06-02 at 8.42.09 PM.png",
            "title": "Screen Shot 2017-06-02 at 8.42.09 PM.png",
            "mimetype": "image\/png",
            "filetype": "png",
            "pretty_type": "PNG",
            "user": "U5N8BFCA1",
            "editable": false,
            "size": 78937,
            "mode": "hosted",
            "is_external": false,
            "external_type": "",
            "is_public": true,
            "public_url_shared": false,
            "display_as_bot": false,
            "username": "",
            "url_private": "https:\/\/files.slack.com\/files-pri\/T5HSQH1A8-F5P0A8T5L\/screen_shot_2017-06-02_at_8.42.09_pm.png?t=xoxe-187908579348-196951736772-196902393266-9bbe2c757c",
            "url_private_download": "https:\/\/files.slack.com\/files-pri\/T5HSQH1A8-F5P0A8T5L\/download\/screen_shot_2017-06-02_at_8.42.09_pm.png?t=xoxe-187908579348-196951736772-196902393266-9bbe2c757c",
            "thumb_64": "https:\/\/files.slack.com\/files-tmb\/T5HSQH1A8-F5P0A8T5L-cab4ba990a\/screen_shot_2017-06-02_at_8.42.09_pm_64.png?t=xoxe-187908579348-196951736772-196902393266-9bbe2c757c",
            "thumb_80": "https:\/\/files.slack.com\/files-tmb\/T5HSQH1A8-F5P0A8T5L-cab4ba990a\/screen_shot_2017-06-02_at_8.42.09_pm_80.png?t=xoxe-187908579348-196951736772-196902393266-9bbe2c757c",
            "thumb_360": "https:\/\/files.slack.com\/files-tmb\/T5HSQH1A8-F5P0A8T5L-cab4ba990a\/screen_shot_2017-06-02_at_8.42.09_pm_360.png?t=xoxe-187908579348-196951736772-196902393266-9bbe2c757c",
            "thumb_360_w": 360,
            "thumb_360_h": 102,
            "thumb_480": "https:\/\/files.slack.com\/files-tmb\/T5HSQH1A8-F5P0A8T5L-cab4ba990a\/screen_shot_2017-06-02_at_8.42.09_pm_480.png?t=xoxe-187908579348-196951736772-196902393266-9bbe2c757c",
            "thumb_480_w": 480,
            "thumb_480_h": 136,
            "thumb_160": "https:\/\/files.slack.com\/files-tmb\/T5HSQH1A8-F5P0A8T5L-cab4ba990a\/screen_shot_2017-06-02_at_8.42.09_pm_160.png?t=xoxe-187908579348-196951736772-196902393266-9bbe2c757c",
            "thumb_720": "https:\/\/files.slack.com\/files-tmb\/T5HSQH1A8-F5P0A8T5L-cab4ba990a\/screen_shot_2017-06-02_at_8.42.09_pm_720.png?t=xoxe-187908579348-196951736772-196902393266-9bbe2c757c",
            "thumb_720_w": 720,
            "thumb_720_h": 204,
            "thumb_800": "https:\/\/files.slack.com\/files-tmb\/T5HSQH1A8-F5P0A8T5L-cab4ba990a\/screen_shot_2017-06-02_at_8.42.09_pm_800.png?t=xoxe-187908579348-196951736772-196902393266-9bbe2c757c",
            "thumb_800_w": 800,
            "thumb_800_h": 227,
            "thumb_960": "https:\/\/files.slack.com\/files-tmb\/T5HSQH1A8-F5P0A8T5L-cab4ba990a\/screen_shot_2017-06-02_at_8.42.09_pm_960.png?t=xoxe-187908579348-196951736772-196902393266-9bbe2c757c",
            "thumb_960_w": 960,
            "thumb_960_h": 272,
            "thumb_1024": "https:\/\/files.slack.com\/files-tmb\/T5HSQH1A8-F5P0A8T5L-cab4ba990a\/screen_shot_2017-06-02_at_8.42.09_pm_1024.png?t=xoxe-187908579348-196951736772-196902393266-9bbe2c757c",
            "thumb_1024_w": 1024,
            "thumb_1024_h": 290,
            "image_exif_rotation": 1,
            "original_w": 1114,
            "original_h": 316,
            "permalink": "https:\/\/share-kaggle-forest.slack.com\/files\/cpruce\/F5P0A8T5L\/screen_shot_2017-06-02_at_8.42.09_pm.png",
            "permalink_public": "https:\/\/slack-files.com\/T5HSQH1A8-F5P0A8T5L-ff9e238db1",
            "channels": [
                "C5HU2FQJ1"
            ],
            "groups": [],
            "ims": [],
            "comments_count": 0
        },
        "user": "U5N8BFCA1",
        "upload": true,
        "display_as_bot": false,
        "username": "cpruce",
        "bot_id": null,
        "ts": "1496461392.446259"
    },
    {
        "type": "message",
        "user": "U5N8BFCA1",
        "text": "mine is already in one variable?",
        "ts": "1496461398.446553"
    },
    {
        "type": "message",
        "user": "U5KM798UF",
        "text": "there should be another forward function in a different class",
        "ts": "1496461435.448295"
    },
    {
        "type": "message",
        "user": "U5KM798UF",
        "text": "search \"logit = x\", does that come up with anything?",
        "ts": "1496461456.449339"
    },
    {
        "type": "message",
        "user": "U5N8BFCA1",
        "text": "[20:45 cory@sprucemoose forest-1] &gt; =( grep -r 'logit = x' net\/\n[20:45 cory@sprucemoose forest-1] &gt; =(",
        "ts": "1496461553.453478"
    },
    {
        "type": "message",
        "user": "U5N8BFCA1",
        "text": "maybe I have a stale copy?",
        "ts": "1496461566.454087"
    },
    {
        "type": "message",
        "user": "U5KM798UF",
        "text": "Or mine is more modified than I remember",
        "ts": "1496461589.455421"
    },
    {
        "type": "message",
        "user": "U5N8BFCA1",
        "text": "hmm, when did you download?",
        "ts": "1496461668.458719"
    },
    {
        "type": "message",
        "user": "U5KM798UF",
        "text": "Not sure. within the last week. Heng's Resnet file is separate <https:\/\/drive.google.com\/open?id=0B_DICebvRE-kdktSWHgxZS1LRkU>",
        "ts": "1496461690.459764"
    },
    {
        "type": "message",
        "user": "U5KM798UF",
        "text": "The forward method in the Resnet class in that file can be simplified to reduce memory usage.",
        "ts": "1496461759.462788"
    },
    {
        "type": "message",
        "user": "U5N8BFCA1",
        "text": "oh yeah that's it",
        "ts": "1496461804.464831"
    },
    {
        "type": "message",
        "user": "U5N8BFCA1",
        "text": "holy shit <@U5HP43Y5R> and <@U5KM798UF> you guys are fucking awesome. I was going to look into how to add pretaining in pytorch",
        "ts": "1496461861.467338"
    },
    {
        "type": "message",
        "user": "U5HP43Y5R",
        "text": "there is new software",
        "ts": "1496461901.469058"
    },
    {
        "type": "message",
        "user": "U5HP43Y5R",
        "text": "forest-developer\/standard\/code\/standard-7 in google drive",
        "ts": "1496461912.469557"
    },
    {
        "type": "message",
        "user": "U5HP43Y5R",
        "text": "it includes pretrain model loading and cyclic learning rate (not fully tested)",
        "ts": "1496461937.470735"
    },
    {
        "type": "message",
        "user": "U5HP43Y5R",
        "text": "i am uploading it.",
        "ts": "1496461955.471527"
    },
    {
        "type": "message",
        "user": "U5HP43Y5R",
        "text": "sub be up in 5 min",
        "ts": "1496461962.471847"
    },
    {
        "type": "message",
        "user": "U5HP43Y5R",
        "text": "it support tif too",
        "ts": "1496461971.472252"
    },
    {
        "type": "message",
        "user": "U5N8BFCA1",
        "text": "haha leave something for me to contribute :wink:",
        "ts": "1496461990.473379"
    },
    {
        "type": "message",
        "user": "U5HP43Y5R",
        "text": "if you are using jpg only, please modify the KgForestDatset accordingly",
        "ts": "1496461996.473698"
    },
    {
        "type": "message",
        "user": "U5HP43Y5R",
        "text": "my results is in",
        "ts": "1496462013.474371"
    },
    {
        "type": "message",
        "user": "U5N8BFCA1",
        "text": "modify the KgForestDataset in standard-7?",
        "ts": "1496462072.476888"
    },
    {
        "type": "message",
        "user": "U5HP43Y5R",
        "text": "forest-developer\/standard\/standard-1.xlsx",
        "ts": "1496462116.478860"
    },
    {
        "type": "message",
        "user": "U5HP43Y5R",
        "text": "&gt;&gt; modify the KgForestDataset in standard-7?\nyes",
        "ts": "1496462125.479205"
    },
    {
        "type": "message",
        "user": "U5HP43Y5R",
        "text": "<https:\/\/drive.google.com\/drive\/folders\/0B_DICebvRE-kMkI5NDBIQWF1MnM>",
        "ts": "1496462340.488737"
    },
    {
        "type": "message",
        "user": "U5N8BFCA1",
        "text": "did the tif files help?",
        "ts": "1496462629.504311"
    },
    {
        "type": "message",
        "user": "U5HP43Y5R",
        "text": "should help",
        "ts": "1496462650.505430"
    },
    {
        "type": "message",
        "user": "U5HP43Y5R",
        "text": "early experiments",
        "ts": "1496462658.505816"
    },
    {
        "type": "message",
        "user": "U5HP43Y5R",
        "text": "more results next week",
        "ts": "1496462665.506133"
    },
    {
        "type": "message",
        "user": "U5N8BFCA1",
        "text": "cool, i need to pick up my phone charger and some dinner. Im going to try to get this running and then work on a quick tif file toggle",
        "ts": "1496462719.508992"
    },
    {
        "type": "message",
        "user": "U5N8BFCA1",
        "text": "FileNotFoundError: [Errno 2] No such file or directory: '.\/share\/data\/kaggle-forest\/classification\/split\/train-32479'",
        "ts": "1496463283.536644"
    },
    {
        "type": "message",
        "user": "U5N8BFCA1",
        "text": "looks like i need to produce this file",
        "ts": "1496463295.537196"
    },
    {
        "type": "message",
        "user": "U5N8BFCA1",
        "text": "should I just copy 5k lines out of it and paste in the corresponding valid file?",
        "ts": "1496463327.538835"
    },
    {
        "type": "message",
        "user": "U5N8BFCA1",
        "text": "oh i dont even have the classification directory :stuck_out_tongue:",
        "ts": "1496463408.542791"
    },
    {
        "type": "message",
        "user": "U5N8BFCA1",
        "text": "though that makes no difference",
        "ts": "1496463466.545515"
    },
    {
        "type": "message",
        "user": "U5N8BFCA1",
        "text": "<@U5HP43Y5R> do you know if 'does that mean that the sample size is getting too small that the normal distribution properties (or reliability) gets lost, making it more like a t-distribution?' is why too small of batch sizes doesn't yield good results",
        "ts": "1496463525.548467"
    },
    {
        "type": "message",
        "user": "U5HP43Y5R",
        "text": "check data folder in the goggle drive to get the train validation split",
        "ts": "1496463611.552664"
    },
    {
        "type": "message",
        "user": "U5N8BFCA1",
        "text": "do you think it is ok if I made the split myself?",
        "ts": "1496464596.596952"
    },
    {
        "type": "message",
        "user": "U5N8BFCA1",
        "text": "It is training now",
        "ts": "1496464603.597234"
    },
    {
        "type": "message",
        "user": "U5N8BFCA1",
        "text": "but i just cancelled since i can kick up the batch and image size now :smiley:",
        "ts": "1496464656.599481"
    },
    {
        "type": "message",
        "user": "U5N8BFCA1",
        "text": "i was only using about 4GB",
        "ts": "1496464816.606166"
    },
    {
        "type": "message",
        "user": "U5N8BFCA1",
        "text": "normalization usually creates a normal distribution within a range (ie [-1, 1]), right?",
        "ts": "1496464860.607807"
    },
    {
        "type": "message",
        "user": "U5HP43Y5R",
        "text": "should not make any difference",
        "edited": {
            "user": "U5HP43Y5R",
            "ts": "1496464877.000000"
        },
        "ts": "1496464862.607907"
    },
    {
        "type": "message",
        "user": "U5N8BFCA1",
        "text": "great thanks, do you know the questions?",
        "ts": "1496464903.609574"
    },
    {
        "type": "message",
        "user": "U5N8BFCA1",
        "text": "I guess the last question answers the first",
        "ts": "1496464914.610020"
    },
    {
        "type": "message",
        "user": "U5N8BFCA1",
        "text": "ahh i keep checking my phone",
        "ts": "1496464936.610899"
    },
    {
        "type": "message",
        "user": "U5HP43Y5R",
        "text": "&gt;&gt; normalization usually creates a normal distribution within a range (ie [-1, 1]), right?",
        "ts": "1496464936.610933"
    },
    {
        "type": "message",
        "user": "U5HP43Y5R",
        "text": "it can go beyond -1,1. but 98% of data is within 2xstd",
        "ts": "1496464966.612048"
    },
    {
        "type": "message",
        "user": "U5N8BFCA1",
        "text": "awesome thanks, time for food :smiley: ill be back and continue reading\/modding",
        "ts": "1496465017.614151"
    },
    {
        "type": "message",
        "user": "U5N8BFCA1",
        "text": "it doesn't seem to have done as well",
        "ts": "1496470827.849771"
    },
    {
        "type": "message",
        "user": "U5N8BFCA1",
        "text": "42.0     338    0.0001   |  0.092  | 0.104  0.914 | 0.089  0.922  |  1.6 min\n 43.0     338    0.0001   |  0.089  | 0.093  0.908 | 0.089  0.923  |  1.6 min\n\n.\/share\/project\/pytorch\/results\/kaggle-forest\/fusenet-xxx1\/snap\/final.torch:\n        all time to train=70.5 min\n        test_loss=0.089476, test_acc=0.922693\n\nsucess!\n[22:59 cory@sprucemoose forest-1] &gt; :smiley:",
        "ts": "1496470828.849829"
    },
    {
        "type": "message",
        "user": "U5HP43Y5R",
        "text": ":+1:",
        "ts": "1496470851.850605"
    },
    {
        "type": "message",
        "user": "U5N8BFCA1",
        "text": "cool =D",
        "ts": "1496470863.851031"
    },
    {
        "type": "message",
        "user": "U5N8BFCA1",
        "text": "looking at the change in validation acc, increasing the epochs probably would do nothing",
        "ts": "1496470973.855167"
    },
    {
        "type": "message",
        "user": "U5HP43Y5R",
        "text": "this is resnet18?",
        "ts": "1496471075.859252"
    },
    {
        "type": "message",
        "user": "U5HP43Y5R",
        "text": "jpg?",
        "ts": "1496471084.859568"
    },
    {
        "type": "message",
        "user": "U5N8BFCA1",
        "text": "FuseNet",
        "ts": "1496471086.859627"
    },
    {
        "type": "message",
        "user": "U5HP43Y5R",
        "text": "jpg + tif?",
        "ts": "1496471095.860003"
    },
    {
        "type": "message",
        "user": "U5N8BFCA1",
        "text": "i should change that it seems",
        "ts": "1496471100.860216"
    },
    {
        "type": "message",
        "user": "U5N8BFCA1",
        "text": "just jpg",
        "ts": "1496471102.860362"
    },
    {
        "type": "message",
        "user": "U5N8BFCA1",
        "text": "i take it my test_acc is unexpected? I raised the image size to 160 in order to make use of more ram",
        "ts": "1496471201.864429"
    },
    {
        "type": "message",
        "user": "U5N8BFCA1",
        "text": "ah, or should I use just JpgNet since Im using just jpg",
        "ts": "1496471241.866143"
    },
    {
        "type": "message",
        "subtype": "file_share",
        "text": "<@U5HP43Y5R|hengcherkeng235> uploaded a file: <https:\/\/share-kaggle-forest.slack.com\/files\/hengcherkeng235\/F5P18AKM5\/selection_008.png|Selection_008.png>",
        "file": {
            "id": "F5P18AKM5",
            "created": 1496471250,
            "timestamp": 1496471250,
            "name": "Selection_008.png",
            "title": "Selection_008.png",
            "mimetype": "image\/png",
            "filetype": "png",
            "pretty_type": "PNG",
            "user": "U5HP43Y5R",
            "editable": false,
            "size": 72090,
            "mode": "hosted",
            "is_external": false,
            "external_type": "",
            "is_public": true,
            "public_url_shared": false,
            "display_as_bot": false,
            "username": "",
            "url_private": "https:\/\/files.slack.com\/files-pri\/T5HSQH1A8-F5P18AKM5\/selection_008.png?t=xoxe-187908579348-196951736772-196902393266-9bbe2c757c",
            "url_private_download": "https:\/\/files.slack.com\/files-pri\/T5HSQH1A8-F5P18AKM5\/download\/selection_008.png?t=xoxe-187908579348-196951736772-196902393266-9bbe2c757c",
            "thumb_64": "https:\/\/files.slack.com\/files-tmb\/T5HSQH1A8-F5P18AKM5-52d457f16a\/selection_008_64.png?t=xoxe-187908579348-196951736772-196902393266-9bbe2c757c",
            "thumb_80": "https:\/\/files.slack.com\/files-tmb\/T5HSQH1A8-F5P18AKM5-52d457f16a\/selection_008_80.png?t=xoxe-187908579348-196951736772-196902393266-9bbe2c757c",
            "thumb_360": "https:\/\/files.slack.com\/files-tmb\/T5HSQH1A8-F5P18AKM5-52d457f16a\/selection_008_360.png?t=xoxe-187908579348-196951736772-196902393266-9bbe2c757c",
            "thumb_360_w": 360,
            "thumb_360_h": 106,
            "thumb_480": "https:\/\/files.slack.com\/files-tmb\/T5HSQH1A8-F5P18AKM5-52d457f16a\/selection_008_480.png?t=xoxe-187908579348-196951736772-196902393266-9bbe2c757c",
            "thumb_480_w": 480,
            "thumb_480_h": 141,
            "thumb_160": "https:\/\/files.slack.com\/files-tmb\/T5HSQH1A8-F5P18AKM5-52d457f16a\/selection_008_160.png?t=xoxe-187908579348-196951736772-196902393266-9bbe2c757c",
            "thumb_720": "https:\/\/files.slack.com\/files-tmb\/T5HSQH1A8-F5P18AKM5-52d457f16a\/selection_008_720.png?t=xoxe-187908579348-196951736772-196902393266-9bbe2c757c",
            "thumb_720_w": 720,
            "thumb_720_h": 211,
            "thumb_800": "https:\/\/files.slack.com\/files-tmb\/T5HSQH1A8-F5P18AKM5-52d457f16a\/selection_008_800.png?t=xoxe-187908579348-196951736772-196902393266-9bbe2c757c",
            "thumb_800_w": 800,
            "thumb_800_h": 235,
            "thumb_960": "https:\/\/files.slack.com\/files-tmb\/T5HSQH1A8-F5P18AKM5-52d457f16a\/selection_008_960.png?t=xoxe-187908579348-196951736772-196902393266-9bbe2c757c",
            "thumb_960_w": 960,
            "thumb_960_h": 282,
            "thumb_1024": "https:\/\/files.slack.com\/files-tmb\/T5HSQH1A8-F5P18AKM5-52d457f16a\/selection_008_1024.png?t=xoxe-187908579348-196951736772-196902393266-9bbe2c757c",
            "thumb_1024_w": 1024,
            "thumb_1024_h": 300,
            "image_exif_rotation": 1,
            "original_w": 1220,
            "original_h": 358,
            "permalink": "https:\/\/share-kaggle-forest.slack.com\/files\/hengcherkeng235\/F5P18AKM5\/selection_008.png",
            "permalink_public": "https:\/\/slack-files.com\/T5HSQH1A8-F5P18AKM5-eeb4cd983e",
            "channels": [
                "C5HU2FQJ1"
            ],
            "groups": [],
            "ims": [],
            "comments_count": 0
        },
        "user": "U5HP43Y5R",
        "upload": true,
        "display_as_bot": false,
        "username": "hengcherkeng235",
        "bot_id": null,
        "ts": "1496471253.866579"
    },
    {
        "type": "message",
        "user": "U5HP43Y5R",
        "text": "there is improvement if you plot precision-recall curve class by class",
        "ts": "1496471280.867502"
    },
    {
        "type": "message",
        "user": "U5HP43Y5R",
        "text": "i think some class will improve",
        "ts": "1496471355.870252"
    },
    {
        "type": "message",
        "user": "U5HP43Y5R",
        "text": "i am making the precision curve per class",
        "ts": "1496471374.870966"
    },
    {
        "type": "message",
        "user": "U5N8BFCA1",
        "text": "seems tif gives no improvement after ~10 epochs",
        "ts": "1496471383.871254"
    },
    {
        "type": "message",
        "user": "U5HP43Y5R",
        "text": "there is",
        "ts": "1496471422.873150"
    },
    {
        "type": "message",
        "user": "U5HP43Y5R",
        "text": "if tif does not help at all, the purple graph should be in between red and blue",
        "ts": "1496471453.874330"
    },
    {
        "type": "message",
        "user": "U5HP43Y5R",
        "text": "the fact that the pruple is still the same as red means that some class improve  and some class get worst",
        "ts": "1496471485.875462"
    },
    {
        "type": "message",
        "user": "U5HP43Y5R",
        "text": "or some images get better and some get worse",
        "ts": "1496471496.875977"
    },
    {
        "type": "message",
        "user": "U5N8BFCA1",
        "text": "sorry, i was a bit hyperbolic",
        "ts": "1496471497.876025"
    },
    {
        "type": "message",
        "user": "U5N8BFCA1",
        "text": "seems tif gives little* improvement after ~10 epochs",
        "ts": "1496471509.876495"
    },
    {
        "type": "message",
        "user": "U5HP43Y5R",
        "text": "we need to find out which gets better and use tif selectively",
        "ts": "1496471513.876650"
    },
    {
        "type": "message",
        "user": "U5N8BFCA1",
        "text": "hm that makes sense",
        "ts": "1496471531.877394"
    },
    {
        "type": "message",
        "user": "U5HP43Y5R",
        "text": "so it is not direct combination. there are some tricks",
        "ts": "1496471533.877460"
    },
    {
        "type": "message",
        "user": "U5N8BFCA1",
        "text": "from the training set, there are no cloudy attributes with other labels, right?",
        "ts": "1496471569.878988"
    },
    {
        "type": "message",
        "user": "U5HP43Y5R",
        "text": "correct",
        "edited": {
            "user": "U5HP43Y5R",
            "ts": "1496471668.000000"
        },
        "ts": "1496471641.881883"
    },
    {
        "type": "message",
        "user": "U5N8BFCA1",
        "text": "yup here's the verification",
        "ts": "1496471691.883789"
    },
    {
        "type": "message",
        "user": "U5N8BFCA1",
        "text": "[23:33 cory@sprucemoose forest-1] &gt; :smiley: grep 'cloudy' share\/data\/kaggle-forest\/image\/train_v2.csv | gr\ntrain_12,cloudy\ntrain_14,cloudy\ntrain_26,cloudy\ntrain_50,cloudy\ntrain_68,cloudy\ntrain_72,cloudy",
        "ts": "1496471692.883826"
    },
    {
        "type": "message",
        "user": "U5N8BFCA1",
        "text": "I tried awhile back naively replacing cloudy with partly_cloudy if the instance's # of labels was &gt;=3 and removing the other label if ==2. Not surprisingly, it didn't do so well. However, I do believe I am onto something. That said, the dataset (including test) is kinda flawed\/biased and that seems to be part of these competitions (and a problems involving samples really)",
        "ts": "1496471848.889871"
    },
    {
        "type": "message",
        "user": "U5N8BFCA1",
        "text": "there's probably more effective corrections though",
        "ts": "1496471873.890796"
    },
    {
        "type": "message",
        "user": "U5HP43Y5R",
        "text": "if you check the channels, there are 4 topics",
        "ts": "1496472070.898829"
    },
    {
        "type": "message",
        "user": "U5HP43Y5R",
        "text": "multi labeling post processing so be done last",
        "ts": "1496472084.899342"
    },
    {
        "type": "message",
        "user": "U5HP43Y5R",
        "text": "it is better to focus on just how to work with tif for now, even if there is label noise",
        "ts": "1496472190.903582"
    },
    {
        "type": "message",
        "user": "U5HP43Y5R",
        "text": "i am quite sure the top 5 kaggle results now did not use much tif information",
        "ts": "1496472218.904690"
    },
    {
        "type": "message",
        "user": "U5HP43Y5R",
        "text": "so if you know how to use tif, there is a key to winning the competition",
        "ts": "1496472242.905514"
    },
    {
        "type": "message",
        "user": "U5HP43Y5R",
        "text": "Pynet is a multiscale net",
        "ts": "1496472265.906327"
    },
    {
        "type": "message",
        "user": "U5HP43Y5R",
        "text": "for quick results, pretrain resnet34 modified for multi-scale feature like pyNet should peform well",
        "edited": {
            "user": "U5HP43Y5R",
            "ts": "1496472313.000000"
        },
        "ts": "1496472295.907448"
    },
    {
        "type": "message",
        "user": "U5N8BFCA1",
        "text": "multiscale meaning different scales of the input?",
        "ts": "1496472367.910252"
    },
    {
        "type": "message",
        "user": "U5HP43Y5R",
        "text": "output",
        "ts": "1496472375.910578"
    },
    {
        "type": "message",
        "user": "U5HP43Y5R",
        "text": "<https:\/\/www.kaggle.com\/c\/planet-understanding-the-amazon-from-space\/discussion\/32402>",
        "ts": "1496472409.912172"
    },
    {
        "type": "message",
        "user": "U5N8BFCA1",
        "text": "ah i think i see. so using your example, a road could be wide v narrow or long v short?",
        "ts": "1496472487.914945"
    },
    {
        "type": "message",
        "user": "U5HP43Y5R",
        "text": "yes",
        "ts": "1496472509.915760"
    },
    {
        "type": "message",
        "user": "U5N8BFCA1",
        "text": "great. so potentially something tifs might help with is scale-invariance?",
        "ts": "1496472544.917054"
    },
    {
        "type": "message",
        "user": "U5HP43Y5R",
        "text": "<https:\/\/www.kaggle.com\/c\/planet-understanding-the-amazon-from-space\/discussion\/32953>",
        "ts": "1496472548.917185"
    },
    {
        "type": "message",
        "user": "U5HP43Y5R",
        "text": "&gt;&gt;so potentially something tifs might help with is scale-invariance?",
        "ts": "1496472559.917581"
    },
    {
        "type": "message",
        "user": "U5HP43Y5R",
        "text": "no",
        "ts": "1496472561.917640"
    },
    {
        "type": "message",
        "user": "U5HP43Y5R",
        "text": "tif has nir. will help for water and some material",
        "ts": "1496472579.918338"
    },
    {
        "type": "message",
        "user": "U5N8BFCA1",
        "text": "ah cool <http:\/\/diydrones.com\/profiles\/blogs\/visible-rgb-and-full-spectrum-rgb-nir-imagery-geo-referenced-ndvi>",
        "attachments": [
            {
                "title": "Visible (RGB) and Full Spectrum (RGB+NIR) Imagery - Geo-referenced NDVI Generation and Remote Sensing by UAV",
                "title_link": "http:\/\/diydrones.com\/profiles\/blogs\/visible-rgb-and-full-spectrum-rgb-nir-imagery-geo-referenced-ndvi",
                "text": "Thanks to Pteryx for this great data set! In order to generate a geo-referenced NDVI \/ EVI \/ EVI2 Vegetation Index we need to fly the area of interest (AOI) w…",
                "fallback": "Visible (RGB) and Full Spectrum (RGB+NIR) Imagery - Geo-referenced NDVI Generation and Remote Sensing by UAV",
                "from_url": "http:\/\/diydrones.com\/profiles\/blogs\/visible-rgb-and-full-spectrum-rgb-nir-imagery-geo-referenced-ndvi",
                "service_icon": "http:\/\/diydrones.com\/favicon.ico",
                "service_name": "diydrones.com",
                "id": 1
            }
        ],
        "ts": "1496472766.925596"
    },
    {
        "type": "message",
        "user": "U5N8BFCA1",
        "text": "there must be a good source on extracting this information through cnn's",
        "ts": "1496472788.926412"
    },
    {
        "type": "message",
        "user": "U5N8BFCA1",
        "text": "just curious, we get our scale-invariance from convolutions, pooling, and\/or dropout?",
        "ts": "1496472831.928248"
    }
]