[
    {
        "type": "message",
        "user": "U5JUR607L",
        "text": "WOW, that's a big deal. Hopefully we get better results with 4 bands images now =DDD",
        "ts": "1496842427.194350"
    },
    {
        "type": "message",
        "user": "U5HP43Y5R",
        "text": "<https:\/\/arxiv.org\/abs\/1703.00121>",
        "ts": "1496842966.398866"
    },
    {
        "type": "message",
        "user": "U5HP43Y5R",
        "text": "<http:\/\/www.escience.cn\/people\/JunweiHan\/NWPU-RESISC45.html>",
        "attachments": [
            {
                "title": "NWPU-RESISC45 dataset-Junwei Han （韩军伟）'s scholar homepage",
                "title_link": "http:\/\/www.escience.cn\/people\/JunweiHan\/NWPU-RESISC45.html",
                "text": "Junwei Han （韩军伟）,Northwestern Polytechnical University （西北工业大学）,Professor，Vice Dean of School of Automation, Deputy Director of Key Laboratory of Information Fusion Technology, Ministry of Education  Research Interests:Computer vision,Multimedia information processing,Brain imaging analysis,remote sensing image processing Introduction:",
                "fallback": "NWPU-RESISC45 dataset-Junwei Han （韩军伟）'s scholar homepage",
                "from_url": "http:\/\/www.escience.cn\/people\/JunweiHan\/NWPU-RESISC45.html",
                "service_name": "escience.cn",
                "id": 1
            }
        ],
        "ts": "1496843067.437958"
    },
    {
        "type": "message",
        "user": "U5HP43Y5R",
        "text": "Check with you all",
        "ts": "1496843665.679670"
    },
    {
        "type": "message",
        "user": "U5HP43Y5R",
        "text": "If i used test and train to learn auto encoder( without label), is it against the rule?",
        "edited": {
            "user": "U5HP43Y5R",
            "ts": "1496843723.000000"
        },
        "ts": "1496843701.694488"
    },
    {
        "type": "message",
        "user": "U5M5E9DHN",
        "text": "Btw, how do you guys use 4 band tif image?",
        "ts": "1496843819.743767"
    },
    {
        "type": "message",
        "user": "U5JUR607L",
        "text": "Not shure, Heng.",
        "ts": "1496843850.756934"
    },
    {
        "type": "message",
        "user": "U5JUR607L",
        "text": "woshianderson you can do:",
        "ts": "1496843876.767734"
    },
    {
        "type": "message",
        "user": "U5HP43Y5R",
        "text": "Check my ppt in google drive for using tif",
        "ts": "1496843883.770493"
    },
    {
        "type": "message",
        "user": "U5HP43Y5R",
        "text": "Tif.pptx",
        "ts": "1496843893.774715"
    },
    {
        "type": "message",
        "subtype": "file_share",
        "text": "<@U5JUR607L|felipesb> uploaded a file: <https:\/\/share-kaggle-forest.slack.com\/files\/felipesb\/F5Q4LF1N1\/-.txt|Untitled>",
        "file": {
            "id": "F5Q4LF1N1",
            "created": 1496843900,
            "timestamp": 1496843900,
            "name": "-.txt",
            "title": "Untitled",
            "mimetype": "text\/plain",
            "filetype": "text",
            "pretty_type": "Plain Text",
            "user": "U5JUR607L",
            "editable": true,
            "size": 44,
            "mode": "snippet",
            "is_external": false,
            "external_type": "",
            "is_public": true,
            "public_url_shared": false,
            "display_as_bot": false,
            "username": "",
            "url_private": "https:\/\/files.slack.com\/files-pri\/T5HSQH1A8-F5Q4LF1N1\/-.txt?t=xoxe-187908579348-196951736772-196902393266-9bbe2c757c",
            "url_private_download": "https:\/\/files.slack.com\/files-pri\/T5HSQH1A8-F5Q4LF1N1\/download\/-.txt?t=xoxe-187908579348-196951736772-196902393266-9bbe2c757c",
            "permalink": "https:\/\/share-kaggle-forest.slack.com\/files\/felipesb\/F5Q4LF1N1\/-.txt",
            "permalink_public": "https:\/\/slack-files.com\/T5HSQH1A8-F5Q4LF1N1-02537ea181",
            "edit_link": "https:\/\/share-kaggle-forest.slack.com\/files\/felipesb\/F5Q4LF1N1\/-.txt\/edit",
            "preview": "import cv2\r\n\r\ncv2.imread(\"lalala.tif\", -1)\r\n",
            "preview_highlight": "<div class=\"CodeMirror cm-s-default CodeMirrorServer\" oncopy=\"if(event.clipboardData){event.clipboardData.setData('text\/plain',window.getSelection().toString().replace(\/\\u200b\/g,''));event.preventDefault();event.stopPropagation();}\">\n<div class=\"CodeMirror-code\">\n<div><pre>import cv2<\/pre><\/div>\n<div><pre><\/pre><\/div>\n<div><pre>cv2.imread(&quot;lalala.tif&quot;, -1)<\/pre><\/div>\n<div><pre><\/pre><\/div>\n<\/div>\n<\/div>\n",
            "lines": 4,
            "lines_more": 0,
            "preview_is_truncated": false,
            "channels": [
                "C5HU2FQJ1"
            ],
            "groups": [],
            "ims": [],
            "comments_count": 0
        },
        "user": "U5JUR607L",
        "upload": true,
        "display_as_bot": false,
        "username": "felipesb",
        "bot_id": null,
        "ts": "1496843901.778217"
    },
    {
        "type": "message",
        "user": "U5M5E9DHN",
        "text": "<@U5HP43Y5R> will the resisc45 dataset be helpful?\n",
        "ts": "1496843903.779050"
    },
    {
        "type": "message",
        "user": "U5JUR607L",
        "text": "this wil give you a (256,256,4) img",
        "ts": "1496843925.789095"
    },
    {
        "type": "message",
        "user": "U5HP43Y5R",
        "text": "I think cv has some error in some tif image",
        "ts": "1496843942.796316"
    },
    {
        "type": "message",
        "user": "U5HP43Y5R",
        "text": "Not all will work",
        "ts": "1496843954.801421"
    },
    {
        "type": "message",
        "user": "U5HP43Y5R",
        "text": "Sometimes it return error or zero image",
        "ts": "1496843987.814889"
    },
    {
        "type": "message",
        "user": "U5HP43Y5R",
        "text": "Resisc45 may be used for pretraining",
        "ts": "1496844007.824665"
    },
    {
        "type": "message",
        "user": "U5HP43Y5R",
        "text": "Pretraining a already pretrained net",
        "ts": "1496844034.837320"
    },
    {
        "type": "message",
        "user": "U5HP43Y5R",
        "text": "But i think auto encoder works better",
        "ts": "1496844060.848641"
    },
    {
        "type": "message",
        "user": "U5HP43Y5R",
        "text": "At least auto encode ensure test and train living in the same space",
        "ts": "1496844102.867787"
    },
    {
        "type": "message",
        "user": "U5JUR607L",
        "text": "humm, gonna check my cv implementation. Thanks hengcherkeng235",
        "ts": "1496844155.890858"
    },
    {
        "type": "message",
        "user": "U5JUR607L",
        "text": "Are you going to train a (img) -&gt; (17) -&gt; (17) -&gt; (img)",
        "ts": "1496844192.906406"
    },
    {
        "type": "message",
        "user": "U5HP43Y5R",
        "text": "Here is another idea for you",
        "ts": "1496844204.911589"
    },
    {
        "type": "message",
        "user": "U5JUR607L",
        "text": "or will you stop at an fc layer",
        "ts": "1496844209.913597"
    },
    {
        "type": "message",
        "user": "U5JUR607L",
        "text": "?",
        "ts": "1496844211.914481"
    },
    {
        "type": "message",
        "user": "U5HP43Y5R",
        "text": "Add distortion augmentation ",
        "ts": "1496844213.915485"
    },
    {
        "type": "message",
        "user": "U5HP43Y5R",
        "text": "It works for me",
        "ts": "1496844222.919384"
    },
    {
        "type": "message",
        "user": "U5JUR607L",
        "text": "=D\nThanks!!!",
        "ts": "1496844257.934303"
    },
    {
        "type": "message",
        "user": "U5HP43Y5R",
        "text": "Slight fisheye warp persoecrive grid etc",
        "ts": "1496844279.943285"
    },
    {
        "type": "message",
        "user": "U5JUR607L",
        "text": "By distortion you mean changing HUE, contrast and stuff?",
        "ts": "1496844287.946867"
    },
    {
        "type": "message",
        "user": "U5JUR607L",
        "text": "Ow, late quetion ='(",
        "ts": "1496844305.954660"
    },
    {
        "type": "message",
        "user": "U5HP43Y5R",
        "text": "Joint decoder and classification loss",
        "ts": "1496844330.965118"
    },
    {
        "type": "message",
        "user": "U5HP43Y5R",
        "text": "No",
        "ts": "1496844378.985754"
    },
    {
        "type": "message",
        "user": "U5HP43Y5R",
        "text": "Geometric distortion",
        "ts": "1496844388.989594"
    },
    {
        "type": "message",
        "user": "U5JUR607L",
        "text": "Well, why not both...",
        "ts": "1496844424.005211"
    },
    {
        "type": "message",
        "subtype": "file_share",
        "text": "<@U5HP43Y5R|hengcherkeng235> uploaded a file: <https:\/\/share-kaggle-forest.slack.com\/files\/hengcherkeng235\/F5PBSHK40\/image_uploaded_from_ios.jpg|Image uploaded from iOS>",
        "file": {
            "id": "F5PBSHK40",
            "created": 1496844423,
            "timestamp": 1496844423,
            "name": "Image uploaded from iOS.jpg",
            "title": "Image uploaded from iOS",
            "mimetype": "image\/jpeg",
            "filetype": "jpg",
            "pretty_type": "JPEG",
            "user": "U5HP43Y5R",
            "editable": false,
            "size": 37224,
            "mode": "hosted",
            "is_external": false,
            "external_type": "",
            "is_public": true,
            "public_url_shared": false,
            "display_as_bot": false,
            "username": "",
            "url_private": "https:\/\/files.slack.com\/files-pri\/T5HSQH1A8-F5PBSHK40\/image_uploaded_from_ios.jpg?t=xoxe-187908579348-196951736772-196902393266-9bbe2c757c",
            "url_private_download": "https:\/\/files.slack.com\/files-pri\/T5HSQH1A8-F5PBSHK40\/download\/image_uploaded_from_ios.jpg?t=xoxe-187908579348-196951736772-196902393266-9bbe2c757c",
            "thumb_64": "https:\/\/files.slack.com\/files-tmb\/T5HSQH1A8-F5PBSHK40-82024e02a1\/image_uploaded_from_ios_64.jpg?t=xoxe-187908579348-196951736772-196902393266-9bbe2c757c",
            "thumb_80": "https:\/\/files.slack.com\/files-tmb\/T5HSQH1A8-F5PBSHK40-82024e02a1\/image_uploaded_from_ios_80.jpg?t=xoxe-187908579348-196951736772-196902393266-9bbe2c757c",
            "thumb_360": "https:\/\/files.slack.com\/files-tmb\/T5HSQH1A8-F5PBSHK40-82024e02a1\/image_uploaded_from_ios_360.jpg?t=xoxe-187908579348-196951736772-196902393266-9bbe2c757c",
            "thumb_360_w": 225,
            "thumb_360_h": 225,
            "thumb_160": "https:\/\/files.slack.com\/files-tmb\/T5HSQH1A8-F5PBSHK40-82024e02a1\/image_uploaded_from_ios_160.jpg?t=xoxe-187908579348-196951736772-196902393266-9bbe2c757c",
            "image_exif_rotation": 1,
            "original_w": 225,
            "original_h": 225,
            "permalink": "https:\/\/share-kaggle-forest.slack.com\/files\/hengcherkeng235\/F5PBSHK40\/image_uploaded_from_ios.jpg",
            "permalink_public": "https:\/\/slack-files.com\/T5HSQH1A8-F5PBSHK40-c50983520a",
            "channels": [
                "C5HU2FQJ1"
            ],
            "groups": [],
            "ims": [],
            "comments_count": 0
        },
        "user": "U5HP43Y5R",
        "upload": true,
        "display_as_bot": false,
        "username": "hengcherkeng235",
        "bot_id": null,
        "upload_reply_to": "CC82F73A-56A0-4EDA-B702-F9EC849A0B36",
        "ts": "1496844425.005723"
    },
    {
        "type": "message",
        "user": "U5M5E9DHN",
        "text": "Compare_tif.pptx?",
        "ts": "1496844438.011546"
    },
    {
        "type": "message",
        "user": "U5HP43Y5R",
        "text": "Yes",
        "ts": "1496844593.076757"
    },
    {
        "type": "message",
        "subtype": "file_share",
        "text": "<@U5HP43Y5R|hengcherkeng235> uploaded a file: <https:\/\/share-kaggle-forest.slack.com\/files\/hengcherkeng235\/F5Q21UANN\/image_uploaded_from_ios.jpg|Image uploaded from iOS>",
        "file": {
            "id": "F5Q21UANN",
            "created": 1496844598,
            "timestamp": 1496844598,
            "name": "Image uploaded from iOS.jpg",
            "title": "Image uploaded from iOS",
            "mimetype": "image\/jpeg",
            "filetype": "jpg",
            "pretty_type": "JPEG",
            "user": "U5HP43Y5R",
            "editable": false,
            "size": 27036,
            "mode": "hosted",
            "is_external": false,
            "external_type": "",
            "is_public": true,
            "public_url_shared": false,
            "display_as_bot": false,
            "username": "",
            "url_private": "https:\/\/files.slack.com\/files-pri\/T5HSQH1A8-F5Q21UANN\/image_uploaded_from_ios.jpg?t=xoxe-187908579348-196951736772-196902393266-9bbe2c757c",
            "url_private_download": "https:\/\/files.slack.com\/files-pri\/T5HSQH1A8-F5Q21UANN\/download\/image_uploaded_from_ios.jpg?t=xoxe-187908579348-196951736772-196902393266-9bbe2c757c",
            "thumb_64": "https:\/\/files.slack.com\/files-tmb\/T5HSQH1A8-F5Q21UANN-2eff1039ea\/image_uploaded_from_ios_64.jpg?t=xoxe-187908579348-196951736772-196902393266-9bbe2c757c",
            "thumb_80": "https:\/\/files.slack.com\/files-tmb\/T5HSQH1A8-F5Q21UANN-2eff1039ea\/image_uploaded_from_ios_80.jpg?t=xoxe-187908579348-196951736772-196902393266-9bbe2c757c",
            "thumb_360": "https:\/\/files.slack.com\/files-tmb\/T5HSQH1A8-F5Q21UANN-2eff1039ea\/image_uploaded_from_ios_360.jpg?t=xoxe-187908579348-196951736772-196902393266-9bbe2c757c",
            "thumb_360_w": 300,
            "thumb_360_h": 168,
            "thumb_160": "https:\/\/files.slack.com\/files-tmb\/T5HSQH1A8-F5Q21UANN-2eff1039ea\/image_uploaded_from_ios_160.jpg?t=xoxe-187908579348-196951736772-196902393266-9bbe2c757c",
            "image_exif_rotation": 1,
            "original_w": 300,
            "original_h": 168,
            "permalink": "https:\/\/share-kaggle-forest.slack.com\/files\/hengcherkeng235\/F5Q21UANN\/image_uploaded_from_ios.jpg",
            "permalink_public": "https:\/\/slack-files.com\/T5HSQH1A8-F5Q21UANN-62a0896c90",
            "channels": [
                "C5HU2FQJ1"
            ],
            "groups": [],
            "ims": [],
            "comments_count": 0
        },
        "user": "U5HP43Y5R",
        "upload": true,
        "display_as_bot": false,
        "username": "hengcherkeng235",
        "bot_id": null,
        "upload_reply_to": "554B73EE-1C31-458A-BCA9-E38F4895FC80",
        "ts": "1496844599.078990"
    },
    {
        "type": "message",
        "user": "U5HP43Y5R",
        "text": "This kind of warp distortion ",
        "ts": "1496844623.089064"
    },
    {
        "type": "message",
        "user": "U5HP43Y5R",
        "text": "Just a bit",
        "ts": "1496844632.092699"
    },
    {
        "type": "message",
        "user": "U5M5E9DHN",
        "text": "Thanks! <@U5HP43Y5R> ",
        "ts": "1496844670.108678"
    },
    {
        "type": "message",
        "user": "U5JUR607L",
        "text": "I will give it a try!\nWill also mess with HUE and contrast to see if I get any improvements. Test will start after my calculus exam ='(",
        "ts": "1496844736.136173"
    },
    {
        "type": "message",
        "user": "U5KM798UF",
        "text": "I'm so glad I'm done all the calculus I need, <@U5JUR607L> ",
        "ts": "1496844900.201712"
    },
    {
        "type": "message",
        "user": "U5JUR607L",
        "text": "=D",
        "ts": "1496845483.447475"
    },
    {
        "type": "message",
        "user": "U5HP43Y5R",
        "text": "i lso want to try unsupervised learning like this:",
        "ts": "1496845844.606871"
    },
    {
        "type": "message",
        "user": "U5HP43Y5R",
        "text": "the  main  goal  of  our  method  is  to  add  unlabeled  im-\nages to the initial training set in order to classify more test\nimages correctly.",
        "ts": "1496845850.609619"
    },
    {
        "type": "message",
        "user": "U5HP43Y5R",
        "text": "<http:\/\/www.cv-foundation.org\/openaccess\/content_cvpr_2013\/papers\/Choi_Adding_Unlabeled_Samples_2013_CVPR_paper.pdf>",
        "ts": "1496845859.613888"
    },
    {
        "type": "message",
        "user": "U5HP43Y5R",
        "text": "important trick!",
        "ts": "1496857376.465817"
    },
    {
        "type": "message",
        "user": "U5HP43Y5R",
        "text": "majority voting, averaging is not the best way to do  ensemble",
        "ts": "1496857413.479734"
    },
    {
        "type": "message",
        "user": "U5HP43Y5R",
        "text": "remeber that we are asking for f2 score, which favours recall",
        "ts": "1496857440.490477"
    },
    {
        "type": "message",
        "user": "U5L4Y93HC",
        "text": "But for augmentation on test data averaging is still the only way, right?",
        "ts": "1496857459.497479"
    },
    {
        "type": "message",
        "user": "U5HP43Y5R",
        "text": "majority voting, averaging favours  precision and recall equally",
        "ts": "1496857459.497839"
    },
    {
        "type": "message",
        "user": "U5HP43Y5R",
        "text": "or put it in another way, say i got 10 csv results",
        "edited": {
            "user": "U5HP43Y5R",
            "ts": "1496857570.000000"
        },
        "ts": "1496857534.527641"
    },
    {
        "type": "message",
        "user": "U5HP43Y5R",
        "text": "setting threshold 0.4 may be better than 0.5",
        "ts": "1496857557.536582"
    },
    {
        "type": "message",
        "user": "U5HP43Y5R",
        "text": "it no need 50% majority",
        "ts": "1496857595.551607"
    },
    {
        "type": "message",
        "user": "U5HP43Y5R",
        "text": "maybe 40% majority, etc",
        "ts": "1496857608.556765"
    },
    {
        "type": "message",
        "user": "U5L4Y93HC",
        "text": "That's exactly what I am doing already",
        "ts": "1496857613.558727"
    },
    {
        "type": "message",
        "user": "U5HP43Y5R",
        "text": "oh",
        "ts": "1496857617.560235"
    },
    {
        "type": "message",
        "user": "U5L4Y93HC",
        "text": "But for test-data augmentation I use averaging.",
        "ts": "1496857626.563955"
    },
    {
        "type": "message",
        "user": "U5HP43Y5R",
        "text": "this 50% to 33% majority increase my LB by 0.0008",
        "edited": {
            "user": "U5HP43Y5R",
            "ts": "1496859655.000000"
        },
        "ts": "1496857685.587487"
    },
    {
        "type": "message",
        "user": "U5L4Y93HC",
        "text": "So for example for 0°, 90°, 180° and 270° I do not create 4 tresholds and then do voting, but 1 averages treshhold. I do not know whether this is good, but the idea is that a model should be invariant to transformations of the data so averaging seems practical",
        "ts": "1496857694.591172"
    },
    {
        "type": "message",
        "user": "U5HP43Y5R",
        "text": "i also doing averaging now",
        "ts": "1496857726.604163"
    },
    {
        "type": "message",
        "user": "U5HP43Y5R",
        "text": "but maybe that is not the best. someone can experiment more",
        "ts": "1496857752.614298"
    },
    {
        "type": "message",
        "user": "U5L4Y93HC",
        "text": "For pretraining did you use the same learning rate for all layers or different learning rates? I somehow can not get a leaderboard score better than 0.927 with my implementation..",
        "ts": "1496858171.780851"
    },
    {
        "type": "message",
        "user": "U5HP43Y5R",
        "text": "Same learning rate",
        "ts": "1496858226.803074"
    },
    {
        "type": "message",
        "user": "U5L4Y93HC",
        "text": "Okay, then I will try that",
        "ts": "1496858243.810134"
    },
    {
        "type": "message",
        "user": "U5L4Y93HC",
        "text": "Resnet 50 results: LB-Score=0.9289. Used base lr=0.1. Every block had a different learning rate (low-level filters had the lowest learning rate). weight-decay=0.0005, learning-rate-schedule: reducation by factor 0.33 every 16 epochs",
        "ts": "1496859538.318504"
    },
    {
        "type": "message",
        "user": "U5L4Y93HC",
        "text": "Ah and obviously I used augemented data",
        "ts": "1496859573.331797"
    },
    {
        "type": "message",
        "user": "U5HP43Y5R",
        "text": "224 or 256?",
        "ts": "1496859688.375948"
    },
    {
        "type": "message",
        "user": "U5L4Y93HC",
        "text": "256",
        "ts": "1496859693.377744"
    },
    {
        "type": "message",
        "user": "U5HP43Y5R",
        "text": "my best results is from resnet34",
        "ts": "1496859715.386163"
    },
    {
        "type": "message",
        "user": "U5HP43Y5R",
        "text": "single model is 0.93015",
        "ts": "1496859725.389788"
    },
    {
        "type": "message",
        "user": "U5HP43Y5R",
        "text": "my resnet50 is worst",
        "ts": "1496859738.394990"
    },
    {
        "type": "message",
        "user": "U5HP43Y5R",
        "text": "0.92995",
        "ts": "1496859745.397541"
    },
    {
        "type": "message",
        "user": "U5L4Y93HC",
        "text": "well still better than mine :smile:",
        "ts": "1496859754.400701"
    },
    {
        "type": "message",
        "user": "U5HP43Y5R",
        "text": "but this by 'luck'. it depends on the test augmentation, etc",
        "ts": "1496859778.409731"
    },
    {
        "type": "message",
        "user": "U5HP43Y5R",
        "text": "still within statistical error actually",
        "ts": "1496859795.416293"
    },
    {
        "type": "message",
        "user": "U5L4Y93HC",
        "text": "okay",
        "ts": "1496859861.441296"
    },
    {
        "type": "message",
        "user": "U5HP43Y5R",
        "text": "LR = StepLR(steps=[0,    10,    20,    35,    38,], \\\n    #            rates=[0.01, 0.005, 0.001, 0.0001, -1])",
        "ts": "1496859881.449358"
    },
    {
        "type": "message",
        "user": "U5HP43Y5R",
        "text": "my learning rates",
        "ts": "1496859896.454990"
    },
    {
        "type": "message",
        "user": "U5L4Y93HC",
        "text": "Is there a reason behind these or are these just random?",
        "ts": "1496859912.461115"
    },
    {
        "type": "message",
        "user": "U5HP43Y5R",
        "text": "by right, the rule is try the biggest rate until ti cannot improve any more, then lower",
        "edited": {
            "user": "U5HP43Y5R",
            "ts": "1496859966.000000"
        },
        "ts": "1496859952.477406"
    },
    {
        "type": "message",
        "user": "U5L4Y93HC",
        "text": "Yea, but why 0.01 and 0.005 and not 0.006? :smile:",
        "ts": "1496859992.492974"
    },
    {
        "type": "message",
        "user": "U5HP43Y5R",
        "text": "hmm",
        "ts": "1496860011.500539"
    },
    {
        "type": "message",
        "user": "U5HP43Y5R",
        "text": "try and error",
        "ts": "1496860024.505739"
    },
    {
        "type": "message",
        "user": "U5HP43Y5R",
        "text": "the difference is not large",
        "ts": "1496860033.508934"
    },
    {
        "type": "message",
        "user": "U5L4Y93HC",
        "text": "okay",
        "ts": "1496860069.523530"
    },
    {
        "type": "message",
        "user": "U5HP43Y5R",
        "text": "but as i say, sometimes it is by 'luck' each of us has different train, validation split",
        "ts": "1496860114.541437"
    },
    {
        "user": "U5Q5Q8L7M",
        "text": "<@U5Q5Q8L7M|apoorv> has joined the channel",
        "type": "message",
        "subtype": "channel_join",
        "ts": "1496860573.724523"
    },
    {
        "type": "message",
        "user": "U5L4Y93HC",
        "text": "<@U5HP43Y5R> With what kind of model are you achieving your current leaderboard score?",
        "ts": "1496862588.501761"
    },
    {
        "type": "message",
        "user": "U5L4Y93HC",
        "text": "And one more question: Do you think super good augmentation (much better than we currently have) would even be able to improve our results? Could it be that we are limited by the labels? For example I can imagine that street + agriculture will be very often in the training data, while only street and only agriculture are rare?",
        "ts": "1496864343.131899"
    },
    {
        "user": "U5R88SJT0",
        "text": "<@U5R88SJT0|clarkchong> has joined the channel",
        "type": "message",
        "subtype": "channel_join",
        "ts": "1496887891.427602"
    },
    {
        "user": "U5QE702DQ",
        "text": "<@U5QE702DQ|strideradu> has joined the channel",
        "type": "message",
        "subtype": "channel_join",
        "ts": "1496889777.653883"
    },
    {
        "type": "message",
        "user": "U5QE702DQ",
        "text": "Hi, so right now I should use only the jpg file for train and test? Since tiff file misaligned?",
        "ts": "1496889877.665562"
    },
    {
        "type": "message",
        "user": "U5HP43Y5R",
        "text": "image using resnet18,34,50, dense121 and inception3",
        "ts": "1496889884.666527"
    },
    {
        "type": "message",
        "user": "U5HP43Y5R",
        "text": "&gt;&gt;Do you think super good augmentation (much better than we currently have) w.... in theory yes. this is becuase the training loss is still lower than the validation (and LB). this means that there is still some overfitting",
        "ts": "1496889966.676468"
    },
    {
        "type": "message",
        "user": "U5HP43Y5R",
        "text": "&gt;&gt;o right now I should use only the jpg file\ncheck experiment results in google drive",
        "ts": "1496890002.681037"
    },
    {
        "type": "message",
        "user": "U5HP43Y5R",
        "text": "compare_tif.pptx",
        "ts": "1496890010.681955"
    },
    {
        "type": "message",
        "user": "U5R88SJT0",
        "text": "<@U5QE702DQ> the tiff file misalignment has been fixed",
        "ts": "1496890049.686806"
    },
    {
        "type": "message",
        "user": "U5R88SJT0",
        "text": "check the kernel by Robin",
        "ts": "1496890069.689316"
    },
    {
        "type": "message",
        "user": "U5QE702DQ",
        "text": "I see, thanks!",
        "ts": "1496890072.689636"
    },
    {
        "type": "message",
        "user": "U5R88SJT0",
        "text": "welcome :slightly_smiling_face:",
        "ts": "1496890083.691015"
    },
    {
        "type": "message",
        "user": "U5R88SJT0",
        "text": "In case people are wondering: <https:\/\/www.kaggle.com\/robinkraft\/fix-for-test-jpg-vs-tif-filenames>",
        "ts": "1496890104.693440"
    },
    {
        "type": "message",
        "user": "U5R88SJT0",
        "text": "Thanks <@U5HP43Y5R> for offering this channel!",
        "ts": "1496890124.695928"
    },
    {
        "type": "message",
        "user": "U5HP43Y5R",
        "text": "i think the misalignment is not fixed",
        "ts": "1496890139.697607"
    },
    {
        "type": "message",
        "user": "U5R88SJT0",
        "text": "I am beginner at DL, and looking forward to learning from y'all!",
        "ts": "1496890145.698378"
    },
    {
        "type": "message",
        "user": "U5R88SJT0",
        "text": "oh really?",
        "ts": "1496890147.698659"
    },
    {
        "type": "message",
        "user": "U5R88SJT0",
        "text": "does the file name mapping not fix it?",
        "ts": "1496890167.700920"
    },
    {
        "type": "message",
        "user": "U5HP43Y5R",
        "text": "the files corresondence are corrected",
        "ts": "1496890167.700974"
    },
    {
        "type": "message",
        "user": "U5HP43Y5R",
        "text": "the corrected tif and jpg are still misaligned",
        "ts": "1496890182.702543"
    },
    {
        "type": "message",
        "user": "U5R88SJT0",
        "text": "my bad, thanks for the correction",
        "ts": "1496890183.702687"
    },
    {
        "type": "message",
        "user": "U5HP43Y5R",
        "text": "but i haven't check",
        "ts": "1496890193.703897"
    },
    {
        "type": "message",
        "user": "U5R88SJT0",
        "text": "according to the kernel",
        "ts": "1496890225.707667"
    },
    {
        "type": "message",
        "user": "U5HP43Y5R",
        "text": "you can use my alignment code in the discussion to check after the correspondence are corrected",
        "ts": "1496890227.707979"
    },
    {
        "type": "message",
        "user": "U5R88SJT0",
        "text": "cool! Thanks <@U5HP43Y5R> !",
        "ts": "1496890242.709712"
    },
    {
        "type": "message",
        "user": "U5R88SJT0",
        "text": "Have anyone thought of training a specific model just for classifying atmospheric labels?",
        "ts": "1496890285.714636"
    },
    {
        "type": "message",
        "user": "U5R88SJT0",
        "text": "Or have any idea about specific features that would work for those labels better than the other labels?",
        "ts": "1496890336.720606"
    },
    {
        "type": "message",
        "user": "U5R88SJT0",
        "text": "I am reading a lot about cloud masking in remote sensing",
        "ts": "1496890358.723811"
    },
    {
        "type": "message",
        "user": "U5R88SJT0",
        "text": "any one has experience trying any of the domain specific solution out?",
        "ts": "1496890398.728475"
    },
    {
        "type": "message",
        "user": "U5HP43Y5R",
        "text": "you can try it and share the results!",
        "ts": "1496890442.733633"
    },
    {
        "type": "message",
        "user": "U5R88SJT0",
        "text": "would be happy to if I could get it working",
        "ts": "1496890535.745231"
    },
    {
        "type": "message",
        "user": "U5R88SJT0",
        "text": "<@U5HP43Y5R> did you say the state-of-the-art public result about using TIF is on Google Drive?",
        "ts": "1496890559.747854"
    },
    {
        "type": "message",
        "user": "U5R88SJT0",
        "text": "I would like to get some idea how the NIR band is currently used",
        "ts": "1496890581.750349"
    },
    {
        "type": "message",
        "user": "U5HP43Y5R",
        "text": "no state  of rt. experiment results",
        "ts": "1496890592.751543"
    },
    {
        "type": "message",
        "user": "U5R88SJT0",
        "text": "and try to modify it with the cloud idea",
        "ts": "1496890592.751596"
    },
    {
        "type": "message",
        "user": "U5R88SJT0",
        "text": "i mean the optimal 'public\/shared' result",
        "ts": "1496890616.754121"
    },
    {
        "type": "message",
        "user": "U5R88SJT0",
        "text": "is the shared code on JPEG only? apologize for the beginner's question",
        "ts": "1496890640.756674"
    },
    {
        "type": "message",
        "user": "U5R88SJT0",
        "text": "as I am pretty new to the game",
        "ts": "1496890645.757327"
    },
    {
        "type": "message",
        "user": "U5R88SJT0",
        "text": "General question: how does one adapt a segmentation result for classification? Any starter advice?",
        "ts": "1496892454.960383"
    },
    {
        "type": "message",
        "user": "U5HP43Y5R",
        "text": "make 2 loss. one for classification and another for segmentation, see mask-rcnn",
        "ts": "1496892597.976303"
    },
    {
        "type": "message",
        "user": "U5R88SJT0",
        "text": "thank you for the pointer <@U5HP43Y5R> ! I will check it out!",
        "ts": "1496894007.130803"
    },
    {
        "type": "message",
        "subtype": "file_share",
        "text": "<@U5HP43Y5R|hengcherkeng235> uploaded a file: <https:\/\/share-kaggle-forest.slack.com\/files\/hengcherkeng235\/F5PTPBS73\/image_uploaded_from_ios.jpg|Image uploaded from iOS>",
        "file": {
            "id": "F5PTPBS73",
            "created": 1496896572,
            "timestamp": 1496896572,
            "name": "Image uploaded from iOS.jpg",
            "title": "Image uploaded from iOS",
            "mimetype": "image\/jpeg",
            "filetype": "jpg",
            "pretty_type": "JPEG",
            "user": "U5HP43Y5R",
            "editable": false,
            "size": 4047029,
            "mode": "hosted",
            "is_external": false,
            "external_type": "",
            "is_public": true,
            "public_url_shared": false,
            "display_as_bot": false,
            "username": "",
            "url_private": "https:\/\/files.slack.com\/files-pri\/T5HSQH1A8-F5PTPBS73\/image_uploaded_from_ios.jpg?t=xoxe-187908579348-196951736772-196902393266-9bbe2c757c",
            "url_private_download": "https:\/\/files.slack.com\/files-pri\/T5HSQH1A8-F5PTPBS73\/download\/image_uploaded_from_ios.jpg?t=xoxe-187908579348-196951736772-196902393266-9bbe2c757c",
            "thumb_64": "https:\/\/files.slack.com\/files-tmb\/T5HSQH1A8-F5PTPBS73-abab5c01e0\/image_uploaded_from_ios_64.jpg?t=xoxe-187908579348-196951736772-196902393266-9bbe2c757c",
            "thumb_80": "https:\/\/files.slack.com\/files-tmb\/T5HSQH1A8-F5PTPBS73-abab5c01e0\/image_uploaded_from_ios_80.jpg?t=xoxe-187908579348-196951736772-196902393266-9bbe2c757c",
            "thumb_360": "https:\/\/files.slack.com\/files-tmb\/T5HSQH1A8-F5PTPBS73-abab5c01e0\/image_uploaded_from_ios_360.jpg?t=xoxe-187908579348-196951736772-196902393266-9bbe2c757c",
            "thumb_360_w": 360,
            "thumb_360_h": 270,
            "thumb_480": "https:\/\/files.slack.com\/files-tmb\/T5HSQH1A8-F5PTPBS73-abab5c01e0\/image_uploaded_from_ios_480.jpg?t=xoxe-187908579348-196951736772-196902393266-9bbe2c757c",
            "thumb_480_w": 480,
            "thumb_480_h": 360,
            "thumb_160": "https:\/\/files.slack.com\/files-tmb\/T5HSQH1A8-F5PTPBS73-abab5c01e0\/image_uploaded_from_ios_160.jpg?t=xoxe-187908579348-196951736772-196902393266-9bbe2c757c",
            "thumb_720": "https:\/\/files.slack.com\/files-tmb\/T5HSQH1A8-F5PTPBS73-abab5c01e0\/image_uploaded_from_ios_720.jpg?t=xoxe-187908579348-196951736772-196902393266-9bbe2c757c",
            "thumb_720_w": 720,
            "thumb_720_h": 540,
            "thumb_800": "https:\/\/files.slack.com\/files-tmb\/T5HSQH1A8-F5PTPBS73-abab5c01e0\/image_uploaded_from_ios_800.jpg?t=xoxe-187908579348-196951736772-196902393266-9bbe2c757c",
            "thumb_800_w": 800,
            "thumb_800_h": 600,
            "thumb_960": "https:\/\/files.slack.com\/files-tmb\/T5HSQH1A8-F5PTPBS73-abab5c01e0\/image_uploaded_from_ios_960.jpg?t=xoxe-187908579348-196951736772-196902393266-9bbe2c757c",
            "thumb_960_w": 960,
            "thumb_960_h": 720,
            "thumb_1024": "https:\/\/files.slack.com\/files-tmb\/T5HSQH1A8-F5PTPBS73-abab5c01e0\/image_uploaded_from_ios_1024.jpg?t=xoxe-187908579348-196951736772-196902393266-9bbe2c757c",
            "thumb_1024_w": 1024,
            "thumb_1024_h": 768,
            "image_exif_rotation": 1,
            "original_w": 4032,
            "original_h": 3024,
            "permalink": "https:\/\/share-kaggle-forest.slack.com\/files\/hengcherkeng235\/F5PTPBS73\/image_uploaded_from_ios.jpg",
            "permalink_public": "https:\/\/slack-files.com\/T5HSQH1A8-F5PTPBS73-bfbcbb7c99",
            "channels": [
                "C5HU2FQJ1"
            ],
            "groups": [],
            "ims": [],
            "comments_count": 0
        },
        "user": "U5HP43Y5R",
        "upload": true,
        "display_as_bot": false,
        "username": "hengcherkeng235",
        "bot_id": null,
        "upload_reply_to": "CA54F118-04DF-4372-B56F-1D2058C62119",
        "ts": "1496896578.421890"
    },
    {
        "type": "message",
        "user": "U5HP43Y5R",
        "text": "Use this technique for most difficult classes or cases",
        "ts": "1496896606.424765"
    },
    {
        "type": "message",
        "user": "U5HP43Y5R",
        "text": "This is known as additional supervisory for deep network ",
        "ts": "1496896634.427650"
    },
    {
        "type": "message",
        "user": "U5HP43Y5R",
        "text": "Segmenation prediction can be remove at test time",
        "ts": "1496896675.431894"
    },
    {
        "type": "message",
        "user": "U5HP43Y5R",
        "text": "Multi task network is a form of regluarisation",
        "ts": "1496896696.434085"
    },
    {
        "type": "message",
        "user": "U5HP43Y5R",
        "text": "Other possible joint loss is autoencoder",
        "ts": "1496896721.437002"
    },
    {
        "type": "message",
        "user": "U5HP43Y5R",
        "text": "Or combine classification loss with ranking loss with clustering loss",
        "ts": "1496896778.443040"
    },
    {
        "type": "message",
        "user": "U5HP43Y5R",
        "text": "But these are advance topics",
        "ts": "1496896788.444048"
    },
    {
        "type": "message",
        "user": "U5HP43Y5R",
        "text": "You should try these techniques preferably only after you got 0.93 in LB",
        "ts": "1496896847.450432"
    },
    {
        "type": "message",
        "user": "U5HP43Y5R",
        "text": "oridinary methods with standard network can achieve 0.93 in LB",
        "ts": "1496896910.456893"
    },
    {
        "type": "message",
        "user": "U5R88SJT0",
        "text": "<@U5HP43Y5R> Thank you for the advice!!",
        "ts": "1496897797.550197"
    },
    {
        "type": "message",
        "user": "U5R88SJT0",
        "text": "<@U5HP43Y5R> Are the results in Model_Results from PyTorch? Can you use contribution from us when we try those networks in Keras? Is augmentation required?",
        "ts": "1496898280.604958"
    },
    {
        "type": "message",
        "user": "U5HP43Y5R",
        "text": "my results is in pytorch",
        "ts": "1496898460.626251"
    },
    {
        "type": "message",
        "user": "U5HP43Y5R",
        "text": "Is augmentation required? yes",
        "ts": "1496898473.627979"
    },
    {
        "type": "message",
        "user": "U5HP43Y5R",
        "text": "Can you use contribution from us when we try those networks in Keras? i think it is ok. the experiment results should  hold irregardless of the tools. just keep good record of the hyperprameter and other settings",
        "ts": "1496898591.641604"
    },
    {
        "type": "message",
        "user": "U5R88SJT0",
        "text": "Got it. Is there any place where the augmentation employed is documented? I did not see that in the Model_Results. I suppose extent of aggressiveness of augmentation might affect the results?",
        "ts": "1496899008.690559"
    },
    {
        "type": "message",
        "user": "U5HP43Y5R",
        "text": "1. Train a net with training set = combination of train and validation. Plot the loss curve on validation set",
        "edited": {
            "user": "U5HP43Y5R",
            "ts": "1496900066.000000"
        },
        "ts": "1496899980.807182"
    },
    {
        "type": "message",
        "user": "U5HP43Y5R",
        "text": "2. Train another net on train set only and validate on validation set. Plot loss on validation set",
        "ts": "1496900042.814125"
    },
    {
        "type": "message",
        "user": "U5HP43Y5R",
        "text": "The difference of curve from 1 and 2 shows you how much you can go",
        "ts": "1496900113.821734"
    },
    {
        "type": "message",
        "user": "U5HP43Y5R",
        "text": "3. Train a third net of train set + augmented train set. Again plot loss curve on validation set",
        "ts": "1496900173.828284"
    },
    {
        "type": "message",
        "user": "U5HP43Y5R",
        "text": "Use what ever augmentation, as long as the third curve improves to the first one, it works",
        "ts": "1496900236.835258"
    },
    {
        "type": "message",
        "subtype": "file_share",
        "text": "<@U5HP43Y5R|hengcherkeng235> uploaded a file: <https:\/\/share-kaggle-forest.slack.com\/files\/hengcherkeng235\/F5R9MCFCN\/image_uploaded_from_ios.jpg|Image uploaded from iOS>",
        "file": {
            "id": "F5R9MCFCN",
            "created": 1496900439,
            "timestamp": 1496900439,
            "name": "Image uploaded from iOS.jpg",
            "title": "Image uploaded from iOS",
            "mimetype": "image\/jpeg",
            "filetype": "jpg",
            "pretty_type": "JPEG",
            "user": "U5HP43Y5R",
            "editable": false,
            "size": 86452,
            "mode": "hosted",
            "is_external": false,
            "external_type": "",
            "is_public": true,
            "public_url_shared": false,
            "display_as_bot": false,
            "username": "",
            "url_private": "https:\/\/files.slack.com\/files-pri\/T5HSQH1A8-F5R9MCFCN\/image_uploaded_from_ios.jpg?t=xoxe-187908579348-196951736772-196902393266-9bbe2c757c",
            "url_private_download": "https:\/\/files.slack.com\/files-pri\/T5HSQH1A8-F5R9MCFCN\/download\/image_uploaded_from_ios.jpg?t=xoxe-187908579348-196951736772-196902393266-9bbe2c757c",
            "thumb_64": "https:\/\/files.slack.com\/files-tmb\/T5HSQH1A8-F5R9MCFCN-bd9c37f6ed\/image_uploaded_from_ios_64.jpg?t=xoxe-187908579348-196951736772-196902393266-9bbe2c757c",
            "thumb_80": "https:\/\/files.slack.com\/files-tmb\/T5HSQH1A8-F5R9MCFCN-bd9c37f6ed\/image_uploaded_from_ios_80.jpg?t=xoxe-187908579348-196951736772-196902393266-9bbe2c757c",
            "thumb_360": "https:\/\/files.slack.com\/files-tmb\/T5HSQH1A8-F5R9MCFCN-bd9c37f6ed\/image_uploaded_from_ios_360.jpg?t=xoxe-187908579348-196951736772-196902393266-9bbe2c757c",
            "thumb_360_w": 360,
            "thumb_360_h": 262,
            "thumb_480": "https:\/\/files.slack.com\/files-tmb\/T5HSQH1A8-F5R9MCFCN-bd9c37f6ed\/image_uploaded_from_ios_480.jpg?t=xoxe-187908579348-196951736772-196902393266-9bbe2c757c",
            "thumb_480_w": 480,
            "thumb_480_h": 350,
            "thumb_160": "https:\/\/files.slack.com\/files-tmb\/T5HSQH1A8-F5R9MCFCN-bd9c37f6ed\/image_uploaded_from_ios_160.jpg?t=xoxe-187908579348-196951736772-196902393266-9bbe2c757c",
            "thumb_720": "https:\/\/files.slack.com\/files-tmb\/T5HSQH1A8-F5R9MCFCN-bd9c37f6ed\/image_uploaded_from_ios_720.jpg?t=xoxe-187908579348-196951736772-196902393266-9bbe2c757c",
            "thumb_720_w": 720,
            "thumb_720_h": 525,
            "thumb_800": "https:\/\/files.slack.com\/files-tmb\/T5HSQH1A8-F5R9MCFCN-bd9c37f6ed\/image_uploaded_from_ios_800.jpg?t=xoxe-187908579348-196951736772-196902393266-9bbe2c757c",
            "thumb_800_w": 800,
            "thumb_800_h": 583,
            "thumb_960": "https:\/\/files.slack.com\/files-tmb\/T5HSQH1A8-F5R9MCFCN-bd9c37f6ed\/image_uploaded_from_ios_960.jpg?t=xoxe-187908579348-196951736772-196902393266-9bbe2c757c",
            "thumb_960_w": 960,
            "thumb_960_h": 699,
            "thumb_1024": "https:\/\/files.slack.com\/files-tmb\/T5HSQH1A8-F5R9MCFCN-bd9c37f6ed\/image_uploaded_from_ios_1024.jpg?t=xoxe-187908579348-196951736772-196902393266-9bbe2c757c",
            "thumb_1024_w": 1024,
            "thumb_1024_h": 746,
            "image_exif_rotation": 1,
            "original_w": 1072,
            "original_h": 781,
            "permalink": "https:\/\/share-kaggle-forest.slack.com\/files\/hengcherkeng235\/F5R9MCFCN\/image_uploaded_from_ios.jpg",
            "permalink_public": "https:\/\/slack-files.com\/T5HSQH1A8-F5R9MCFCN-76000bb8be",
            "channels": [
                "C5HU2FQJ1"
            ],
            "groups": [],
            "ims": [],
            "comments_count": 0,
            "reactions": [
                {
                    "name": "+1",
                    "users": [
                        "U5P87HLPP"
                    ],
                    "count": 1
                }
            ]
        },
        "user": "U5HP43Y5R",
        "upload": true,
        "display_as_bot": false,
        "username": "hengcherkeng235",
        "bot_id": null,
        "upload_reply_to": "1982B714-B104-463C-B6A0-B698D247FC53",
        "ts": "1496900442.858177"
    },
    {
        "type": "message",
        "user": "U5HP43Y5R",
        "text": "Here is another trick. You have probably submitted more than 50 csv files. For the test images that the predicted labels are constant, eg 99% of the time, take them out. You can add them into the training set and use the constant predicted labels as ground truth",
        "ts": "1496900804.900114"
    },
    {
        "type": "message",
        "user": "U5HP43Y5R",
        "text": "Now the trick is the augmentation of these added 'train' samples that will create even more samples ",
        "ts": "1496900852.905341"
    },
    {
        "type": "message",
        "user": "U5HP43Y5R",
        "text": "With many more samples, you should start the see deeper network like resnet50 101 or inception v3 v4 to perform magic",
        "ts": "1496900921.913320"
    },
    {
        "type": "message",
        "user": "U5HP43Y5R",
        "text": "And for your information more data with more label noise perform better that less data with less noise. If data is large enough ( and net is large enough), label noise gets less important ",
        "ts": "1496901032.925697"
    }
]