[
    {
        "type": "message",
        "user": "U5HP43Y5R",
        "text": "<https:\/\/github.com\/kscottz\/PythonFromSpace\/blob\/master\/Pycon2017.pdf>",
        "attachments": [
            {
                "service_name": "GitHub",
                "title": "kscottz\/PythonFromSpace",
                "title_link": "https:\/\/github.com\/kscottz\/PythonFromSpace\/blob\/master\/Pycon2017.pdf",
                "text": "PythonFromSpace - Python Examples for Remote Sensing",
                "fallback": "GitHub: kscottz\/PythonFromSpace",
                "from_url": "https:\/\/github.com\/kscottz\/PythonFromSpace\/blob\/master\/Pycon2017.pdf",
                "thumb_url": "https:\/\/avatars3.githubusercontent.com\/u\/967306?v=3&s=400",
                "thumb_width": 250,
                "thumb_height": 250,
                "service_icon": "https:\/\/a.slack-edge.com\/bfaba\/img\/unfurl_icons\/github.png",
                "id": 1
            }
        ],
        "ts": "1496739682.620304"
    },
    {
        "type": "message",
        "user": "U5HP43Y5R",
        "text": "<https:\/\/www.youtube.com\/watch?v=rUUgLsspTZA>",
        "attachments": [
            {
                "service_name": "YouTube",
                "service_url": "https:\/\/www.youtube.com\/",
                "title": "Katherine Scott   Python from Space Analyzing Open Satellite Imagery Using the Python Ecosystem",
                "title_link": "https:\/\/www.youtube.com\/watch?v=rUUgLsspTZA",
                "author_name": "PyCon 2017",
                "author_link": "https:\/\/www.youtube.com\/channel\/UCrJhliKNQ8g0qoE_zvL8eVg",
                "thumb_url": "https:\/\/i.ytimg.com\/vi\/rUUgLsspTZA\/hqdefault.jpg",
                "thumb_width": 480,
                "thumb_height": 360,
                "fallback": "YouTube Video: Katherine Scott   Python from Space Analyzing Open Satellite Imagery Using the Python Ecosystem",
                "video_html": "<iframe width=\"400\" height=\"225\" src=\"https:\/\/www.youtube.com\/embed\/rUUgLsspTZA?feature=oembed&autoplay=1&iv_load_policy=3\" frameborder=\"0\" allowfullscreen><\/iframe>",
                "video_html_width": 400,
                "video_html_height": 225,
                "from_url": "https:\/\/www.youtube.com\/watch?v=rUUgLsspTZA",
                "service_icon": "https:\/\/a.slack-edge.com\/2089\/img\/unfurl_icons\/youtube.png",
                "id": 1
            }
        ],
        "ts": "1496740047.713349",
        "reactions": [
            {
                "name": "+1",
                "users": [
                    "U5LKQGS1K",
                    "U5M5E9DHN"
                ],
                "count": 2
            }
        ]
    },
    {
        "type": "message",
        "user": "U5L4Y93HC",
        "text": "btw: Anyone here who wants to team up?",
        "ts": "1496742054.208158"
    },
    {
        "type": "message",
        "user": "U5HP43Y5R",
        "text": "Katherine scott is the lady from planet that create our amazon forest dataset ",
        "ts": "1496742143.229890"
    },
    {
        "type": "message",
        "user": "U5HP43Y5R",
        "text": "<http:\/\/bethgelab.org\/deeptextures\/>",
        "ts": "1496760454.505945"
    },
    {
        "type": "message",
        "user": "U5HP43Y5R",
        "text": "possible to use this to create more data?",
        "ts": "1496760467.511663"
    },
    {
        "user": "U5Q81D231",
        "text": "<@U5Q81D231|wrosinski> has joined the channel",
        "type": "message",
        "subtype": "channel_join",
        "ts": "1496762744.540576"
    },
    {
        "type": "message",
        "subtype": "file_share",
        "text": "<@U5JUR607L|felipesb> uploaded a file: <https:\/\/share-kaggle-forest.slack.com\/files\/felipesb\/F5PQ4UWFP\/-.txt|Untitled>",
        "file": {
            "id": "F5PQ4UWFP",
            "created": 1496788671,
            "timestamp": 1496788671,
            "name": "-.txt",
            "title": "Untitled",
            "mimetype": "text\/plain",
            "filetype": "text",
            "pretty_type": "Plain Text",
            "user": "U5JUR607L",
            "editable": true,
            "size": 57,
            "mode": "snippet",
            "is_external": false,
            "external_type": "",
            "is_public": true,
            "public_url_shared": false,
            "display_as_bot": false,
            "username": "",
            "url_private": "https:\/\/files.slack.com\/files-pri\/T5HSQH1A8-F5PQ4UWFP\/-.txt?t=xoxe-187908579348-196951736772-196902393266-9bbe2c757c",
            "url_private_download": "https:\/\/files.slack.com\/files-pri\/T5HSQH1A8-F5PQ4UWFP\/download\/-.txt?t=xoxe-187908579348-196951736772-196902393266-9bbe2c757c",
            "permalink": "https:\/\/share-kaggle-forest.slack.com\/files\/felipesb\/F5PQ4UWFP\/-.txt",
            "permalink_public": "https:\/\/slack-files.com\/T5HSQH1A8-F5PQ4UWFP-a34736a11f",
            "edit_link": "https:\/\/share-kaggle-forest.slack.com\/files\/felipesb\/F5PQ4UWFP\/-.txt\/edit",
            "preview": "\r\nfrom tensorboard_logger import configure, log_value\r\n\r\n",
            "preview_highlight": "<div class=\"CodeMirror cm-s-default CodeMirrorServer\" oncopy=\"if(event.clipboardData){event.clipboardData.setData('text\/plain',window.getSelection().toString().replace(\/\\u200b\/g,''));event.preventDefault();event.stopPropagation();}\">\n<div class=\"CodeMirror-code\">\n<div><pre><\/pre><\/div>\n<div><pre>from tensorboard_logger import configure, log_value<\/pre><\/div>\n<div><pre><\/pre><\/div>\n<div><pre><\/pre><\/div>\n<\/div>\n<\/div>\n",
            "lines": 4,
            "lines_more": 0,
            "preview_is_truncated": false,
            "channels": [
                "C5HU2FQJ1"
            ],
            "groups": [],
            "ims": [],
            "comments_count": 0
        },
        "user": "U5JUR607L",
        "upload": true,
        "display_as_bot": false,
        "username": "felipesb",
        "bot_id": null,
        "ts": "1496788671.239682"
    },
    {
        "type": "message",
        "user": "U5JUR607L",
        "text": "Guys if you are using pytorch",
        "ts": "1496788680.241476"
    },
    {
        "type": "message",
        "user": "U5JUR607L",
        "text": "tensorboard_logger is a python package that let you use the amazing Tensorboard from tensor dlow",
        "ts": "1496788712.248239"
    },
    {
        "type": "message",
        "user": "U5JUR607L",
        "text": "flow*",
        "ts": "1496788715.248802"
    },
    {
        "type": "message",
        "user": "U5HP43Y5R",
        "text": "<https:\/\/github.com\/jacobgil\/pytorch-explain-black-box>",
        "attachments": [
            {
                "service_name": "GitHub",
                "title": "jacobgil\/pytorch-explain-black-box",
                "title_link": "https:\/\/github.com\/jacobgil\/pytorch-explain-black-box",
                "text": "pytorch-explain-black-box - PyTorch implementation of Interpretable Explanations of Black Boxes by Meaningful Perturbation",
                "fallback": "GitHub: jacobgil\/pytorch-explain-black-box",
                "from_url": "https:\/\/github.com\/jacobgil\/pytorch-explain-black-box",
                "thumb_url": "https:\/\/avatars1.githubusercontent.com\/u\/5342073?v=3&s=400",
                "thumb_width": 250,
                "thumb_height": 250,
                "service_icon": "https:\/\/a.slack-edge.com\/bfaba\/img\/unfurl_icons\/github.png",
                "id": 1
            }
        ],
        "ts": "1496810429.240869"
    },
    {
        "type": "message",
        "user": "U5HP43Y5R",
        "text": "<https:\/\/github.com\/jacobgil\/pytorch-grad-cam>",
        "attachments": [
            {
                "service_name": "GitHub",
                "title": "jacobgil\/pytorch-grad-cam",
                "title_link": "https:\/\/github.com\/jacobgil\/pytorch-grad-cam",
                "text": "pytorch-grad-cam - PyTorch implementation of Grad-CAM",
                "fallback": "GitHub: jacobgil\/pytorch-grad-cam",
                "from_url": "https:\/\/github.com\/jacobgil\/pytorch-grad-cam",
                "thumb_url": "https:\/\/avatars1.githubusercontent.com\/u\/5342073?v=3&s=400",
                "thumb_width": 250,
                "thumb_height": 250,
                "service_icon": "https:\/\/a.slack-edge.com\/bfaba\/img\/unfurl_icons\/github.png",
                "id": 1
            }
        ],
        "ts": "1496810493.247723"
    },
    {
        "type": "message",
        "user": "U5HP43Y5R",
        "text": "we need these for visualisation",
        "ts": "1496810503.248699"
    },
    {
        "type": "message",
        "user": "U5HP43Y5R",
        "text": "Better way to do ensemble",
        "ts": "1496815224.781311"
    },
    {
        "type": "message",
        "subtype": "file_share",
        "text": "<@U5HP43Y5R|hengcherkeng235> uploaded a file: <https:\/\/share-kaggle-forest.slack.com\/files\/hengcherkeng235\/F5PS9031S\/image_uploaded_from_ios.jpg|Image uploaded from iOS>",
        "file": {
            "id": "F5PS9031S",
            "created": 1496815229,
            "timestamp": 1496815229,
            "name": "Image uploaded from iOS.jpg",
            "title": "Image uploaded from iOS",
            "mimetype": "image\/jpeg",
            "filetype": "jpg",
            "pretty_type": "JPEG",
            "user": "U5HP43Y5R",
            "editable": false,
            "size": 202827,
            "mode": "hosted",
            "is_external": false,
            "external_type": "",
            "is_public": true,
            "public_url_shared": false,
            "display_as_bot": false,
            "username": "",
            "url_private": "https:\/\/files.slack.com\/files-pri\/T5HSQH1A8-F5PS9031S\/image_uploaded_from_ios.jpg?t=xoxe-187908579348-196951736772-196902393266-9bbe2c757c",
            "url_private_download": "https:\/\/files.slack.com\/files-pri\/T5HSQH1A8-F5PS9031S\/download\/image_uploaded_from_ios.jpg?t=xoxe-187908579348-196951736772-196902393266-9bbe2c757c",
            "thumb_64": "https:\/\/files.slack.com\/files-tmb\/T5HSQH1A8-F5PS9031S-2fcd20a5bc\/image_uploaded_from_ios_64.jpg?t=xoxe-187908579348-196951736772-196902393266-9bbe2c757c",
            "thumb_80": "https:\/\/files.slack.com\/files-tmb\/T5HSQH1A8-F5PS9031S-2fcd20a5bc\/image_uploaded_from_ios_80.jpg?t=xoxe-187908579348-196951736772-196902393266-9bbe2c757c",
            "thumb_360": "https:\/\/files.slack.com\/files-tmb\/T5HSQH1A8-F5PS9031S-2fcd20a5bc\/image_uploaded_from_ios_360.jpg?t=xoxe-187908579348-196951736772-196902393266-9bbe2c757c",
            "thumb_360_w": 202,
            "thumb_360_h": 360,
            "thumb_480": "https:\/\/files.slack.com\/files-tmb\/T5HSQH1A8-F5PS9031S-2fcd20a5bc\/image_uploaded_from_ios_480.jpg?t=xoxe-187908579348-196951736772-196902393266-9bbe2c757c",
            "thumb_480_w": 270,
            "thumb_480_h": 480,
            "thumb_160": "https:\/\/files.slack.com\/files-tmb\/T5HSQH1A8-F5PS9031S-2fcd20a5bc\/image_uploaded_from_ios_160.jpg?t=xoxe-187908579348-196951736772-196902393266-9bbe2c757c",
            "thumb_720": "https:\/\/files.slack.com\/files-tmb\/T5HSQH1A8-F5PS9031S-2fcd20a5bc\/image_uploaded_from_ios_720.jpg?t=xoxe-187908579348-196951736772-196902393266-9bbe2c757c",
            "thumb_720_w": 405,
            "thumb_720_h": 720,
            "thumb_800": "https:\/\/files.slack.com\/files-tmb\/T5HSQH1A8-F5PS9031S-2fcd20a5bc\/image_uploaded_from_ios_800.jpg?t=xoxe-187908579348-196951736772-196902393266-9bbe2c757c",
            "thumb_800_w": 450,
            "thumb_800_h": 800,
            "thumb_960": "https:\/\/files.slack.com\/files-tmb\/T5HSQH1A8-F5PS9031S-2fcd20a5bc\/image_uploaded_from_ios_960.jpg?t=xoxe-187908579348-196951736772-196902393266-9bbe2c757c",
            "thumb_960_w": 540,
            "thumb_960_h": 960,
            "thumb_1024": "https:\/\/files.slack.com\/files-tmb\/T5HSQH1A8-F5PS9031S-2fcd20a5bc\/image_uploaded_from_ios_1024.jpg?t=xoxe-187908579348-196951736772-196902393266-9bbe2c757c",
            "thumb_1024_w": 576,
            "thumb_1024_h": 1024,
            "image_exif_rotation": 1,
            "original_w": 750,
            "original_h": 1334,
            "permalink": "https:\/\/share-kaggle-forest.slack.com\/files\/hengcherkeng235\/F5PS9031S\/image_uploaded_from_ios.jpg",
            "permalink_public": "https:\/\/slack-files.com\/T5HSQH1A8-F5PS9031S-1eb097f906",
            "channels": [
                "C5HU2FQJ1"
            ],
            "groups": [],
            "ims": [],
            "comments_count": 0
        },
        "user": "U5HP43Y5R",
        "upload": true,
        "display_as_bot": false,
        "username": "hengcherkeng235",
        "bot_id": null,
        "upload_reply_to": "6B62C649-CE8C-465A-B421-A419F8A41603",
        "ts": "1496815232.782524"
    },
    {
        "type": "message",
        "user": "U5HP43Y5R",
        "text": "<https:\/\/github.com\/titu1994\/Snapshot-Ensembles\/blob\/master\/README.md>",
        "attachments": [
            {
                "service_name": "GitHub",
                "title": "titu1994\/Snapshot-Ensembles",
                "title_link": "https:\/\/github.com\/titu1994\/Snapshot-Ensembles\/blob\/master\/README.md",
                "text": "Snapshot-Ensembles - Snapshot Ensemble in Keras",
                "fallback": "GitHub: titu1994\/Snapshot-Ensembles",
                "from_url": "https:\/\/github.com\/titu1994\/Snapshot-Ensembles\/blob\/master\/README.md",
                "thumb_url": "https:\/\/avatars2.githubusercontent.com\/u\/3048602?v=3&s=400",
                "thumb_width": 250,
                "thumb_height": 250,
                "service_icon": "https:\/\/a.slack-edge.com\/bfaba\/img\/unfurl_icons\/github.png",
                "id": 1
            }
        ],
        "ts": "1496815240.783590"
    },
    {
        "type": "message",
        "user": "U5L4Y93HC",
        "text": "Snapshot ensembles are worse than normal ensembles",
        "ts": "1496815297.791342"
    },
    {
        "type": "message",
        "user": "U5L4Y93HC",
        "text": "Only advantage is that they are less time consuming",
        "ts": "1496815323.794735"
    },
    {
        "type": "message",
        "user": "U5HP43Y5R",
        "text": "You tried already?",
        "ts": "1496815435.809116"
    },
    {
        "type": "message",
        "user": "U5HP43Y5R",
        "text": "I am thinking of experimenting ",
        "ts": "1496815449.810819"
    },
    {
        "type": "message",
        "subtype": "file_share",
        "text": "<@U5HP43Y5R|hengcherkeng235> uploaded a file: <https:\/\/share-kaggle-forest.slack.com\/files\/hengcherkeng235\/F5QKP47N3\/image_uploaded_from_ios.jpg|Image uploaded from iOS>",
        "file": {
            "id": "F5QKP47N3",
            "created": 1496815578,
            "timestamp": 1496815578,
            "name": "Image uploaded from iOS.jpg",
            "title": "Image uploaded from iOS",
            "mimetype": "image\/jpeg",
            "filetype": "jpg",
            "pretty_type": "JPEG",
            "user": "U5HP43Y5R",
            "editable": false,
            "size": 212101,
            "mode": "hosted",
            "is_external": false,
            "external_type": "",
            "is_public": true,
            "public_url_shared": false,
            "display_as_bot": false,
            "username": "",
            "url_private": "https:\/\/files.slack.com\/files-pri\/T5HSQH1A8-F5QKP47N3\/image_uploaded_from_ios.jpg?t=xoxe-187908579348-196951736772-196902393266-9bbe2c757c",
            "url_private_download": "https:\/\/files.slack.com\/files-pri\/T5HSQH1A8-F5QKP47N3\/download\/image_uploaded_from_ios.jpg?t=xoxe-187908579348-196951736772-196902393266-9bbe2c757c",
            "thumb_64": "https:\/\/files.slack.com\/files-tmb\/T5HSQH1A8-F5QKP47N3-0885c5d7dc\/image_uploaded_from_ios_64.jpg?t=xoxe-187908579348-196951736772-196902393266-9bbe2c757c",
            "thumb_80": "https:\/\/files.slack.com\/files-tmb\/T5HSQH1A8-F5QKP47N3-0885c5d7dc\/image_uploaded_from_ios_80.jpg?t=xoxe-187908579348-196951736772-196902393266-9bbe2c757c",
            "thumb_360": "https:\/\/files.slack.com\/files-tmb\/T5HSQH1A8-F5QKP47N3-0885c5d7dc\/image_uploaded_from_ios_360.jpg?t=xoxe-187908579348-196951736772-196902393266-9bbe2c757c",
            "thumb_360_w": 360,
            "thumb_360_h": 202,
            "thumb_480": "https:\/\/files.slack.com\/files-tmb\/T5HSQH1A8-F5QKP47N3-0885c5d7dc\/image_uploaded_from_ios_480.jpg?t=xoxe-187908579348-196951736772-196902393266-9bbe2c757c",
            "thumb_480_w": 480,
            "thumb_480_h": 270,
            "thumb_160": "https:\/\/files.slack.com\/files-tmb\/T5HSQH1A8-F5QKP47N3-0885c5d7dc\/image_uploaded_from_ios_160.jpg?t=xoxe-187908579348-196951736772-196902393266-9bbe2c757c",
            "thumb_720": "https:\/\/files.slack.com\/files-tmb\/T5HSQH1A8-F5QKP47N3-0885c5d7dc\/image_uploaded_from_ios_720.jpg?t=xoxe-187908579348-196951736772-196902393266-9bbe2c757c",
            "thumb_720_w": 720,
            "thumb_720_h": 405,
            "thumb_800": "https:\/\/files.slack.com\/files-tmb\/T5HSQH1A8-F5QKP47N3-0885c5d7dc\/image_uploaded_from_ios_800.jpg?t=xoxe-187908579348-196951736772-196902393266-9bbe2c757c",
            "thumb_800_w": 800,
            "thumb_800_h": 450,
            "thumb_960": "https:\/\/files.slack.com\/files-tmb\/T5HSQH1A8-F5QKP47N3-0885c5d7dc\/image_uploaded_from_ios_960.jpg?t=xoxe-187908579348-196951736772-196902393266-9bbe2c757c",
            "thumb_960_w": 960,
            "thumb_960_h": 540,
            "thumb_1024": "https:\/\/files.slack.com\/files-tmb\/T5HSQH1A8-F5QKP47N3-0885c5d7dc\/image_uploaded_from_ios_1024.jpg?t=xoxe-187908579348-196951736772-196902393266-9bbe2c757c",
            "thumb_1024_w": 1024,
            "thumb_1024_h": 576,
            "image_exif_rotation": 1,
            "original_w": 1334,
            "original_h": 750,
            "permalink": "https:\/\/share-kaggle-forest.slack.com\/files\/hengcherkeng235\/F5QKP47N3\/image_uploaded_from_ios.jpg",
            "permalink_public": "https:\/\/slack-files.com\/T5HSQH1A8-F5QKP47N3-101701e3ea",
            "channels": [
                "C5HU2FQJ1"
            ],
            "groups": [],
            "ims": [],
            "comments_count": 0
        },
        "user": "U5HP43Y5R",
        "upload": true,
        "display_as_bot": false,
        "username": "hengcherkeng235",
        "bot_id": null,
        "upload_reply_to": "D1F0E954-C55C-4CA3-AFAB-E98685689232",
        "ts": "1496815582.828369"
    },
    {
        "type": "message",
        "user": "U5HP43Y5R",
        "text": "But the paper does mention traditional ensemble works better",
        "ts": "1496815603.831452"
    },
    {
        "type": "message",
        "user": "U5L4Y93HC",
        "text": "I only read the Paper and there was a discussion on reddit",
        "ts": "1496816078.893527"
    },
    {
        "type": "message",
        "user": "U5L4Y93HC",
        "text": "Since for kaggle we try different models anyways there is no reason to use snapshot ensembles",
        "ts": "1496816121.899536"
    },
    {
        "type": "message",
        "subtype": "file_share",
        "text": "<@U5HP43Y5R|hengcherkeng235> uploaded a file: <https:\/\/share-kaggle-forest.slack.com\/files\/hengcherkeng235\/F5P5AGF6C\/image_uploaded_from_ios.jpg|Image uploaded from iOS>",
        "file": {
            "id": "F5P5AGF6C",
            "created": 1496816245,
            "timestamp": 1496816245,
            "name": "Image uploaded from iOS.jpg",
            "title": "Image uploaded from iOS",
            "mimetype": "image\/jpeg",
            "filetype": "jpg",
            "pretty_type": "JPEG",
            "user": "U5HP43Y5R",
            "editable": false,
            "size": 122882,
            "mode": "hosted",
            "is_external": false,
            "external_type": "",
            "is_public": true,
            "public_url_shared": false,
            "display_as_bot": false,
            "username": "",
            "url_private": "https:\/\/files.slack.com\/files-pri\/T5HSQH1A8-F5P5AGF6C\/image_uploaded_from_ios.jpg?t=xoxe-187908579348-196951736772-196902393266-9bbe2c757c",
            "url_private_download": "https:\/\/files.slack.com\/files-pri\/T5HSQH1A8-F5P5AGF6C\/download\/image_uploaded_from_ios.jpg?t=xoxe-187908579348-196951736772-196902393266-9bbe2c757c",
            "thumb_64": "https:\/\/files.slack.com\/files-tmb\/T5HSQH1A8-F5P5AGF6C-5a4ed17ac2\/image_uploaded_from_ios_64.jpg?t=xoxe-187908579348-196951736772-196902393266-9bbe2c757c",
            "thumb_80": "https:\/\/files.slack.com\/files-tmb\/T5HSQH1A8-F5P5AGF6C-5a4ed17ac2\/image_uploaded_from_ios_80.jpg?t=xoxe-187908579348-196951736772-196902393266-9bbe2c757c",
            "thumb_360": "https:\/\/files.slack.com\/files-tmb\/T5HSQH1A8-F5P5AGF6C-5a4ed17ac2\/image_uploaded_from_ios_360.jpg?t=xoxe-187908579348-196951736772-196902393266-9bbe2c757c",
            "thumb_360_w": 360,
            "thumb_360_h": 202,
            "thumb_480": "https:\/\/files.slack.com\/files-tmb\/T5HSQH1A8-F5P5AGF6C-5a4ed17ac2\/image_uploaded_from_ios_480.jpg?t=xoxe-187908579348-196951736772-196902393266-9bbe2c757c",
            "thumb_480_w": 480,
            "thumb_480_h": 270,
            "thumb_160": "https:\/\/files.slack.com\/files-tmb\/T5HSQH1A8-F5P5AGF6C-5a4ed17ac2\/image_uploaded_from_ios_160.jpg?t=xoxe-187908579348-196951736772-196902393266-9bbe2c757c",
            "thumb_720": "https:\/\/files.slack.com\/files-tmb\/T5HSQH1A8-F5P5AGF6C-5a4ed17ac2\/image_uploaded_from_ios_720.jpg?t=xoxe-187908579348-196951736772-196902393266-9bbe2c757c",
            "thumb_720_w": 720,
            "thumb_720_h": 405,
            "thumb_800": "https:\/\/files.slack.com\/files-tmb\/T5HSQH1A8-F5P5AGF6C-5a4ed17ac2\/image_uploaded_from_ios_800.jpg?t=xoxe-187908579348-196951736772-196902393266-9bbe2c757c",
            "thumb_800_w": 800,
            "thumb_800_h": 450,
            "thumb_960": "https:\/\/files.slack.com\/files-tmb\/T5HSQH1A8-F5P5AGF6C-5a4ed17ac2\/image_uploaded_from_ios_960.jpg?t=xoxe-187908579348-196951736772-196902393266-9bbe2c757c",
            "thumb_960_w": 960,
            "thumb_960_h": 540,
            "thumb_1024": "https:\/\/files.slack.com\/files-tmb\/T5HSQH1A8-F5P5AGF6C-5a4ed17ac2\/image_uploaded_from_ios_1024.jpg?t=xoxe-187908579348-196951736772-196902393266-9bbe2c757c",
            "thumb_1024_w": 1024,
            "thumb_1024_h": 576,
            "image_exif_rotation": 1,
            "original_w": 1334,
            "original_h": 750,
            "permalink": "https:\/\/share-kaggle-forest.slack.com\/files\/hengcherkeng235\/F5P5AGF6C\/image_uploaded_from_ios.jpg",
            "permalink_public": "https:\/\/slack-files.com\/T5HSQH1A8-F5P5AGF6C-8f58782c46",
            "channels": [
                "C5HU2FQJ1"
            ],
            "groups": [],
            "ims": [],
            "comments_count": 0
        },
        "user": "U5HP43Y5R",
        "upload": true,
        "display_as_bot": false,
        "username": "hengcherkeng235",
        "bot_id": null,
        "upload_reply_to": "2F8EB872-B40A-4FF3-99D4-00781A1B025F",
        "ts": "1496816247.916664"
    },
    {
        "type": "message",
        "user": "U5HP43Y5R",
        "text": "Data update!",
        "ts": "1496816257.918035"
    }
]