[
    {
        "type": "message",
        "subtype": "file_share",
        "text": "<@U5HP43Y5R|hengcherkeng235> uploaded a file: <https:\/\/share-kaggle-forest.slack.com\/files\/hengcherkeng235\/F5QGDDWQ2\/image_uploaded_from_ios.mp4|Image uploaded from iOS>",
        "file": {
            "id": "F5QGDDWQ2",
            "created": 1496907694,
            "timestamp": 1496907694,
            "name": "Image uploaded from iOS.mp4",
            "title": "Image uploaded from iOS",
            "mimetype": "video\/mp4",
            "filetype": "mp4",
            "pretty_type": "MPEG 4 Video",
            "user": "U5HP43Y5R",
            "editable": false,
            "size": 343929,
            "mode": "hosted",
            "is_external": false,
            "external_type": "",
            "is_public": true,
            "public_url_shared": false,
            "display_as_bot": false,
            "username": "",
            "url_private": "https:\/\/files.slack.com\/files-pri\/T5HSQH1A8-F5QGDDWQ2\/image_uploaded_from_ios.mp4?t=xoxe-187908579348-196951736772-196902393266-9bbe2c757c",
            "url_private_download": "https:\/\/files.slack.com\/files-pri\/T5HSQH1A8-F5QGDDWQ2\/download\/image_uploaded_from_ios.mp4?t=xoxe-187908579348-196951736772-196902393266-9bbe2c757c",
            "permalink": "https:\/\/share-kaggle-forest.slack.com\/files\/hengcherkeng235\/F5QGDDWQ2\/image_uploaded_from_ios.mp4",
            "permalink_public": "https:\/\/slack-files.com\/T5HSQH1A8-F5QGDDWQ2-c8046c85e5",
            "channels": [
                "C5HU2FQJ1"
            ],
            "groups": [],
            "ims": [],
            "comments_count": 0
        },
        "user": "U5HP43Y5R",
        "upload": true,
        "display_as_bot": false,
        "username": "hengcherkeng235",
        "bot_id": null,
        "ts": "1496907695.015763"
    },
    {
        "type": "message",
        "user": "U5HP43Y5R",
        "text": "Distortion augmentation ",
        "ts": "1496907704.017744"
    },
    {
        "type": "message",
        "user": "U5L4Y93HC",
        "text": "Can you explain to me again, why you think distortion augmentation may be good? Is there a specific reason based on our data or do you just want to implement an additional augmentation technique?",
        "ts": "1496909738.486686"
    },
    {
        "type": "message",
        "subtype": "file_share",
        "text": "<@U5HP43Y5R|hengcherkeng235> uploaded a file: <https:\/\/share-kaggle-forest.slack.com\/files\/hengcherkeng235\/F5RB4QU5U\/image_uploaded_from_ios.mp4|Image uploaded from iOS>",
        "file": {
            "id": "F5RB4QU5U",
            "created": 1496909993,
            "timestamp": 1496909993,
            "name": "Image uploaded from iOS.mp4",
            "title": "Image uploaded from iOS",
            "mimetype": "video\/mp4",
            "filetype": "mp4",
            "pretty_type": "MPEG 4 Video",
            "user": "U5HP43Y5R",
            "editable": false,
            "size": 492906,
            "mode": "hosted",
            "is_external": false,
            "external_type": "",
            "is_public": true,
            "public_url_shared": false,
            "display_as_bot": false,
            "username": "",
            "url_private": "https:\/\/files.slack.com\/files-pri\/T5HSQH1A8-F5RB4QU5U\/image_uploaded_from_ios.mp4?t=xoxe-187908579348-196951736772-196902393266-9bbe2c757c",
            "url_private_download": "https:\/\/files.slack.com\/files-pri\/T5HSQH1A8-F5RB4QU5U\/download\/image_uploaded_from_ios.mp4?t=xoxe-187908579348-196951736772-196902393266-9bbe2c757c",
            "permalink": "https:\/\/share-kaggle-forest.slack.com\/files\/hengcherkeng235\/F5RB4QU5U\/image_uploaded_from_ios.mp4",
            "permalink_public": "https:\/\/slack-files.com\/T5HSQH1A8-F5RB4QU5U-4c3788fcab",
            "channels": [
                "C5HU2FQJ1"
            ],
            "groups": [],
            "ims": [],
            "comments_count": 0
        },
        "user": "U5HP43Y5R",
        "upload": true,
        "display_as_bot": false,
        "username": "hengcherkeng235",
        "bot_id": null,
        "ts": "1496909994.548286"
    },
    {
        "type": "message",
        "user": "U5HP43Y5R",
        "text": "Just augmentation ",
        "ts": "1496910001.550072"
    },
    {
        "type": "message",
        "user": "U5L4Y93HC",
        "text": "Okay, looks cool :smile:",
        "ts": "1496910013.552862"
    },
    {
        "type": "message",
        "user": "U5L4Y93HC",
        "text": "Anyone here who can help me with Torch and LUA?",
        "ts": "1496910863.763868"
    },
    {
        "type": "message",
        "user": "U5HP43Y5R",
        "text": "Another distortion ",
        "ts": "1496921374.250211"
    },
    {
        "type": "message",
        "subtype": "file_share",
        "text": "<@U5HP43Y5R|hengcherkeng235> uploaded a file: <https:\/\/share-kaggle-forest.slack.com\/files\/hengcherkeng235\/F5QM0EDMJ\/image_uploaded_from_ios.mp4|Image uploaded from iOS>",
        "file": {
            "id": "F5QM0EDMJ",
            "created": 1496921403,
            "timestamp": 1496921403,
            "name": "Image uploaded from iOS.mp4",
            "title": "Image uploaded from iOS",
            "mimetype": "video\/mp4",
            "filetype": "mp4",
            "pretty_type": "MPEG 4 Video",
            "user": "U5HP43Y5R",
            "editable": false,
            "size": 581310,
            "mode": "hosted",
            "is_external": false,
            "external_type": "",
            "is_public": true,
            "public_url_shared": false,
            "display_as_bot": false,
            "username": "",
            "url_private": "https:\/\/files.slack.com\/files-pri\/T5HSQH1A8-F5QM0EDMJ\/image_uploaded_from_ios.mp4?t=xoxe-187908579348-196951736772-196902393266-9bbe2c757c",
            "url_private_download": "https:\/\/files.slack.com\/files-pri\/T5HSQH1A8-F5QM0EDMJ\/download\/image_uploaded_from_ios.mp4?t=xoxe-187908579348-196951736772-196902393266-9bbe2c757c",
            "permalink": "https:\/\/share-kaggle-forest.slack.com\/files\/hengcherkeng235\/F5QM0EDMJ\/image_uploaded_from_ios.mp4",
            "permalink_public": "https:\/\/slack-files.com\/T5HSQH1A8-F5QM0EDMJ-6db836f9b3",
            "channels": [
                "C5HU2FQJ1"
            ],
            "groups": [],
            "ims": [],
            "comments_count": 0
        },
        "user": "U5HP43Y5R",
        "upload": true,
        "display_as_bot": false,
        "username": "hengcherkeng235",
        "bot_id": null,
        "ts": "1496921403.256287"
    },
    {
        "type": "message",
        "subtype": "file_share",
        "text": "<@U5HP43Y5R|hengcherkeng235> uploaded a file: <https:\/\/share-kaggle-forest.slack.com\/files\/hengcherkeng235\/F5Q2W41KK\/image_uploaded_from_ios.mp4|Image uploaded from iOS>",
        "file": {
            "id": "F5Q2W41KK",
            "created": 1496921444,
            "timestamp": 1496921444,
            "name": "Image uploaded from iOS.mp4",
            "title": "Image uploaded from iOS",
            "mimetype": "video\/mp4",
            "filetype": "mp4",
            "pretty_type": "MPEG 4 Video",
            "user": "U5HP43Y5R",
            "editable": false,
            "size": 459403,
            "mode": "hosted",
            "is_external": false,
            "external_type": "",
            "is_public": true,
            "public_url_shared": false,
            "display_as_bot": false,
            "username": "",
            "url_private": "https:\/\/files.slack.com\/files-pri\/T5HSQH1A8-F5Q2W41KK\/image_uploaded_from_ios.mp4?t=xoxe-187908579348-196951736772-196902393266-9bbe2c757c",
            "url_private_download": "https:\/\/files.slack.com\/files-pri\/T5HSQH1A8-F5Q2W41KK\/download\/image_uploaded_from_ios.mp4?t=xoxe-187908579348-196951736772-196902393266-9bbe2c757c",
            "permalink": "https:\/\/share-kaggle-forest.slack.com\/files\/hengcherkeng235\/F5Q2W41KK\/image_uploaded_from_ios.mp4",
            "permalink_public": "https:\/\/slack-files.com\/T5HSQH1A8-F5Q2W41KK-e370dbffad",
            "channels": [
                "C5HU2FQJ1"
            ],
            "groups": [],
            "ims": [],
            "comments_count": 0
        },
        "user": "U5HP43Y5R",
        "upload": true,
        "display_as_bot": false,
        "username": "hengcherkeng235",
        "bot_id": null,
        "ts": "1496921445.264894"
    },
    {
        "type": "message",
        "user": "U5L4Y93HC",
        "text": "These videos look so cool :smile: ",
        "ts": "1496921502.276964"
    },
    {
        "type": "message",
        "subtype": "file_share",
        "text": "<@U5HP43Y5R|hengcherkeng235> uploaded a file: <https:\/\/share-kaggle-forest.slack.com\/files\/hengcherkeng235\/F5QNQER8V\/example_of_augmentation_.mp4|Example of augmentation>",
        "file": {
            "id": "F5QNQER8V",
            "created": 1496923218,
            "timestamp": 1496923218,
            "name": "Example of augmentation .mp4",
            "title": "Example of augmentation",
            "mimetype": "video\/mp4",
            "filetype": "mp4",
            "pretty_type": "MPEG 4 Video",
            "user": "U5HP43Y5R",
            "editable": false,
            "size": 863975,
            "mode": "hosted",
            "is_external": false,
            "external_type": "",
            "is_public": true,
            "public_url_shared": false,
            "display_as_bot": false,
            "username": "",
            "url_private": "https:\/\/files.slack.com\/files-pri\/T5HSQH1A8-F5QNQER8V\/example_of_augmentation_.mp4?t=xoxe-187908579348-196951736772-196902393266-9bbe2c757c",
            "url_private_download": "https:\/\/files.slack.com\/files-pri\/T5HSQH1A8-F5QNQER8V\/download\/example_of_augmentation_.mp4?t=xoxe-187908579348-196951736772-196902393266-9bbe2c757c",
            "permalink": "https:\/\/share-kaggle-forest.slack.com\/files\/hengcherkeng235\/F5QNQER8V\/example_of_augmentation_.mp4",
            "permalink_public": "https:\/\/slack-files.com\/T5HSQH1A8-F5QNQER8V-f3aeaa643d",
            "channels": [
                "C5HU2FQJ1"
            ],
            "groups": [],
            "ims": [],
            "comments_count": 0
        },
        "user": "U5HP43Y5R",
        "upload": true,
        "display_as_bot": false,
        "username": "hengcherkeng235",
        "bot_id": null,
        "ts": "1496923219.638373"
    },
    {
        "type": "message",
        "user": "U5HP43Y5R",
        "text": "These are the parameters i used",
        "ts": "1496923230.641286"
    },
    {
        "type": "message",
        "user": "U5L4Y93HC",
        "text": "it is hard to recognize :wink:",
        "ts": "1496923335.666294"
    },
    {
        "type": "message",
        "user": "U5HP43Y5R",
        "text": "def augment(x, u=0.5):\n        if random.random()&lt;u:\n            if random.random()&gt;0.5:\n                x = randomDistort1(x, distort_limit=0.35, shift_limit=0.25, u=1)\n            else:\n                x = randomDistort2(x, num_steps=10, distort_limit=0.2, u=1)\n\n            x = randomShiftScaleRotate(x, shift_limit=0.0625, scale_limit=0.10, rotate_limit=45, u=0.5)\n            x = randomFlip(x, u=0.5)\n            x = randomTranspose(x, u=0.5)\n            x = randomFlip(x, u=0.5)\n            x = randomContrast(x, limit=0.2, u=0.5)\n            #x = randomSaturation(x, limit=0.2, u=0.5),\n\n        return x",
        "ts": "1496923369.674204"
    },
    {
        "type": "message",
        "user": "U5L4Y93HC",
        "text": "Thank you! :slightly_smiling_face:",
        "ts": "1496923407.683182"
    },
    {
        "type": "message",
        "user": "U5JUR607L",
        "text": "\nWhy two random flips?",
        "ts": "1496923510.707016"
    },
    {
        "type": "message",
        "user": "U5HP43Y5R",
        "text": "this is mistake",
        "ts": "1496923522.709832"
    },
    {
        "type": "message",
        "user": "U5JUR607L",
        "text": "On the video, there was a black part on the image. Are you rotating by an arbitrary number of degrees?",
        "ts": "1496923594.726788"
    },
    {
        "type": "message",
        "user": "U5HP43Y5R",
        "text": "there should be no adrk part. i reflect the border. degree is arbitrary",
        "ts": "1496923650.739802"
    },
    {
        "type": "message",
        "user": "U5HP43Y5R",
        "text": "no dark  part.",
        "ts": "1496923664.743160"
    },
    {
        "type": "message",
        "user": "U5L4Y93HC",
        "text": "I think the dark part is a part of the source image isnt it?",
        "ts": "1496923694.750112"
    },
    {
        "type": "message",
        "user": "U5L4Y93HC",
        "text": "like water or sea",
        "ts": "1496923699.751618"
    },
    {
        "type": "message",
        "user": "U5HP43Y5R",
        "text": "oh, that is a grass patch",
        "ts": "1496923719.756298",
        "reactions": [
            {
                "name": "grinning",
                "users": [
                    "U5L4Y93HC"
                ],
                "count": 1
            }
        ]
    },
    {
        "type": "message",
        "user": "U5HP43Y5R",
        "text": "Lets compare results ",
        "ts": "1496924475.936900"
    },
    {
        "type": "message",
        "user": "U5HP43Y5R",
        "text": "Running training now",
        "ts": "1496924494.941525"
    },
    {
        "type": "message",
        "subtype": "file_share",
        "text": "<@U5HP43Y5R|hengcherkeng235> uploaded a file: <https:\/\/share-kaggle-forest.slack.com\/files\/hengcherkeng235\/F5Q0KFR16\/image_uploaded_from_ios.jpg|Image uploaded from iOS>",
        "file": {
            "id": "F5Q0KFR16",
            "created": 1496924532,
            "timestamp": 1496924532,
            "name": "Image uploaded from iOS.jpg",
            "title": "Image uploaded from iOS",
            "mimetype": "image\/jpeg",
            "filetype": "jpg",
            "pretty_type": "JPEG",
            "user": "U5HP43Y5R",
            "editable": false,
            "size": 6326156,
            "mode": "hosted",
            "is_external": false,
            "external_type": "",
            "is_public": true,
            "public_url_shared": false,
            "display_as_bot": false,
            "username": "",
            "url_private": "https:\/\/files.slack.com\/files-pri\/T5HSQH1A8-F5Q0KFR16\/image_uploaded_from_ios.jpg?t=xoxe-187908579348-196951736772-196902393266-9bbe2c757c",
            "url_private_download": "https:\/\/files.slack.com\/files-pri\/T5HSQH1A8-F5Q0KFR16\/download\/image_uploaded_from_ios.jpg?t=xoxe-187908579348-196951736772-196902393266-9bbe2c757c",
            "thumb_64": "https:\/\/files.slack.com\/files-tmb\/T5HSQH1A8-F5Q0KFR16-d61687db14\/image_uploaded_from_ios_64.jpg?t=xoxe-187908579348-196951736772-196902393266-9bbe2c757c",
            "thumb_80": "https:\/\/files.slack.com\/files-tmb\/T5HSQH1A8-F5Q0KFR16-d61687db14\/image_uploaded_from_ios_80.jpg?t=xoxe-187908579348-196951736772-196902393266-9bbe2c757c",
            "thumb_360": "https:\/\/files.slack.com\/files-tmb\/T5HSQH1A8-F5Q0KFR16-d61687db14\/image_uploaded_from_ios_360.jpg?t=xoxe-187908579348-196951736772-196902393266-9bbe2c757c",
            "thumb_360_w": 360,
            "thumb_360_h": 270,
            "thumb_480": "https:\/\/files.slack.com\/files-tmb\/T5HSQH1A8-F5Q0KFR16-d61687db14\/image_uploaded_from_ios_480.jpg?t=xoxe-187908579348-196951736772-196902393266-9bbe2c757c",
            "thumb_480_w": 480,
            "thumb_480_h": 360,
            "thumb_160": "https:\/\/files.slack.com\/files-tmb\/T5HSQH1A8-F5Q0KFR16-d61687db14\/image_uploaded_from_ios_160.jpg?t=xoxe-187908579348-196951736772-196902393266-9bbe2c757c",
            "thumb_720": "https:\/\/files.slack.com\/files-tmb\/T5HSQH1A8-F5Q0KFR16-d61687db14\/image_uploaded_from_ios_720.jpg?t=xoxe-187908579348-196951736772-196902393266-9bbe2c757c",
            "thumb_720_w": 720,
            "thumb_720_h": 540,
            "thumb_800": "https:\/\/files.slack.com\/files-tmb\/T5HSQH1A8-F5Q0KFR16-d61687db14\/image_uploaded_from_ios_800.jpg?t=xoxe-187908579348-196951736772-196902393266-9bbe2c757c",
            "thumb_800_w": 800,
            "thumb_800_h": 600,
            "thumb_960": "https:\/\/files.slack.com\/files-tmb\/T5HSQH1A8-F5Q0KFR16-d61687db14\/image_uploaded_from_ios_960.jpg?t=xoxe-187908579348-196951736772-196902393266-9bbe2c757c",
            "thumb_960_w": 960,
            "thumb_960_h": 720,
            "thumb_1024": "https:\/\/files.slack.com\/files-tmb\/T5HSQH1A8-F5Q0KFR16-d61687db14\/image_uploaded_from_ios_1024.jpg?t=xoxe-187908579348-196951736772-196902393266-9bbe2c757c",
            "thumb_1024_w": 1024,
            "thumb_1024_h": 768,
            "image_exif_rotation": 1,
            "original_w": 4032,
            "original_h": 3024,
            "permalink": "https:\/\/share-kaggle-forest.slack.com\/files\/hengcherkeng235\/F5Q0KFR16\/image_uploaded_from_ios.jpg",
            "permalink_public": "https:\/\/slack-files.com\/T5HSQH1A8-F5Q0KFR16-0ab04b1bd0",
            "channels": [
                "C5HU2FQJ1"
            ],
            "groups": [],
            "ims": [],
            "comments_count": 0
        },
        "user": "U5HP43Y5R",
        "upload": true,
        "display_as_bot": false,
        "username": "hengcherkeng235",
        "bot_id": null,
        "upload_reply_to": "1694F479-1EE1-46AD-A1DD-37C7ED4347C3",
        "ts": "1496924537.952069"
    },
    {
        "type": "message",
        "user": "U5HP43Y5R",
        "text": "Running training now",
        "ts": "1496924778.012488"
    },
    {
        "type": "message",
        "user": "U5JUR607L",
        "text": "best wishes",
        "ts": "1496925516.205315"
    },
    {
        "user": "U5QN9E88L",
        "text": "<@U5QN9E88L|dorgun> has joined the channel",
        "type": "message",
        "subtype": "channel_join",
        "ts": "1496927029.648319"
    },
    {
        "user": "U5RG0AXEJ",
        "text": "<@U5RG0AXEJ|raddar> has joined the channel",
        "type": "message",
        "subtype": "channel_join",
        "ts": "1496929947.685210"
    },
    {
        "type": "message",
        "user": "U5L4Y93HC",
        "text": "Can someone explain me what \"Adaptive Max\/Avg Pooling\" is in Pytorch?",
        "ts": "1496952893.650618"
    },
    {
        "type": "message",
        "user": "U5KM798UF",
        "text": "I could in a few hours, but check out a paper on spatial pyramid pooling. As far as I understand, it's the same thing. ",
        "ts": "1496953051.704418"
    },
    {
        "type": "message",
        "user": "U5L4Y93HC",
        "text": "Ah I already saw that paper once, but wasn't in the mood to read it thoroughly. Thank you :smile:",
        "ts": "1496953188.750294",
        "reactions": [
            {
                "name": "+1",
                "users": [
                    "U5KM798UF"
                ],
                "count": 1
            }
        ]
    },
    {
        "type": "message",
        "user": "U5HP43Y5R",
        "text": "\"the LB improvement from ensemble prompts me to do more experiments.\n\nhere is initial results. it seems that we shouldn't do averaging for test-time augmentation.\nyou may want to verify the results at your side and think of new ensemble+thresholding method.\n\nA precision-recall curve per class for different ensemble methods should reveal more information, which i am doing now\"",
        "ts": "1496988218.579161"
    },
    {
        "type": "message",
        "user": "U5HP43Y5R",
        "text": "some hints and direction for you guys .... my results will be presented late next week, but you can can do experiments on your side first",
        "ts": "1496988298.589252"
    },
    {
        "type": "message",
        "subtype": "file_share",
        "text": "<@U5HP43Y5R|hengcherkeng235> uploaded a file: <https:\/\/share-kaggle-forest.slack.com\/files\/hengcherkeng235\/F5QJUSA2V\/image_uploaded_from_ios.jpg|Image uploaded from iOS>",
        "file": {
            "id": "F5QJUSA2V",
            "created": 1496991247,
            "timestamp": 1496991247,
            "name": "Image uploaded from iOS.jpg",
            "title": "Image uploaded from iOS",
            "mimetype": "image\/jpeg",
            "filetype": "jpg",
            "pretty_type": "JPEG",
            "user": "U5HP43Y5R",
            "editable": false,
            "size": 4813182,
            "mode": "hosted",
            "is_external": false,
            "external_type": "",
            "is_public": true,
            "public_url_shared": false,
            "display_as_bot": false,
            "username": "",
            "url_private": "https:\/\/files.slack.com\/files-pri\/T5HSQH1A8-F5QJUSA2V\/image_uploaded_from_ios.jpg?t=xoxe-187908579348-196951736772-196902393266-9bbe2c757c",
            "url_private_download": "https:\/\/files.slack.com\/files-pri\/T5HSQH1A8-F5QJUSA2V\/download\/image_uploaded_from_ios.jpg?t=xoxe-187908579348-196951736772-196902393266-9bbe2c757c",
            "thumb_64": "https:\/\/files.slack.com\/files-tmb\/T5HSQH1A8-F5QJUSA2V-0b9c2ba939\/image_uploaded_from_ios_64.jpg?t=xoxe-187908579348-196951736772-196902393266-9bbe2c757c",
            "thumb_80": "https:\/\/files.slack.com\/files-tmb\/T5HSQH1A8-F5QJUSA2V-0b9c2ba939\/image_uploaded_from_ios_80.jpg?t=xoxe-187908579348-196951736772-196902393266-9bbe2c757c",
            "thumb_360": "https:\/\/files.slack.com\/files-tmb\/T5HSQH1A8-F5QJUSA2V-0b9c2ba939\/image_uploaded_from_ios_360.jpg?t=xoxe-187908579348-196951736772-196902393266-9bbe2c757c",
            "thumb_360_w": 360,
            "thumb_360_h": 270,
            "thumb_480": "https:\/\/files.slack.com\/files-tmb\/T5HSQH1A8-F5QJUSA2V-0b9c2ba939\/image_uploaded_from_ios_480.jpg?t=xoxe-187908579348-196951736772-196902393266-9bbe2c757c",
            "thumb_480_w": 480,
            "thumb_480_h": 360,
            "thumb_160": "https:\/\/files.slack.com\/files-tmb\/T5HSQH1A8-F5QJUSA2V-0b9c2ba939\/image_uploaded_from_ios_160.jpg?t=xoxe-187908579348-196951736772-196902393266-9bbe2c757c",
            "thumb_720": "https:\/\/files.slack.com\/files-tmb\/T5HSQH1A8-F5QJUSA2V-0b9c2ba939\/image_uploaded_from_ios_720.jpg?t=xoxe-187908579348-196951736772-196902393266-9bbe2c757c",
            "thumb_720_w": 720,
            "thumb_720_h": 540,
            "thumb_800": "https:\/\/files.slack.com\/files-tmb\/T5HSQH1A8-F5QJUSA2V-0b9c2ba939\/image_uploaded_from_ios_800.jpg?t=xoxe-187908579348-196951736772-196902393266-9bbe2c757c",
            "thumb_800_w": 800,
            "thumb_800_h": 600,
            "thumb_960": "https:\/\/files.slack.com\/files-tmb\/T5HSQH1A8-F5QJUSA2V-0b9c2ba939\/image_uploaded_from_ios_960.jpg?t=xoxe-187908579348-196951736772-196902393266-9bbe2c757c",
            "thumb_960_w": 960,
            "thumb_960_h": 720,
            "thumb_1024": "https:\/\/files.slack.com\/files-tmb\/T5HSQH1A8-F5QJUSA2V-0b9c2ba939\/image_uploaded_from_ios_1024.jpg?t=xoxe-187908579348-196951736772-196902393266-9bbe2c757c",
            "thumb_1024_w": 1024,
            "thumb_1024_h": 768,
            "image_exif_rotation": 1,
            "original_w": 4032,
            "original_h": 3024,
            "permalink": "https:\/\/share-kaggle-forest.slack.com\/files\/hengcherkeng235\/F5QJUSA2V\/image_uploaded_from_ios.jpg",
            "permalink_public": "https:\/\/slack-files.com\/T5HSQH1A8-F5QJUSA2V-e16280c356",
            "channels": [
                "C5HU2FQJ1"
            ],
            "groups": [],
            "ims": [],
            "comments_count": 0
        },
        "user": "U5HP43Y5R",
        "upload": true,
        "display_as_bot": false,
        "username": "hengcherkeng235",
        "bot_id": null,
        "upload_reply_to": "6D8929EA-7CCE-45E5-BDB1-646BBFCC9D73",
        "ts": "1496991252.005206"
    }
]