[
    {
        "type": "message",
        "user": "U5P87HLPP",
        "text": "Which optimizer are you guys using to fine-tune pretrained models?",
        "ts": "1497337342.213163"
    },
    {
        "type": "message",
        "user": "U5L4Y93HC",
        "text": "SGD. It seems like most state of the art approaches use SGD. It converges *slower* but reaches a better optimum!",
        "edited": {
            "user": "U5L4Y93HC",
            "ts": "1497337470.000000"
        },
        "ts": "1497337457.234824"
    },
    {
        "type": "message",
        "user": "U5P87HLPP",
        "text": "<@U5L4Y93HC> Cool. I was also using SGD and it is training right now :slightly_smiling_face: . And the reason why I asked was I realized that it has a slow improvment.",
        "ts": "1497337511.245259"
    },
    {
        "type": "message",
        "user": "U5P87HLPP",
        "text": "I guess I need to be patient",
        "ts": "1497337518.246607"
    },
    {
        "type": "message",
        "user": "U5L4Y93HC",
        "text": "What net are you using?",
        "ts": "1497337529.248468"
    },
    {
        "type": "message",
        "user": "U5P87HLPP",
        "text": "Inception v3",
        "ts": "1497337536.249701"
    },
    {
        "type": "message",
        "user": "U5L4Y93HC",
        "text": "With the right settings SGD can converge super fast",
        "ts": "1497337539.250326"
    },
    {
        "type": "message",
        "user": "U5L4Y93HC",
        "text": "Ah okay. Yea I do not know about Inception :smile: For example for resnet34 I can make it converge\/overfit in 10 epochs with the right learning rates",
        "edited": {
            "user": "U5L4Y93HC",
            "ts": "1497337588.000000"
        },
        "ts": "1497337576.257229"
    },
    {
        "type": "message",
        "subtype": "file_share",
        "text": "<@U5P87HLPP|can_ozbek> uploaded a file: <https:\/\/share-kaggle-forest.slack.com\/files\/can_ozbek\/F5S64MDK3\/inception.png|inception.png> and commented: This is the current situation",
        "file": {
            "id": "F5S64MDK3",
            "created": 1497337596,
            "timestamp": 1497337596,
            "name": "inception.png",
            "title": "inception.png",
            "mimetype": "image\/png",
            "filetype": "png",
            "pretty_type": "PNG",
            "user": "U5P87HLPP",
            "editable": false,
            "size": 51901,
            "mode": "hosted",
            "is_external": false,
            "external_type": "",
            "is_public": true,
            "public_url_shared": false,
            "display_as_bot": false,
            "username": "",
            "url_private": "https:\/\/files.slack.com\/files-pri\/T5HSQH1A8-F5S64MDK3\/inception.png?t=xoxe-187908579348-196951736772-196902393266-9bbe2c757c",
            "url_private_download": "https:\/\/files.slack.com\/files-pri\/T5HSQH1A8-F5S64MDK3\/download\/inception.png?t=xoxe-187908579348-196951736772-196902393266-9bbe2c757c",
            "thumb_64": "https:\/\/files.slack.com\/files-tmb\/T5HSQH1A8-F5S64MDK3-60f0adcac5\/inception_64.png?t=xoxe-187908579348-196951736772-196902393266-9bbe2c757c",
            "thumb_80": "https:\/\/files.slack.com\/files-tmb\/T5HSQH1A8-F5S64MDK3-60f0adcac5\/inception_80.png?t=xoxe-187908579348-196951736772-196902393266-9bbe2c757c",
            "thumb_360": "https:\/\/files.slack.com\/files-tmb\/T5HSQH1A8-F5S64MDK3-60f0adcac5\/inception_360.png?t=xoxe-187908579348-196951736772-196902393266-9bbe2c757c",
            "thumb_360_w": 360,
            "thumb_360_h": 262,
            "thumb_480": "https:\/\/files.slack.com\/files-tmb\/T5HSQH1A8-F5S64MDK3-60f0adcac5\/inception_480.png?t=xoxe-187908579348-196951736772-196902393266-9bbe2c757c",
            "thumb_480_w": 480,
            "thumb_480_h": 349,
            "thumb_160": "https:\/\/files.slack.com\/files-tmb\/T5HSQH1A8-F5S64MDK3-60f0adcac5\/inception_160.png?t=xoxe-187908579348-196951736772-196902393266-9bbe2c757c",
            "thumb_720": "https:\/\/files.slack.com\/files-tmb\/T5HSQH1A8-F5S64MDK3-60f0adcac5\/inception_720.png?t=xoxe-187908579348-196951736772-196902393266-9bbe2c757c",
            "thumb_720_w": 720,
            "thumb_720_h": 523,
            "image_exif_rotation": 1,
            "original_w": 784,
            "original_h": 570,
            "permalink": "https:\/\/share-kaggle-forest.slack.com\/files\/can_ozbek\/F5S64MDK3\/inception.png",
            "permalink_public": "https:\/\/slack-files.com\/T5HSQH1A8-F5S64MDK3-bb2c7e129f",
            "channels": [
                "C5HU2FQJ1"
            ],
            "groups": [],
            "ims": [],
            "comments_count": 1,
            "initial_comment": {
                "id": "Fc5SQ9579S",
                "created": 1497337596,
                "timestamp": 1497337596,
                "user": "U5P87HLPP",
                "is_intro": true,
                "comment": "This is the current situation"
            }
        },
        "user": "U5P87HLPP",
        "upload": true,
        "display_as_bot": false,
        "username": "can_ozbek",
        "bot_id": null,
        "ts": "1497337598.261280"
    },
    {
        "type": "message",
        "user": "U5KM798UF",
        "text": "overfit in 10 epochs is the wrong learning rate! :smile:",
        "ts": "1497337621.265383"
    },
    {
        "type": "message",
        "user": "U5HP43Y5R",
        "text": "inception v3 sample results",
        "ts": "1497337629.266829"
    },
    {
        "type": "message",
        "user": "U5HP43Y5R",
        "text": "optimizer=&lt;torch.optim.sgd.SGD object at 0x7f6a7c2faa20&gt;\n LR=Step Learning Rates\nrates=['0.0100', '0.0050', '0.0010', '0.0001', '-1.0000']\nsteps=['0', '10', '23', '35', '38']\n\n epoch   iter   rate  |  smooth_loss   |  train_loss  (acc)  |  valid_loss  (acc)  | min\n----------------------------------------------------------------------------------------\n  1.0     632    0.0100   |  0.1256  | 0.1106  0.9182 | 0.1059  0.9011  |  4.8 min \n  2.0     632    0.0100   |  0.1140  | 0.1224  0.8823 | 0.0957  0.9158  |  4.7 min \n  3.0     632    0.0100   |  0.1095  | 0.1080  0.9230 | 0.0902  0.9203  |  4.7 min \n  4.0     632    0.0100   |  0.1001  | 0.0991  0.9132 | 0.0875  0.9229  |  4.7 min \n  5.0     632    0.0100   |  0.1039  | 0.0976  0.8768 | 0.0864  0.9205  |  4.7 min \n  6.0     632    0.0100   |  0.1045  | 0.1062  0.9185 | 0.0834  0.9263  |  4.7 min \n  7.0     632    0.0100   |  0.0987  | 0.1049  0.9143 | 0.0821  0.9277  |  4.8 min \n  8.0     632    0.0100   |  0.0957  | 0.1024  0.9099 | 0.0804  0.9283  |  4.9 min \n  9.0     632    0.0100   |  0.0913  | 0.0798  0.9186 | 0.0801  0.9301  |  4.9 min \n 10.0     632    0.0100   |  0.0942  | 0.1008  0.9291 | 0.0787  0.9308  |  4.9 min \n 11.0     632    0.0050   |  0.0931  | 0.0853  0.9348 | 0.0765  0.9336  |  4.9 min \n 12.0     632    0.0050   |  0.0931  | 0.0990  0.9069 | 0.0754  0.9340  |  4.9 min \n 13.0     632    0.0050   |  0.0896  | 0.0960  0.9146 | 0.0754  0.9322  |  4.9 min \n 14.0     632    0.0050   |  0.0900  | 0.0940  0.9205 | 0.0741  0.9344  |  4.9 min \n 15.0     632    0.0050   |  0.0870  | 0.1046  0.9167 | 0.0734  0.9360  |  4.9 min \n 16.0     632    0.0050   |  0.0866  | 0.1169  0.9109 | 0.0727  0.9366  |  4.9 min \n 17.0     632    0.0050   |  0.0858  | 0.0729  0.9416 | 0.0739  0.9340  |  4.9 min \n 18.0     632    0.0050   |  0.0854  | 0.0862  0.9226 | 0.0726  0.9370  |  4.9 min \n 19.0     632    0.0050   |  0.0856  | 0.0704  0.9406 | 0.0717  0.9379  |  4.9 min \n 20.0     632    0.0050   |  0.0838  | 0.0691  0.9485 | 0.0709  0.9380  |  4.9 min \n 21.0     632    0.0050   |  0.0837  | 0.0939  0.9331 | 0.0705  0.9390  |  4.9 min \n 22.0     632    0.0050   |  0.0891  | 0.0987  0.9121 | 0.0708  0.9378  |  4.9 min \n 23.0     632    0.0050   |  0.0889  | 0.0820  0.9197 | 0.0689  0.9406  |  4.9 min \n 24.0     632    0.0010   |  0.0812  | 0.0733  0.9427 | 0.0673  0.9415  |  4.9 min \n 25.0     632    0.0010   |  0.0765  | 0.0770  0.9286 | 0.0667  0.9421  |  4.9 min \n 26.0     632    0.0010   |  0.0841  | 0.0826  0.9213 | 0.0663  0.9425  |  4.9 min \n 27.0     632    0.0010   |  0.0731  | 0.0975  0.9130 | 0.0659  0.9430  |  4.9 min \n 28.0     632    0.0010   |  0.0864  | 0.1129  0.9082 | 0.0658  0.9430  |  4.9 min \n 29.0     632    0.0010   |  0.0814  | 0.0819  0.9358 | 0.0656  0.9434  |  4.9 min \n 30.0     632    0.0010   |  0.0792  | 0.0979  0.9304 | 0.0651  0.9442  |  4.9 min \n 31.0     632    0.0010   |  0.0809  | 0.1072  0.8958 | 0.0649  0.9443  |  4.9 min \n 32.0     632    0.0010   |  0.0812  | 0.0857  0.9341 | 0.0644  0.9449  |  4.9 min",
        "ts": "1497337630.267095"
    },
    {
        "type": "message",
        "user": "U5L4Y93HC",
        "text": "<@U5KM798UF> Still my best result so far!",
        "ts": "1497337637.268524"
    },
    {
        "type": "message",
        "user": "U5L4Y93HC",
        "text": "Also fast overfitting means that for most of my epochs I have the correct learning rate right?",
        "ts": "1497337662.273174"
    },
    {
        "type": "message",
        "user": "U5HP43Y5R",
        "text": "(height,width) = (288, 288)\n\tin_channels    = 3\n\ttrain_dataset.split  = train-40479",
        "ts": "1497337674.275242"
    },
    {
        "type": "message",
        "user": "U5HP43Y5R",
        "text": "batch_size           = 64",
        "ts": "1497337680.276237"
    },
    {
        "type": "message",
        "user": "U5L4Y93HC",
        "text": "Usually a net will reach a plateau first if the learning rate is too high and slow down if the learning rate is too low",
        "ts": "1497337706.281108"
    },
    {
        "type": "message",
        "user": "U5KM798UF",
        "text": "<@U5L4Y93HC> if you're overfitting that quickly, it's learning off a small sample of augmentations. Train it slower, drop the learning rate every time it plateaus",
        "ts": "1497337749.289112"
    },
    {
        "type": "message",
        "user": "U5KM798UF",
        "text": "If at your initial learning rate, you overfit, drop the learning rate. You don't want your validation loss to fall behind the training loss unless you've dropped the learning rate a few times already",
        "ts": "1497337812.301013"
    },
    {
        "type": "message",
        "user": "U5L4Y93HC",
        "text": "Yea I agree. But instead of deceasing the learning rate I though about increasing regularization. Will try both now :smile:",
        "ts": "1497337881.314284",
        "reactions": [
            {
                "name": "+1",
                "users": [
                    "U5KM798UF"
                ],
                "count": 1
            }
        ]
    },
    {
        "type": "message",
        "user": "U5P87HLPP",
        "text": "<@U5HP43Y5R> Thanks for copy\/pasting your inception result. I started SGD with 1e-4 learning rate. I see that you started with 1e-2. Do you think 1e-4 is too low?",
        "ts": "1497337931.323569"
    },
    {
        "type": "message",
        "user": "U5HP43Y5R",
        "text": "&gt;&gt;1e-4\ntoo low!",
        "ts": "1497337948.326738"
    },
    {
        "type": "message",
        "user": "U5P87HLPP",
        "text": "<@U5HP43Y5R> Damn",
        "ts": "1497337955.327914"
    },
    {
        "type": "message",
        "user": "U5HP43Y5R",
        "text": "another sample results",
        "ts": "1497337996.335430"
    },
    {
        "type": "message",
        "user": "U5HP43Y5R",
        "text": "------------------------\n** start training here! **\n optimizer=&lt;torch.optim.sgd.SGD object at 0x7fc830610a20&gt;\n LR=Step Learning Rates\nrates=['0.0100', '0.0050', '0.0010', '0.0001', '-1.0000']\nsteps=['0', '10', '20', '35', '38']\n\n epoch   iter   rate  |  smooth_loss   |  train_loss  (acc)  |  valid_loss  (acc)  | min\n----------------------------------------------------------------------------------------\n  1.0     507    0.0100   |  0.121  | 0.103  0.908 | 0.109  0.900  |  4.0 min \n  2.0     507    0.0100   |  0.104  | 0.106  0.908 | 0.098  0.913  |  3.9 min \n  3.0     507    0.0100   |  0.110  | 0.096  0.923 | 0.095  0.915  |  4.0 min \n  4.0     507    0.0100   |  0.101  | 0.089  0.916 | 0.092  0.919  |  3.9 min \n  5.0     507    0.0100   |  0.101  | 0.107  0.910 | 0.093  0.916  |  3.9 min \n  6.0     507    0.0100   |  0.101  | 0.100  0.908 | 0.089  0.921  |  3.9 min \n  7.0     507    0.0100   |  0.098  | 0.115  0.898 | 0.089  0.920  |  3.9 min \n  8.0     507    0.0100   |  0.096  | 0.073  0.931 | 0.088  0.922  |  3.9 min \n  9.0     507    0.0100   |  0.098  | 0.091  0.931 | 0.086  0.924  |  3.9 min \n 10.0     507    0.0100   |  0.092  | 0.104  0.912 | 0.086  0.923  |  3.9 min \n 11.0     507    0.0050   |  0.091  | 0.084  0.922 | 0.085  0.925  |  3.9 min \n 12.0     507    0.0050   |  0.090  | 0.081  0.932 | 0.085  0.924  |  3.9 min \n 13.0     507    0.0050   |  0.089  | 0.082  0.935 | 0.085  0.924  |  3.9 min \n 14.0     507    0.0050   |  0.085  | 0.084  0.946 | 0.084  0.925  |  3.9 min \n 15.0     507    0.0050   |  0.086  | 0.117  0.892 | 0.085  0.926  |  3.9 min \n 16.0     507    0.0050   |  0.091  | 0.074  0.934 | 0.084  0.925  |  3.9 min \n 17.0     507    0.0050   |  0.090  | 0.084  0.931 | 0.085  0.926  |  3.9 min \n 18.0     507    0.0050   |  0.092  | 0.122  0.883 | 0.084  0.927  |  3.9 min \n 19.0     507    0.0050   |  0.086  | 0.108  0.907 | 0.086  0.924  |  3.9 min \n 20.0     507    0.0050   |  0.088  | 0.090  0.923 | 0.084  0.926  |  3.9 min \n 21.0     507    0.0010   |  0.088  | 0.084  0.939 | 0.083  0.927  |  3.9 min \n 22.0     507    0.0010   |  0.085  | 0.065  0.951 | 0.083  0.928  |  3.9 min \n 23.0     507    0.0010   |  0.080  | 0.095  0.920 | 0.083  0.927  |  3.9 min \n 24.0     507    0.0010   |  0.083  | 0.065  0.936 | 0.083  0.927  |  3.9 min \n 25.0     507    0.0010   |  0.084  | 0.074  0.927 | 0.084  0.927  |  3.9 min \n 26.0     507    0.0010   |  0.089  | 0.092  0.938 | 0.084  0.926  |  3.9 min \n 27.0     507    0.0010   |  0.082  | 0.090  0.920 | 0.083  0.928  |  3.9 min \n 28.0     507    0.0010   |  0.081  | 0.073  0.939 | 0.083  0.927  |  4.1 min \n 29.0     507    0.0010   |  0.090  | 0.075  0.942 | 0.083  0.927  |  4.1 min \n 30.0     507    0.0010   |  0.083  | 0.085  0.936 | 0.083  0.927  |  4.1 min \n 31.0     507    0.0010   |  0.082  | 0.074  0.935 | 0.083  0.927  |  4.1 min \n 32.0     507    0.0010   |  0.085  | 0.080  0.935 | 0.083  0.927  |  4.1 min \n 33.0     507    0.0010   |  0.088  | 0.082  0.916 | 0.084  0.927  |  4.1 min \n 34.0     507    0.0010   |  0.086  | 0.074  0.927 | 0.084  0.926  |  4.1 min \n 35.0     507    0.0010   |  0.081  | 0.093  0.909 | 0.084  0.926  |  4.1 min \n 36.0     507    0.0001   |  0.081  | 0.091  0.927 | 0.083  0.927  |  4.1 min \n 37.0     507    0.0001   |  0.082  | 0.061  0.954 | 0.083  0.927  |  4.1 min \n 38.0     507    0.0001   |  0.077  | 0.097  0.902 | 0.083  0.927  |  4.1 min",
        "ts": "1497337998.335648"
    },
    {
        "type": "message",
        "user": "U5KM798UF",
        "text": "I start around 1 to 5e-3 if pretrained, or 5e-3 to 1e-2 training from scratch",
        "ts": "1497337999.335899"
    },
    {
        "type": "message",
        "user": "U5HP43Y5R",
        "text": "(height,width) = (288, 288)\n\tin_channels    = 3\n\ttrain_dataset.split  = train-32479\n\ttrain_dataset.num    = 32479\n\ttest_dataset.split   = valid-8000\n\ttest_dataset.num     = 8000\n\tbatch_size           = 64",
        "ts": "1497338010.338036"
    },
    {
        "type": "message",
        "user": "U5KM798UF",
        "text": "That was inception again? that looks nice",
        "ts": "1497338033.342199"
    },
    {
        "type": "message",
        "user": "U5HP43Y5R",
        "text": "if there is BN layers (eg resnet, dense, inception) can use 0.1 or 0.01 if train from scratch",
        "ts": "1497338055.346204"
    },
    {
        "type": "message",
        "user": "U5HP43Y5R",
        "text": "for pretrain, use 0.01 to 0.001 if there is BN layers",
        "ts": "1497338101.354856"
    },
    {
        "type": "message",
        "user": "U5P87HLPP",
        "text": "Are you guys using momentum in SGD?",
        "ts": "1497338132.361112"
    },
    {
        "type": "message",
        "user": "U5HP43Y5R",
        "text": "momentum=0.9",
        "ts": "1497338148.364287"
    },
    {
        "type": "message",
        "user": "U5P87HLPP",
        "text": "Okay thanks. I have that low too lol",
        "ts": "1497338166.367686"
    },
    {
        "type": "message",
        "user": "U5P87HLPP",
        "text": "Mine is 0.55",
        "ts": "1497338174.369076"
    },
    {
        "type": "message",
        "user": "U5HP43Y5R",
        "text": "in modern deep laerning today, way decay and momentum not so important",
        "ts": "1497338185.371154"
    },
    {
        "type": "message",
        "user": "U5HP43Y5R",
        "text": "optimizer = optim.SGD(net.parameters(), lr=0.1, momentum=0.9, weight_decay=0.0005)",
        "ts": "1497338220.377795"
    },
    {
        "type": "message",
        "user": "U5HP43Y5R",
        "text": "just use default values",
        "ts": "1497338230.379757"
    },
    {
        "type": "message",
        "user": "U5HP43Y5R",
        "text": "<@U5KM798UF> the two results above are inceptionv3, with different train samples",
        "edited": {
            "user": "U5HP43Y5R",
            "ts": "1497338328.000000"
        },
        "ts": "1497338314.395980"
    },
    {
        "type": "message",
        "user": "U5HP43Y5R",
        "text": "why must get inception v3 to work? because ...",
        "ts": "1497338362.405308"
    },
    {
        "type": "message",
        "user": "U5HP43Y5R",
        "text": "There is also Open Images pretrained multi-label inception v3 from Google.\n<https:\/\/github.com\/openimages\/dataset>",
        "attachments": [
            {
                "service_name": "GitHub",
                "title": "openimages\/dataset",
                "title_link": "https:\/\/github.com\/openimages\/dataset",
                "text": "The Open Images dataset",
                "fallback": "GitHub: openimages\/dataset",
                "from_url": "https:\/\/github.com\/openimages\/dataset",
                "thumb_url": "https:\/\/avatars1.githubusercontent.com\/u\/21206473?v=3&s=400",
                "thumb_width": 250,
                "thumb_height": 250,
                "service_icon": "https:\/\/a.slack-edge.com\/bfaba\/img\/unfurl_icons\/github.png",
                "id": 1
            }
        ],
        "ts": "1497338439.420743",
        "reactions": [
            {
                "name": "+1",
                "users": [
                    "U5P87HLPP"
                ],
                "count": 1
            }
        ]
    },
    {
        "type": "message",
        "user": "U5HP43Y5R",
        "text": "this pretrain model uses much more images than imagenet",
        "ts": "1497338456.424070"
    },
    {
        "type": "message",
        "subtype": "file_share",
        "text": "<@U5SJA7PNF|yangxulei> uploaded a file: <https:\/\/share-kaggle-forest.slack.com\/files\/yangxulei\/F5S6JUKKK\/submission_trial1.csv|submission_trial1.csv> and commented: PLB score 0.000",
        "file": {
            "id": "F5S6JUKKK",
            "created": 1497339903,
            "timestamp": 1497339903,
            "name": "submission_trial1.csv",
            "title": "submission_trial1.csv",
            "mimetype": "text\/csv",
            "filetype": "csv",
            "pretty_type": "CSV",
            "user": "U5SJA7PNF",
            "editable": false,
            "size": 3118523,
            "mode": "hosted",
            "is_external": false,
            "external_type": "",
            "is_public": true,
            "public_url_shared": false,
            "display_as_bot": false,
            "username": "",
            "url_private": "https:\/\/files.slack.com\/files-pri\/T5HSQH1A8-F5S6JUKKK\/submission_trial1.csv?t=xoxe-187908579348-196951736772-196902393266-9bbe2c757c",
            "url_private_download": "https:\/\/files.slack.com\/files-pri\/T5HSQH1A8-F5S6JUKKK\/download\/submission_trial1.csv?t=xoxe-187908579348-196951736772-196902393266-9bbe2c757c",
            "permalink": "https:\/\/share-kaggle-forest.slack.com\/files\/yangxulei\/F5S6JUKKK\/submission_trial1.csv",
            "permalink_public": "https:\/\/slack-files.com\/T5HSQH1A8-F5S6JUKKK-c4df4230ee",
            "channels": [
                "C5HU2FQJ1"
            ],
            "groups": [],
            "ims": [],
            "comments_count": 1,
            "initial_comment": {
                "id": "Fc5S3LTW3S",
                "created": 1497339903,
                "timestamp": 1497339903,
                "user": "U5SJA7PNF",
                "is_intro": true,
                "comment": "PLB score 0.000"
            }
        },
        "user": "U5SJA7PNF",
        "upload": true,
        "display_as_bot": false,
        "username": "yangxulei",
        "bot_id": null,
        "ts": "1497339904.731980"
    },
    {
        "type": "message",
        "user": "U5SJA7PNF",
        "text": "<@U5HP43Y5R> this one score 0.000",
        "ts": "1497339920.735812"
    },
    {
        "type": "message",
        "user": "U5HP43Y5R",
        "text": "i think wrong format?",
        "ts": "1497339984.750041"
    },
    {
        "type": "message",
        "user": "U5HP43Y5R",
        "text": "\"['clear', 'primary']\"",
        "ts": "1497339990.751466"
    },
    {
        "type": "message",
        "user": "U5HP43Y5R",
        "text": "should be 'clear', 'primary'",
        "ts": "1497340006.754777"
    },
    {
        "type": "message",
        "user": "U5HP43Y5R",
        "text": "so it makes zero detection",
        "ts": "1497340026.759355"
    },
    {
        "type": "message",
        "user": "U5SJA7PNF",
        "text": "yeas, the format is wrong, so scored 0.00, so I guess empty result will lead to 0.00 too",
        "ts": "1497340866.952627"
    },
    {
        "type": "message",
        "user": "U5HP43Y5R",
        "text": "as a side note. anyonje looking for job related to deep learning, computer vision or satelliate imaginery? if yes please send me a private message.",
        "ts": "1497344428.865948"
    },
    {
        "type": "message",
        "user": "U5L4Y93HC",
        "text": "Where and for which skill level? :D",
        "ts": "1497344651.927704"
    },
    {
        "type": "message",
        "user": "U5HP43Y5R",
        "text": "no sure. just send me a private message and someone else will talk to you. recruiters these day headhunt are using website like kaggle, linkedin etc ...",
        "edited": {
            "user": "U5HP43Y5R",
            "ts": "1497345499.000000"
        },
        "ts": "1497344817.972375"
    },
    {
        "type": "message",
        "user": "U5L4Y93HC",
        "text": "Ah, so it is not you\/your company that is hiring?",
        "ts": "1497344866.985168"
    },
    {
        "type": "message",
        "user": "U5HP43Y5R",
        "text": "no",
        "ts": "1497344873.987243"
    },
    {
        "type": "message",
        "user": "U5HP43Y5R",
        "text": "i am collecting a list of kaggler who are interested",
        "ts": "1497344890.991450"
    },
    {
        "type": "message",
        "user": "U5HP43Y5R",
        "text": "then provide you all with more information and you all can decied if you want to be further contacted or not",
        "ts": "1497344928.001124"
    },
    {
        "type": "message",
        "user": "U5L4Y93HC",
        "text": "Sounds good! :grinning: ",
        "ts": "1497344969.011791"
    },
    {
        "type": "message",
        "user": "U5ST4D6DV",
        "text": "Hi, I'm new. Found some valuable insights here, thank you!",
        "ts": "1497345684.195135"
    },
    {
        "type": "message",
        "user": "U5ST4D6DV",
        "text": "Anyone had any luck with cyclical learning rates?",
        "ts": "1497345699.198942"
    },
    {
        "type": "message",
        "user": "U5HP43Y5R",
        "text": "please wait",
        "ts": "1497345714.202603"
    },
    {
        "type": "message",
        "user": "U5HP43Y5R",
        "text": "sample results for cyclic learning rates:",
        "ts": "1497345726.205805"
    },
    {
        "type": "message",
        "subtype": "file_share",
        "text": "<@U5HP43Y5R|hengcherkeng235> uploaded a file: <https:\/\/share-kaggle-forest.slack.com\/files\/hengcherkeng235\/F5STBCFPX\/cycle.png|cycle.png>",
        "file": {
            "id": "F5STBCFPX",
            "created": 1497345794,
            "timestamp": 1497345794,
            "name": "cycle.png",
            "title": "cycle.png",
            "mimetype": "image\/png",
            "filetype": "png",
            "pretty_type": "PNG",
            "user": "U5HP43Y5R",
            "editable": false,
            "size": 52414,
            "mode": "hosted",
            "is_external": false,
            "external_type": "",
            "is_public": true,
            "public_url_shared": false,
            "display_as_bot": false,
            "username": "",
            "url_private": "https:\/\/files.slack.com\/files-pri\/T5HSQH1A8-F5STBCFPX\/cycle.png?t=xoxe-187908579348-196951736772-196902393266-9bbe2c757c",
            "url_private_download": "https:\/\/files.slack.com\/files-pri\/T5HSQH1A8-F5STBCFPX\/download\/cycle.png?t=xoxe-187908579348-196951736772-196902393266-9bbe2c757c",
            "thumb_64": "https:\/\/files.slack.com\/files-tmb\/T5HSQH1A8-F5STBCFPX-feaedd1c4b\/cycle_64.png?t=xoxe-187908579348-196951736772-196902393266-9bbe2c757c",
            "thumb_80": "https:\/\/files.slack.com\/files-tmb\/T5HSQH1A8-F5STBCFPX-feaedd1c4b\/cycle_80.png?t=xoxe-187908579348-196951736772-196902393266-9bbe2c757c",
            "thumb_360": "https:\/\/files.slack.com\/files-tmb\/T5HSQH1A8-F5STBCFPX-feaedd1c4b\/cycle_360.png?t=xoxe-187908579348-196951736772-196902393266-9bbe2c757c",
            "thumb_360_w": 360,
            "thumb_360_h": 119,
            "thumb_480": "https:\/\/files.slack.com\/files-tmb\/T5HSQH1A8-F5STBCFPX-feaedd1c4b\/cycle_480.png?t=xoxe-187908579348-196951736772-196902393266-9bbe2c757c",
            "thumb_480_w": 480,
            "thumb_480_h": 158,
            "thumb_160": "https:\/\/files.slack.com\/files-tmb\/T5HSQH1A8-F5STBCFPX-feaedd1c4b\/cycle_160.png?t=xoxe-187908579348-196951736772-196902393266-9bbe2c757c",
            "thumb_720": "https:\/\/files.slack.com\/files-tmb\/T5HSQH1A8-F5STBCFPX-feaedd1c4b\/cycle_720.png?t=xoxe-187908579348-196951736772-196902393266-9bbe2c757c",
            "thumb_720_w": 720,
            "thumb_720_h": 238,
            "thumb_800": "https:\/\/files.slack.com\/files-tmb\/T5HSQH1A8-F5STBCFPX-feaedd1c4b\/cycle_800.png?t=xoxe-187908579348-196951736772-196902393266-9bbe2c757c",
            "thumb_800_w": 800,
            "thumb_800_h": 264,
            "thumb_960": "https:\/\/files.slack.com\/files-tmb\/T5HSQH1A8-F5STBCFPX-feaedd1c4b\/cycle_960.png?t=xoxe-187908579348-196951736772-196902393266-9bbe2c757c",
            "thumb_960_w": 960,
            "thumb_960_h": 317,
            "thumb_1024": "https:\/\/files.slack.com\/files-tmb\/T5HSQH1A8-F5STBCFPX-feaedd1c4b\/cycle_1024.png?t=xoxe-187908579348-196951736772-196902393266-9bbe2c757c",
            "thumb_1024_w": 1024,
            "thumb_1024_h": 338,
            "image_exif_rotation": 1,
            "original_w": 1182,
            "original_h": 390,
            "permalink": "https:\/\/share-kaggle-forest.slack.com\/files\/hengcherkeng235\/F5STBCFPX\/cycle.png",
            "permalink_public": "https:\/\/slack-files.com\/T5HSQH1A8-F5STBCFPX-f83e1ca16a",
            "channels": [
                "C5HU2FQJ1"
            ],
            "groups": [],
            "ims": [],
            "comments_count": 0
        },
        "user": "U5HP43Y5R",
        "upload": true,
        "display_as_bot": false,
        "username": "hengcherkeng235",
        "bot_id": null,
        "ts": "1497345797.223655"
    },
    {
        "type": "message",
        "user": "U5L4Y93HC",
        "text": "What are cyclic Learning Rates? Ist this refering to the Ensembles Paper?",
        "ts": "1497345807.226354"
    },
    {
        "type": "message",
        "user": "U5HP43Y5R",
        "text": "resnet18",
        "ts": "1497345823.230084"
    },
    {
        "type": "message",
        "user": "U5HP43Y5R",
        "text": "not that paper",
        "ts": "1497345828.231260"
    },
    {
        "type": "message",
        "user": "U5HP43Y5R",
        "text": "<https:\/\/arxiv.org\/abs\/1506.01186>",
        "ts": "1497345859.239256"
    },
    {
        "type": "message",
        "user": "U5HP43Y5R",
        "text": "i did not sumit results to leader board. only validation results shown",
        "ts": "1497345891.247091"
    },
    {
        "type": "message",
        "subtype": "file_share",
        "text": "<@U5HP43Y5R|hengcherkeng235> uploaded a file: <https:\/\/share-kaggle-forest.slack.com\/files\/hengcherkeng235\/F5SS0LZAQ\/pasted_image_at_2017_06_13_05_26_pm.png|Pasted image at 2017-06-13, 5:26 PM>",
        "file": {
            "id": "F5SS0LZAQ",
            "created": 1497345979,
            "timestamp": 1497345979,
            "name": "Pasted image at 2017_06_13 05_26 PM.png",
            "title": "Pasted image at 2017-06-13, 5:26 PM",
            "mimetype": "image\/png",
            "filetype": "png",
            "pretty_type": "PNG",
            "user": "U5HP43Y5R",
            "editable": false,
            "size": 113687,
            "mode": "hosted",
            "is_external": false,
            "external_type": "",
            "is_public": true,
            "public_url_shared": false,
            "display_as_bot": false,
            "username": "",
            "url_private": "https:\/\/files.slack.com\/files-pri\/T5HSQH1A8-F5SS0LZAQ\/pasted_image_at_2017_06_13_05_26_pm.png?t=xoxe-187908579348-196951736772-196902393266-9bbe2c757c",
            "url_private_download": "https:\/\/files.slack.com\/files-pri\/T5HSQH1A8-F5SS0LZAQ\/download\/pasted_image_at_2017_06_13_05_26_pm.png?t=xoxe-187908579348-196951736772-196902393266-9bbe2c757c",
            "thumb_64": "https:\/\/files.slack.com\/files-tmb\/T5HSQH1A8-F5SS0LZAQ-21dd9f7deb\/pasted_image_at_2017_06_13_05_26_pm_64.png?t=xoxe-187908579348-196951736772-196902393266-9bbe2c757c",
            "thumb_80": "https:\/\/files.slack.com\/files-tmb\/T5HSQH1A8-F5SS0LZAQ-21dd9f7deb\/pasted_image_at_2017_06_13_05_26_pm_80.png?t=xoxe-187908579348-196951736772-196902393266-9bbe2c757c",
            "thumb_360": "https:\/\/files.slack.com\/files-tmb\/T5HSQH1A8-F5SS0LZAQ-21dd9f7deb\/pasted_image_at_2017_06_13_05_26_pm_360.png?t=xoxe-187908579348-196951736772-196902393266-9bbe2c757c",
            "thumb_360_w": 360,
            "thumb_360_h": 226,
            "thumb_480": "https:\/\/files.slack.com\/files-tmb\/T5HSQH1A8-F5SS0LZAQ-21dd9f7deb\/pasted_image_at_2017_06_13_05_26_pm_480.png?t=xoxe-187908579348-196951736772-196902393266-9bbe2c757c",
            "thumb_480_w": 480,
            "thumb_480_h": 302,
            "thumb_160": "https:\/\/files.slack.com\/files-tmb\/T5HSQH1A8-F5SS0LZAQ-21dd9f7deb\/pasted_image_at_2017_06_13_05_26_pm_160.png?t=xoxe-187908579348-196951736772-196902393266-9bbe2c757c",
            "thumb_720": "https:\/\/files.slack.com\/files-tmb\/T5HSQH1A8-F5SS0LZAQ-21dd9f7deb\/pasted_image_at_2017_06_13_05_26_pm_720.png?t=xoxe-187908579348-196951736772-196902393266-9bbe2c757c",
            "thumb_720_w": 720,
            "thumb_720_h": 453,
            "thumb_800": "https:\/\/files.slack.com\/files-tmb\/T5HSQH1A8-F5SS0LZAQ-21dd9f7deb\/pasted_image_at_2017_06_13_05_26_pm_800.png?t=xoxe-187908579348-196951736772-196902393266-9bbe2c757c",
            "thumb_800_w": 800,
            "thumb_800_h": 503,
            "thumb_960": "https:\/\/files.slack.com\/files-tmb\/T5HSQH1A8-F5SS0LZAQ-21dd9f7deb\/pasted_image_at_2017_06_13_05_26_pm_960.png?t=xoxe-187908579348-196951736772-196902393266-9bbe2c757c",
            "thumb_960_w": 960,
            "thumb_960_h": 604,
            "thumb_1024": "https:\/\/files.slack.com\/files-tmb\/T5HSQH1A8-F5SS0LZAQ-21dd9f7deb\/pasted_image_at_2017_06_13_05_26_pm_1024.png?t=xoxe-187908579348-196951736772-196902393266-9bbe2c757c",
            "thumb_1024_w": 1024,
            "thumb_1024_h": 644,
            "image_exif_rotation": 1,
            "original_w": 1059,
            "original_h": 666,
            "permalink": "https:\/\/share-kaggle-forest.slack.com\/files\/hengcherkeng235\/F5SS0LZAQ\/pasted_image_at_2017_06_13_05_26_pm.png",
            "permalink_public": "https:\/\/slack-files.com\/T5HSQH1A8-F5SS0LZAQ-e38dd118ab",
            "channels": [
                "C5HU2FQJ1"
            ],
            "groups": [],
            "ims": [],
            "comments_count": 0
        },
        "user": "U5HP43Y5R",
        "upload": true,
        "display_as_bot": false,
        "username": "hengcherkeng235",
        "bot_id": null,
        "ts": "1497345982.271239"
    },
    {
        "type": "message",
        "user": "U5HP43Y5R",
        "text": "schdule is using step schduling for leraning rate",
        "ts": "1497346020.280958"
    },
    {
        "type": "message",
        "user": "U5ST4D6DV",
        "text": "Does not seem to improve on regular lr decreasing?",
        "ts": "1497346033.284141"
    },
    {
        "type": "message",
        "user": "U5HP43Y5R",
        "text": "train=32K samples, validate=8k samples. 256x256 jpg input",
        "ts": "1497346046.287624"
    },
    {
        "type": "message",
        "user": "U5ST4D6DV",
        "text": "There are some other interesting cyclical lr patterns, found here: <https:\/\/github.com\/bckenstler\/CLR>",
        "attachments": [
            {
                "service_name": "GitHub",
                "title": "bckenstler\/CLR",
                "title_link": "https:\/\/github.com\/bckenstler\/CLR",
                "text": "Contribute to CLR development by creating an account on GitHub.",
                "fallback": "GitHub: bckenstler\/CLR",
                "from_url": "https:\/\/github.com\/bckenstler\/CLR",
                "thumb_url": "https:\/\/avatars3.githubusercontent.com\/u\/20080577?v=3&s=400",
                "thumb_width": 250,
                "thumb_height": 250,
                "service_icon": "https:\/\/a.slack-edge.com\/bfaba\/img\/unfurl_icons\/github.png",
                "id": 1
            }
        ],
        "ts": "1497346089.298865"
    },
    {
        "type": "message",
        "user": "U5ST4D6DV",
        "text": "But probably won't make much of a difference",
        "ts": "1497346105.302982"
    },
    {
        "type": "message",
        "user": "U5HP43Y5R",
        "text": "yes. i haven't try that",
        "ts": "1497346106.303303"
    },
    {
        "type": "message",
        "user": "U5HP43Y5R",
        "text": "my feeling is that results is more or less the same. but i could be wrong and i encourage you to do more experiment",
        "ts": "1497346155.315686"
    },
    {
        "type": "message",
        "user": "U5HP43Y5R",
        "text": "even if there is improvement, maybe improve LB score by 0.001?",
        "ts": "1497346178.322006"
    },
    {
        "type": "message",
        "user": "U5HP43Y5R",
        "text": "it is very hard for me to use this since i make a bet by using all train samples without validation set",
        "ts": "1497346224.334547"
    },
    {
        "type": "message",
        "user": "U5ST4D6DV",
        "text": "Yes, I have tried some experiments myself, but got nowhere near the improvement they claim in the paper. But I'm still new at this and don't trust my own experiments that much",
        "ts": "1497346274.347933"
    },
    {
        "type": "message",
        "user": "U5HP43Y5R",
        "text": "the improvement is also due to nature of data",
        "ts": "1497346318.359373"
    },
    {
        "type": "message",
        "user": "U5HP43Y5R",
        "text": "maybe our data is not suited for this",
        "ts": "1497346326.361706"
    },
    {
        "type": "message",
        "user": "U5HP43Y5R",
        "text": "or maybe other teawks are required",
        "edited": {
            "user": "U5HP43Y5R",
            "ts": "1497346471.000000"
        },
        "ts": "1497346340.365242"
    },
    {
        "type": "message",
        "user": "U5ST4D6DV",
        "text": "Possible, yes",
        "ts": "1497346352.368200"
    },
    {
        "type": "message",
        "user": "U5HP43Y5R",
        "text": "there are many way to improve results .... currently, this is out for me",
        "ts": "1497346378.375217"
    },
    {
        "type": "message",
        "user": "U5HP43Y5R",
        "text": "my next bet is more data",
        "ts": "1497346398.380438"
    },
    {
        "type": "message",
        "user": "U5HP43Y5R",
        "text": "i must find a way to create more  data",
        "edited": {
            "user": "U5HP43Y5R",
            "ts": "1497346424.000000"
        },
        "ts": "1497346414.384653"
    },
    {
        "type": "message",
        "user": "U5ST4D6DV",
        "text": "The LR range test they mentioned in the paper did not give me clear results.",
        "ts": "1497346466.397901"
    },
    {
        "type": "message",
        "user": "U5ST4D6DV",
        "text": "Do you use random data augmentations or fixed?",
        "ts": "1497346484.402575"
    },
    {
        "type": "message",
        "user": "U5HP43Y5R",
        "text": "random data augmentations",
        "ts": "1497346498.406356"
    },
    {
        "type": "message",
        "user": "U5ST4D6DV",
        "text": "Have you experimented with random crops (\/random image sizes)? I know it only works with specific architectures",
        "ts": "1497346560.422283"
    },
    {
        "type": "message",
        "user": "U5L4Y93HC",
        "text": "For me random crops did not improve score.",
        "ts": "1497346582.428159"
    },
    {
        "type": "message",
        "user": "U5HP43Y5R",
        "text": "random crops is not recommended",
        "ts": "1497346591.430531"
    },
    {
        "type": "message",
        "user": "U5HP43Y5R",
        "text": "becuase the road can be at edge of image and after cropping, the road disappears",
        "ts": "1497346615.436661"
    },
    {
        "type": "message",
        "user": "U5L4Y93HC",
        "text": "Yea",
        "ts": "1497346618.437511"
    },
    {
        "type": "message",
        "user": "U5HP43Y5R",
        "text": "more data has to be from",
        "ts": "1497346634.441439"
    },
    {
        "type": "message",
        "user": "U5HP43Y5R",
        "text": "1. upsize",
        "ts": "1497346639.442807"
    },
    {
        "type": "message",
        "user": "U5HP43Y5R",
        "text": "2. tif",
        "ts": "1497346642.443591"
    },
    {
        "type": "message",
        "user": "U5HP43Y5R",
        "text": "3. unsupervised",
        "ts": "1497346650.445460"
    },
    {
        "type": "message",
        "user": "U5HP43Y5R",
        "text": "4.collect from the web (since jpg works better than tif)",
        "edited": {
            "user": "U5HP43Y5R",
            "ts": "1497346679.000000"
        },
        "ts": "1497346670.450684"
    },
    {
        "type": "message",
        "user": "U5ST4D6DV",
        "text": "What if you use the whole image just with different resolutions as input",
        "ts": "1497346698.457714"
    },
    {
        "type": "message",
        "user": "U5HP43Y5R",
        "text": "5.synthetic generate?",
        "ts": "1497346709.460364"
    },
    {
        "type": "message",
        "user": "U5L4Y93HC",
        "text": "There will be no additional information with different resolutions.",
        "edited": {
            "user": "U5L4Y93HC",
            "ts": "1497346767.000000"
        },
        "ts": "1497346724.464335"
    },
    {
        "type": "message",
        "user": "U5HP43Y5R",
        "text": "&gt;&gt;What if you use the whole image just with different resolutions as input\ninceptionv3 needs 288",
        "ts": "1497346739.467885"
    },
    {
        "type": "message",
        "user": "U5HP43Y5R",
        "text": "the other can work with 256",
        "ts": "1497346747.470185"
    },
    {
        "type": "message",
        "user": "U5ST4D6DV",
        "text": "Maybe not additional data, but maybe different perspectives",
        "ts": "1497346781.478702"
    },
    {
        "type": "message",
        "user": "U5HP43Y5R",
        "text": "256 generally better than 224",
        "ts": "1497346786.480015"
    },
    {
        "type": "message",
        "user": "U5HP43Y5R",
        "text": "the power of size: <https:\/\/github.com\/soeaver\/caffe-model>",
        "attachments": [
            {
                "service_name": "GitHub",
                "title": "soeaver\/caffe-model",
                "title_link": "https:\/\/github.com\/soeaver\/caffe-model",
                "text": "caffe-model - Caffe models (imagenet pretrain) and prototxt generator scripts for inception_v3 \\ inception_v4 \\ inception_resnet \\ fractalnet \\ resnext",
                "fallback": "GitHub: soeaver\/caffe-model",
                "from_url": "https:\/\/github.com\/soeaver\/caffe-model",
                "thumb_url": "https:\/\/avatars2.githubusercontent.com\/u\/8629203?v=3&s=400",
                "thumb_width": 250,
                "thumb_height": 250,
                "service_icon": "https:\/\/a.slack-edge.com\/bfaba\/img\/unfurl_icons\/github.png",
                "id": 1
            }
        ],
        "ts": "1497346835.492967"
    },
    {
        "type": "message",
        "user": "U5ST4D6DV",
        "text": "In the spatial pyramid pooling paper (<https:\/\/arxiv.org\/abs\/1406.4729>) they experimented with multi size inputs. Seemed to work for them",
        "ts": "1497347033.543222"
    },
    {
        "type": "message",
        "user": "U5HP43Y5R",
        "text": "i try to extract features from intermediate layers of resnet34",
        "edited": {
            "user": "U5HP43Y5R",
            "ts": "1497347146.000000"
        },
        "ts": "1497347133.568850"
    },
    {
        "type": "message",
        "user": "U5HP43Y5R",
        "text": "no improvement",
        "ts": "1497347136.569799"
    },
    {
        "type": "message",
        "user": "U5HP43Y5R",
        "text": "but sometimes, even if there is no improvement per model, the ensemble will improve",
        "ts": "1497347171.578795"
    },
    {
        "type": "message",
        "user": "U5L4Y93HC",
        "text": "<@U5ST4D6DV> I think the results will not transfer well. Current sota architectures are much more powerful than the ones included in the paper.",
        "ts": "1497347186.582732"
    },
    {
        "type": "message",
        "user": "U5HP43Y5R",
        "text": "class PyResNet(nn.Module):\n\n    def __init__(self, block, layers, in_shape=(3,256,256), num_classes=17):\n        self.inplanes = 64\n\n        super(PyResNet, self).__init__()\n        in_channels, height, width = in_shape\n\n        # self.conv0 = nn.Sequential(\n        #     *make_conv_bn_relu(in_channels, 64, kernel_size=7, stride=2, padding=3, groups=1)\n        # )\n        self.conv1 = nn.Conv2d(in_channels, 64, kernel_size=7, stride=2, padding=3, bias=False)\n        self.bn1  = nn.BatchNorm2d(64)\n        self.relu = nn.ReLU(inplace=True)\n\n        self.layer1 = self.make_layer(block, 64, layers[0])\n        self.layer2 = self.make_layer(block, 128, layers[1], stride=2)\n        self.layer3 = self.make_layer(block, 256, layers[2], stride=2)\n        self.layer4 = self.make_layer(block, 512, layers[3], stride=2)\n\n        self.fc2 = nn.Sequential(\n             *make_linear_bn_relu(128 * block.expansion, 512),\n              nn.Linear(512, num_classes),\n        )\n        self.fc3 = nn.Sequential(\n             *make_linear_bn_relu(256 * block.expansion, 512),\n              nn.Linear(512, num_classes),\n        )\n        self.fc4 = nn.Sequential(\n             *make_linear_bn_relu(512 * block.expansion, 512),\n              nn.Linear(512, num_classes),\n        )",
        "ts": "1497347241.596141"
    },
    {
        "type": "message",
        "user": "U5ST4D6DV",
        "text": "Okay, thank you",
        "ts": "1497347242.596451"
    },
    {
        "type": "message",
        "user": "U5HP43Y5R",
        "text": "def forward(self, x):\n        #x = self.conv0(x)\n        x = self.conv1(x)\n        x = self.bn1(x)\n        x = self.relu(x)\n        x = F.max_pool2d(x, kernel_size=3, stride=2, padding=1)\n\n        x = self.layer1(x) # 64, 64x64\n\n        x = self.layer2(x) #128, 32x32\n        flat2 = make_max_flat(x)  ##make_avg_flat\n\n        x = self.layer3(x) #256, 16x16\n        flat3 = make_max_flat(x)\n\n        x = self.layer4(x) #512,  8x8\n        flat4 = make_max_flat(x)\n\n        # x = <http:\/\/torch.cat|torch.cat>([flat2,flat3,flat4,],1)\n        # x = self.fc(x)\n        x = self.fc2(flat2) + self.fc3(flat3) + self.fc4(flat4)\n\n\n        logit = x\n        prob  = F.sigmoid(logit)\n        return logit, prob",
        "ts": "1497347252.598861"
    },
    {
        "type": "message",
        "user": "U5L4Y93HC",
        "text": "For example a perfect net with residual structures would just propagate the input feature maps through the whole network if this would be ideal for information gathering",
        "ts": "1497347255.599521"
    },
    {
        "type": "message",
        "user": "U5ST4D6DV",
        "text": "Yes, that makes sense <@U5L4Y93HC>",
        "ts": "1497347273.604146"
    },
    {
        "type": "message",
        "subtype": "file_share",
        "text": "<@U5HP43Y5R|hengcherkeng235> uploaded a file: <https:\/\/share-kaggle-forest.slack.com\/files\/hengcherkeng235\/F5SSBG11A\/top10.png|top10.png>",
        "file": {
            "id": "F5SSBG11A",
            "created": 1497347416,
            "timestamp": 1497347416,
            "name": "top10.png",
            "title": "top10.png",
            "mimetype": "image\/png",
            "filetype": "png",
            "pretty_type": "PNG",
            "user": "U5HP43Y5R",
            "editable": false,
            "size": 40187,
            "mode": "hosted",
            "is_external": false,
            "external_type": "",
            "is_public": true,
            "public_url_shared": false,
            "display_as_bot": false,
            "username": "",
            "url_private": "https:\/\/files.slack.com\/files-pri\/T5HSQH1A8-F5SSBG11A\/top10.png?t=xoxe-187908579348-196951736772-196902393266-9bbe2c757c",
            "url_private_download": "https:\/\/files.slack.com\/files-pri\/T5HSQH1A8-F5SSBG11A\/download\/top10.png?t=xoxe-187908579348-196951736772-196902393266-9bbe2c757c",
            "thumb_64": "https:\/\/files.slack.com\/files-tmb\/T5HSQH1A8-F5SSBG11A-0d3bc140fb\/top10_64.png?t=xoxe-187908579348-196951736772-196902393266-9bbe2c757c",
            "thumb_80": "https:\/\/files.slack.com\/files-tmb\/T5HSQH1A8-F5SSBG11A-0d3bc140fb\/top10_80.png?t=xoxe-187908579348-196951736772-196902393266-9bbe2c757c",
            "thumb_360": "https:\/\/files.slack.com\/files-tmb\/T5HSQH1A8-F5SSBG11A-0d3bc140fb\/top10_360.png?t=xoxe-187908579348-196951736772-196902393266-9bbe2c757c",
            "thumb_360_w": 360,
            "thumb_360_h": 305,
            "thumb_480": "https:\/\/files.slack.com\/files-tmb\/T5HSQH1A8-F5SSBG11A-0d3bc140fb\/top10_480.png?t=xoxe-187908579348-196951736772-196902393266-9bbe2c757c",
            "thumb_480_w": 480,
            "thumb_480_h": 406,
            "thumb_160": "https:\/\/files.slack.com\/files-tmb\/T5HSQH1A8-F5SSBG11A-0d3bc140fb\/top10_160.png?t=xoxe-187908579348-196951736772-196902393266-9bbe2c757c",
            "image_exif_rotation": 1,
            "original_w": 675,
            "original_h": 571,
            "permalink": "https:\/\/share-kaggle-forest.slack.com\/files\/hengcherkeng235\/F5SSBG11A\/top10.png",
            "permalink_public": "https:\/\/slack-files.com\/T5HSQH1A8-F5SSBG11A-72a89c3951",
            "channels": [
                "C5HU2FQJ1"
            ],
            "groups": [],
            "ims": [],
            "comments_count": 0
        },
        "user": "U5HP43Y5R",
        "upload": true,
        "display_as_bot": false,
        "username": "hengcherkeng235",
        "bot_id": null,
        "ts": "1497347420.641085"
    },
    {
        "type": "message",
        "user": "U5HP43Y5R",
        "text": "the top team has discovered something we don't know",
        "ts": "1497347436.644781"
    },
    {
        "type": "message",
        "user": "U5L4Y93HC",
        "text": "Or they are overfitting the leaderboard :smile:",
        "ts": "1497347460.650817"
    },
    {
        "type": "message",
        "user": "U5HP43Y5R",
        "text": "not likely",
        "ts": "1497347486.657459"
    },
    {
        "type": "message",
        "user": "U5L4Y93HC",
        "text": "Yea ..",
        "ts": "1497347491.658669"
    },
    {
        "type": "message",
        "user": "U5LKQGS1K",
        "text": "What does this graph represent <@U5HP43Y5R> ?",
        "ts": "1497347533.668998"
    },
    {
        "type": "message",
        "user": "U5L4Y93HC",
        "text": "Since they ranked 4th at the dstl sattelite challenge I am wondering whether they may be able to reuse features they found at this challenge",
        "ts": "1497347540.671070"
    },
    {
        "type": "message",
        "user": "U5HP43Y5R",
        "text": "this time round, the train public and private LB set are very similar",
        "ts": "1497347550.673521"
    },
    {
        "type": "message",
        "user": "U5HP43Y5R",
        "text": "i supsect kaggle will change class distribution for private LB",
        "ts": "1497347582.681400"
    },
    {
        "type": "message",
        "user": "U5HP43Y5R",
        "text": "<@U5LKQGS1K> daily progress LB score of top 6 team",
        "edited": {
            "user": "U5HP43Y5R",
            "ts": "1497347644.000000"
        },
        "ts": "1497347615.689857"
    },
    {
        "type": "message",
        "user": "U5LKQGS1K",
        "text": "Thanks!",
        "ts": "1497347664.702590"
    },
    {
        "type": "message",
        "user": "U5LKQGS1K",
        "text": "Do you ever sleep? :smile:",
        "ts": "1497347671.704296"
    },
    {
        "type": "message",
        "user": "U5L4Y93HC",
        "text": "Follow up question: Where are you guys located?",
        "ts": "1497347703.712183"
    },
    {
        "type": "message",
        "user": "U5LKQGS1K",
        "text": "Belgium",
        "ts": "1497347752.724382"
    },
    {
        "type": "message",
        "subtype": "file_share",
        "text": "<@U5HP43Y5R|hengcherkeng235> uploaded a file: <https:\/\/share-kaggle-forest.slack.com\/files\/hengcherkeng235\/F5SNTC6DR\/rank.png|rank.png>",
        "file": {
            "id": "F5SNTC6DR",
            "created": 1497347780,
            "timestamp": 1497347780,
            "name": "rank.png",
            "title": "rank.png",
            "mimetype": "image\/png",
            "filetype": "png",
            "pretty_type": "PNG",
            "user": "U5HP43Y5R",
            "editable": false,
            "size": 70673,
            "mode": "hosted",
            "is_external": false,
            "external_type": "",
            "is_public": true,
            "public_url_shared": false,
            "display_as_bot": false,
            "username": "",
            "url_private": "https:\/\/files.slack.com\/files-pri\/T5HSQH1A8-F5SNTC6DR\/rank.png?t=xoxe-187908579348-196951736772-196902393266-9bbe2c757c",
            "url_private_download": "https:\/\/files.slack.com\/files-pri\/T5HSQH1A8-F5SNTC6DR\/download\/rank.png?t=xoxe-187908579348-196951736772-196902393266-9bbe2c757c",
            "thumb_64": "https:\/\/files.slack.com\/files-tmb\/T5HSQH1A8-F5SNTC6DR-7d635d117b\/rank_64.png?t=xoxe-187908579348-196951736772-196902393266-9bbe2c757c",
            "thumb_80": "https:\/\/files.slack.com\/files-tmb\/T5HSQH1A8-F5SNTC6DR-7d635d117b\/rank_80.png?t=xoxe-187908579348-196951736772-196902393266-9bbe2c757c",
            "thumb_360": "https:\/\/files.slack.com\/files-tmb\/T5HSQH1A8-F5SNTC6DR-7d635d117b\/rank_360.png?t=xoxe-187908579348-196951736772-196902393266-9bbe2c757c",
            "thumb_360_w": 360,
            "thumb_360_h": 334,
            "thumb_480": "https:\/\/files.slack.com\/files-tmb\/T5HSQH1A8-F5SNTC6DR-7d635d117b\/rank_480.png?t=xoxe-187908579348-196951736772-196902393266-9bbe2c757c",
            "thumb_480_w": 480,
            "thumb_480_h": 445,
            "thumb_160": "https:\/\/files.slack.com\/files-tmb\/T5HSQH1A8-F5SNTC6DR-7d635d117b\/rank_160.png?t=xoxe-187908579348-196951736772-196902393266-9bbe2c757c",
            "thumb_720": "https:\/\/files.slack.com\/files-tmb\/T5HSQH1A8-F5SNTC6DR-7d635d117b\/rank_720.png?t=xoxe-187908579348-196951736772-196902393266-9bbe2c757c",
            "thumb_720_w": 720,
            "thumb_720_h": 667,
            "image_exif_rotation": 1,
            "original_w": 724,
            "original_h": 671,
            "permalink": "https:\/\/share-kaggle-forest.slack.com\/files\/hengcherkeng235\/F5SNTC6DR\/rank.png",
            "permalink_public": "https:\/\/slack-files.com\/T5HSQH1A8-F5SNTC6DR-a0d959baa9",
            "channels": [
                "C5HU2FQJ1"
            ],
            "groups": [],
            "ims": [],
            "comments_count": 0
        },
        "user": "U5HP43Y5R",
        "upload": true,
        "display_as_bot": false,
        "username": "hengcherkeng235",
        "bot_id": null,
        "ts": "1497347782.732338"
    },
    {
        "type": "message",
        "user": "U5ST4D6DV",
        "text": "South Africa",
        "ts": "1497347783.732499"
    },
    {
        "type": "message",
        "user": "U5L4Y93HC",
        "text": "Okay, I am from Germany.",
        "ts": "1497347791.734442"
    },
    {
        "type": "message",
        "user": "U5HP43Y5R",
        "text": "that is how close things are now",
        "ts": "1497347794.735374"
    },
    {
        "type": "message",
        "user": "U5ST4D6DV",
        "text": "Have you tried pseudo-labeling\/knowledge-distillation with the test set, as a semi-supervised approach, <@U5HP43Y5R>?",
        "ts": "1497348353.877879"
    },
    {
        "type": "message",
        "user": "U5HP43Y5R",
        "text": "&gt;&gt;pseudo-labeling\/knowledge-distillation\nthe normal way of doing will not work",
        "ts": "1497348388.886215"
    },
    {
        "type": "message",
        "user": "U5HP43Y5R",
        "text": "class is highly imbalance",
        "ts": "1497348402.889858"
    },
    {
        "type": "message",
        "user": "U5HP43Y5R",
        "text": "the most confidence images will change the distribution",
        "ts": "1497348421.894169"
    },
    {
        "type": "message",
        "user": "U5HP43Y5R",
        "text": "it is difficult is find test images with all confident pesudo labels",
        "ts": "1497348445.899675"
    },
    {
        "type": "message",
        "user": "U5HP43Y5R",
        "text": "but easy to find partial confident pesudo labels",
        "ts": "1497348457.902311"
    },
    {
        "type": "message",
        "user": "U5HP43Y5R",
        "text": "doing this as the next step",
        "ts": "1497348475.906458"
    },
    {
        "type": "message",
        "user": "U5HP43Y5R",
        "text": "<https:\/\/arxiv.org\/abs\/1503.02531>",
        "ts": "1497349621.166843"
    },
    {
        "type": "message",
        "user": "U5HP43Y5R",
        "text": "I have a question about knowledge distill",
        "ts": "1497349999.249039"
    },
    {
        "type": "message",
        "user": "U5ST4D6DV",
        "text": "Yes, that is what I'm referring to. So instead of using hard predictions (labels) of test images, use soft class scores as labels of test images. So the network knows how confident the predictions are",
        "ts": "1497350019.253264"
    },
    {
        "type": "message",
        "user": "U5HP43Y5R",
        "text": "I understand semi supervised learning",
        "ts": "1497350021.253679"
    },
    {
        "type": "message",
        "user": "U5HP43Y5R",
        "text": "I understand knowledge distill is to inject results of one classifier to another",
        "ts": "1497350120.274681"
    },
    {
        "type": "message",
        "user": "U5HP43Y5R",
        "text": "They are two different things",
        "ts": "1497350139.278855"
    },
    {
        "type": "message",
        "user": "U5HP43Y5R",
        "text": "Why do kagglers put them together?",
        "ts": "1497350157.282637"
    },
    {
        "type": "message",
        "user": "U5ST4D6DV",
        "text": "Pseudo-labeling\n\nAnother way we exploited the information in the test set was by a combination of pseudo-labeling and knowledge distillation (Hinton et al.). The initial results from models trained with pseudo-labeling were significantly better than we anticipated, so we ended up investigating this approach quite thoroughly.\n\nPseudo-labeling entails adding test data to the training set to create a much larger dataset. The labels of the test datapoints (so called pseudo-labels) are based on predictions from a previously trained model or an ensemble of models. This mostly had a regularizing effect, which allowed us to train bigger networks.\n\nWe experimented both with hard targets (one-hot coded) and soft targets (predicted probabilities), but quickly settled on soft targets as these gave much better results.\n\nAnother important detail is the balance between original data and pseudo-labeled data in the resulting dataset. In most of our experiments 33% of the minibatch was sampled from the pseudolabeled dataset and 67% from the real training set.\n\nIt is also possible to use more pseudo-labeled data points (e.g. 67%). In this case the model is regularized a lot more, but the results will be more similar to the pseudolabels. As mentioned before, this allowed us to train bigger networks, but in fact this is necessary to make pseudo-labeling work well. When using 67% of the pseudo-labeled dataset we even had to reduce or disable dropout, or the models would underfit.\n\nOur pseudo-labeling approach differs from knowledge distillation in the sense that we use the test set instead of the training set to transfer knowledge between models. Another notable difference is that knowledge distillation is mainly intended for training smaller and faster networks that work nearly as well as bigger models, whereas we used it to train bigger models that perform better than the original model(s).\n\nWe think pseudo-labeling helped to improve our results because of the large test set and the combination of data-augmentation and test-time augmentation (see below). When pseudo-labeled test data is added to the training set, the network is optimized (or constrained) to generate predictions similar to the pseudo-labels for all possible variations and transformations of the data resulting from augmentation. This makes the network more invariant to these transformations, and forces the network to make more meaningful predictions.\n\nWe saw the biggest gains in the beginning (up to 0.015 improvement on the leaderboard), but even in the end we were able to improve on very large ensembles of (bagged) models (between 0.003 - 0.009).",
        "ts": "1497350241.300290",
        "reactions": [
            {
                "name": "+1",
                "users": [
                    "U5LKQGS1K"
                ],
                "count": 1
            }
        ]
    },
    {
        "type": "message",
        "user": "U5ST4D6DV",
        "text": "From <http:\/\/benanne.github.io\/2015\/03\/17\/plankton.html>",
        "attachments": [
            {
                "service_name": "Sander Dieleman",
                "title": "Classifying plankton with deep neural networks",
                "title_link": "http:\/\/benanne.github.io\/2015\/03\/17\/plankton.html",
                "text": "The Reslab team's solution for the National Data Science Bowl on Kaggle.",
                "fallback": "Sander Dieleman: Classifying plankton with deep neural networks",
                "image_url": "http:\/\/benanne.github.io\/images\/planktonbg.jpg",
                "from_url": "http:\/\/benanne.github.io\/2015\/03\/17\/plankton.html",
                "image_width": 800,
                "image_height": 250,
                "image_bytes": 99401,
                "service_icon": "http:\/\/benanne.github.io\/images\/apple-touch-icon-precomposed.png",
                "id": 1
            }
        ],
        "ts": "1497350252.302686"
    },
    {
        "type": "message",
        "user": "U5HP43Y5R",
        "text": " I mean most of the time in kaggle we are only interested in semi supervised learning ",
        "ts": "1497350257.303641"
    },
    {
        "type": "message",
        "user": "U5HP43Y5R",
        "text": "We do not create new classifier that capture knowledge of others",
        "ts": "1497350282.308818"
    },
    {
        "type": "message",
        "user": "U5HP43Y5R",
        "text": "Ok",
        "ts": "1497350324.317514"
    },
    {
        "type": "message",
        "user": "U5HP43Y5R",
        "text": "The link clears my doubts ",
        "ts": "1497350337.320149"
    },
    {
        "type": "message",
        "user": "U5HP43Y5R",
        "text": "Thanks",
        "ts": "1497350339.320593"
    },
    {
        "type": "message",
        "user": "U5HP43Y5R",
        "text": "So it it not exactly the same as the paper",
        "ts": "1497350354.323628"
    },
    {
        "type": "message",
        "user": "U5ST4D6DV",
        "text": "No, but based on the same idea",
        "ts": "1497350386.330467"
    },
    {
        "type": "message",
        "user": "U5HP43Y5R",
        "text": "Hmm",
        "ts": "1497350449.344397"
    },
    {
        "type": "message",
        "user": "U5HP43Y5R",
        "text": "Better way could be using both train and test set to transfer knowledge ",
        "ts": "1497350586.373348"
    },
    {
        "type": "message",
        "user": "U5ST4D6DV",
        "text": "How? By using predicted class scores of the training images also as output of another network?",
        "ts": "1497350643.385466"
    },
    {
        "type": "message",
        "user": "U5ST4D6DV",
        "text": "Should we be concerned about this at all: <https:\/\/www.kaggle.com\/c\/planet-understanding-the-amazon-from-space\/discussion\/34613>",
        "ts": "1497350704.398302"
    },
    {
        "type": "message",
        "user": "U5LKQGS1K",
        "text": "Good question",
        "ts": "1497350769.412578"
    },
    {
        "type": "message",
        "user": "U5LKQGS1K",
        "text": "Her statement is quite clear",
        "ts": "1497350778.414671"
    },
    {
        "type": "message",
        "user": "U5ST4D6DV",
        "text": "The only reason why I think this might be acceptable is because it is not private, in the sense that anyone can join",
        "ts": "1497350849.429983"
    },
    {
        "type": "message",
        "user": "U5L4Y93HC",
        "text": "But you have to be accepted by <@U5HP43Y5R> I think",
        "ts": "1497350865.433303"
    },
    {
        "type": "message",
        "user": "U5L4Y93HC",
        "text": "So technically it is private",
        "ts": "1497350870.434447"
    },
    {
        "type": "message",
        "user": "U5L4Y93HC",
        "text": "Also can we discuss approaches and results her if we do not share code? :slightly_smiling_face:",
        "ts": "1497350897.440102"
    },
    {
        "type": "message",
        "user": "U5LKQGS1K",
        "text": "They don't want to avoid collaboration, they just want it to be open",
        "ts": "1497350947.450312"
    },
    {
        "type": "message",
        "user": "U5HP43Y5R",
        "text": "I do share code at forum ",
        "ts": "1497350967.454443"
    },
    {
        "type": "message",
        "user": "U5LKQGS1K",
        "text": "Slack is more convenient than the kaggle forums though",
        "edited": {
            "user": "U5LKQGS1K",
            "ts": "1497350988.000000"
        },
        "ts": "1497350980.457183"
    },
    {
        "type": "message",
        "user": "U5HP43Y5R",
        "text": "So everyone can access",
        "ts": "1497350981.457499"
    },
    {
        "type": "message",
        "user": "U5L4Y93HC",
        "text": "I completly agree, Kaggle forums is so slow",
        "ts": "1497351004.462304"
    },
    {
        "type": "message",
        "user": "U5HP43Y5R",
        "text": "Technically if i share same discussion on forum it is not against the rule",
        "ts": "1497351036.469151"
    },
    {
        "type": "message",
        "user": "U5HP43Y5R",
        "text": "But i will write to wendy to confirm ",
        "ts": "1497351049.472135",
        "reactions": [
            {
                "name": "+1",
                "users": [
                    "U5L4Y93HC",
                    "U5LKQGS1K"
                ],
                "count": 2
            }
        ]
    },
    {
        "type": "message",
        "user": "U5LKQGS1K",
        "text": "You could archive this discussion and dump it on kaggle from time to time :smile:",
        "ts": "1497351060.474210",
        "reactions": [
            {
                "name": "+1",
                "users": [
                    "U5ST4D6DV",
                    "U5L4Y93HC"
                ],
                "count": 2
            }
        ]
    },
    {
        "type": "message",
        "user": "U5HP43Y5R",
        "text": "The slack group is also open ",
        "ts": "1497351067.475827"
    },
    {
        "type": "message",
        "user": "U5LKQGS1K",
        "text": "Yeah, maybe that's best, just to be sure",
        "ts": "1497351070.476292"
    },
    {
        "type": "message",
        "user": "U5HP43Y5R",
        "text": "You need not my permission ",
        "ts": "1497351077.477930"
    },
    {
        "type": "message",
        "user": "U5HP43Y5R",
        "text": "Just click the link ",
        "ts": "1497351087.479949"
    },
    {
        "type": "message",
        "user": "U5LKQGS1K",
        "text": "Maybe kaggle should consider providing a slack channel per competition?",
        "ts": "1497351121.487154"
    },
    {
        "type": "message",
        "user": "U5LKQGS1K",
        "text": "So then they are still 'in control'",
        "ts": "1497351127.488342"
    }
]