[
    {
        "type": "message",
        "user": "U5L4Y93HC",
        "text": "Okay and what's the purpose of this list?",
        "ts": "1496649768.979489"
    },
    {
        "type": "message",
        "user": "U5L4Y93HC",
        "text": "<http:\/\/pytorch.org\/docs\/nn.html#torch.nn.Module> In this example self.conv1 and self.conv2 are used...",
        "ts": "1496649853.995436"
    },
    {
        "type": "message",
        "user": "U5L4Y93HC",
        "text": "Why are they not added as modules?",
        "ts": "1496649858.996568"
    },
    {
        "type": "message",
        "user": "U5L4Y93HC",
        "text": "I mean I see they are not \"modules\", but shouldn't the statement \n&gt;Submodules assigned in this way will be registered, and will have their parameters converted too when you call .cuda(), etc. also hold for them?",
        "edited": {
            "user": "U5L4Y93HC",
            "ts": "1496649979.000000"
        },
        "ts": "1496649926.008574"
    },
    {
        "type": "message",
        "user": "U5HP43Y5R",
        "text": "for example, a list is input to nn.squential",
        "ts": "1496656117.182711"
    },
    {
        "type": "message",
        "user": "U5HP43Y5R",
        "text": "i normally don't use add_module()",
        "ts": "1496656141.187162"
    },
    {
        "type": "message",
        "user": "U5HP43Y5R",
        "text": "i use:",
        "ts": "1496656240.205965"
    },
    {
        "type": "message",
        "user": "U5HP43Y5R",
        "text": "<http:\/\/self.xxx|self.xxx> = nn.Sequential([\n   nn.conv2d( ...),\n   nn. ...(...),\n   ...\n)]",
        "edited": {
            "user": "U5HP43Y5R",
            "ts": "1496656286.000000"
        },
        "ts": "1496656255.208549"
    },
    {
        "type": "message",
        "user": "U5HP43Y5R",
        "text": "any keras, tf people here try xception, resnext, resnet-inception, inceptionv2,v4 etc. these are pretrained models not in pytorch but they can be found in tensorflow. I wonder how is their performance?",
        "edited": {
            "user": "U5HP43Y5R",
            "ts": "1496656438.000000"
        },
        "ts": "1496656383.232538"
    },
    {
        "type": "message",
        "user": "U5L4Y93HC",
        "text": "That's exactly what I am wondering... what's the purpose of add_module when you do not even need it?",
        "ts": "1496656489.252329"
    },
    {
        "type": "message",
        "user": "U5HP43Y5R",
        "text": "oh",
        "ts": "1496656498.254055"
    },
    {
        "type": "message",
        "user": "U5HP43Y5R",
        "text": "it is used in more 'complicated' network",
        "ts": "1496656509.256212"
    },
    {
        "type": "message",
        "user": "U5HP43Y5R",
        "text": "sometimes you need to put your layers in a list,\nthen the add_module would be useful",
        "ts": "1496656564.266949"
    },
    {
        "type": "message",
        "user": "U5L4Y93HC",
        "text": "Mhhm, I do not really understand this use case :confused:. Does \n```\n<http:\/\/self.xxx|self.xxx> = nn.Sequential([\n   nn.conv2d( ...),\n   nn. ...(...),\n   ...\n)]\n```\n\nstill register <http:\/\/self.xxx|self.xxx> as a submodule?",
        "edited": {
            "user": "U5L4Y93HC",
            "ts": "1496656654.000000"
        },
        "ts": "1496656619.277572"
    },
    {
        "type": "message",
        "user": "U5HP43Y5R",
        "text": "e.g",
        "ts": "1496656691.291743"
    },
    {
        "type": "message",
        "user": "U5HP43Y5R",
        "text": "self.list_of_layers = [nn.Linear( 1, 1) for i in range( num_layers)]",
        "ts": "1496656693.291981"
    },
    {
        "type": "message",
        "user": "U5HP43Y5R",
        "text": "for i in range(steps):\n            self.add_module('i2h_' + str(i), nn.Linear(input_dim, hidden_dim))",
        "ts": "1496656741.301173"
    },
    {
        "type": "message",
        "user": "U5HP43Y5R",
        "text": "the bottom one is correct",
        "ts": "1496656752.303012"
    },
    {
        "type": "message",
        "user": "U5HP43Y5R",
        "text": "<http:\/\/self.xxx|self.xxx> is registered",
        "ts": "1496656812.315378"
    },
    {
        "type": "message",
        "user": "U5L4Y93HC",
        "text": "Ah okay. So if I have simple but nested models and do not use add_module\n```\nfor m in self.modules():\n```\nwill still find all the modules recursively even though I did not explicitly register them?",
        "ts": "1496656845.322230"
    },
    {
        "type": "message",
        "user": "U5HP43Y5R",
        "text": "<http:\/\/self.xxx|self.xxx> is registered a nn.Sequential ( a container)",
        "ts": "1496656849.323137"
    },
    {
        "type": "message",
        "user": "U5HP43Y5R",
        "text": "wait, i check",
        "ts": "1496656910.335343"
    },
    {
        "type": "message",
        "user": "U5L4Y93HC",
        "text": "And also Pytorch does magic to differ between ```self.my_float = 1.0``` and ```self.my_module = nn.Sequential\/Linear etc``` so the float does not get registered as a module?",
        "edited": {
            "user": "U5L4Y93HC",
            "ts": "1496656979.000000"
        },
        "ts": "1496656942.341428"
    },
    {
        "type": "message",
        "subtype": "file_share",
        "text": "<@U5HP43Y5R|hengcherkeng235> uploaded a file: <https:\/\/share-kaggle-forest.slack.com\/files\/hengcherkeng235\/F5PCWAEFQ\/image_uploaded_from_ios.jpg|Image uploaded from iOS.jpg>",
        "file": {
            "id": "F5PCWAEFQ",
            "created": 1496657007,
            "timestamp": 1496657007,
            "name": "Image uploaded from iOS.jpg",
            "title": "",
            "mimetype": "image\/jpeg",
            "filetype": "jpg",
            "pretty_type": "JPEG",
            "user": "U5HP43Y5R",
            "editable": false,
            "size": 9272815,
            "mode": "hosted",
            "is_external": false,
            "external_type": "",
            "is_public": true,
            "public_url_shared": false,
            "display_as_bot": false,
            "username": "",
            "url_private": "https:\/\/files.slack.com\/files-pri\/T5HSQH1A8-F5PCWAEFQ\/image_uploaded_from_ios.jpg?t=xoxe-187908579348-196951736772-196902393266-9bbe2c757c",
            "url_private_download": "https:\/\/files.slack.com\/files-pri\/T5HSQH1A8-F5PCWAEFQ\/download\/image_uploaded_from_ios.jpg?t=xoxe-187908579348-196951736772-196902393266-9bbe2c757c",
            "thumb_64": "https:\/\/files.slack.com\/files-tmb\/T5HSQH1A8-F5PCWAEFQ-c4ab986bdd\/image_uploaded_from_ios_64.jpg?t=xoxe-187908579348-196951736772-196902393266-9bbe2c757c",
            "thumb_80": "https:\/\/files.slack.com\/files-tmb\/T5HSQH1A8-F5PCWAEFQ-c4ab986bdd\/image_uploaded_from_ios_80.jpg?t=xoxe-187908579348-196951736772-196902393266-9bbe2c757c",
            "thumb_360": "https:\/\/files.slack.com\/files-tmb\/T5HSQH1A8-F5PCWAEFQ-c4ab986bdd\/image_uploaded_from_ios_360.jpg?t=xoxe-187908579348-196951736772-196902393266-9bbe2c757c",
            "thumb_360_w": 360,
            "thumb_360_h": 270,
            "thumb_480": "https:\/\/files.slack.com\/files-tmb\/T5HSQH1A8-F5PCWAEFQ-c4ab986bdd\/image_uploaded_from_ios_480.jpg?t=xoxe-187908579348-196951736772-196902393266-9bbe2c757c",
            "thumb_480_w": 480,
            "thumb_480_h": 360,
            "thumb_160": "https:\/\/files.slack.com\/files-tmb\/T5HSQH1A8-F5PCWAEFQ-c4ab986bdd\/image_uploaded_from_ios_160.jpg?t=xoxe-187908579348-196951736772-196902393266-9bbe2c757c",
            "thumb_720": "https:\/\/files.slack.com\/files-tmb\/T5HSQH1A8-F5PCWAEFQ-c4ab986bdd\/image_uploaded_from_ios_720.jpg?t=xoxe-187908579348-196951736772-196902393266-9bbe2c757c",
            "thumb_720_w": 720,
            "thumb_720_h": 540,
            "thumb_800": "https:\/\/files.slack.com\/files-tmb\/T5HSQH1A8-F5PCWAEFQ-c4ab986bdd\/image_uploaded_from_ios_800.jpg?t=xoxe-187908579348-196951736772-196902393266-9bbe2c757c",
            "thumb_800_w": 800,
            "thumb_800_h": 600,
            "thumb_960": "https:\/\/files.slack.com\/files-tmb\/T5HSQH1A8-F5PCWAEFQ-c4ab986bdd\/image_uploaded_from_ios_960.jpg?t=xoxe-187908579348-196951736772-196902393266-9bbe2c757c",
            "thumb_960_w": 960,
            "thumb_960_h": 720,
            "thumb_1024": "https:\/\/files.slack.com\/files-tmb\/T5HSQH1A8-F5PCWAEFQ-c4ab986bdd\/image_uploaded_from_ios_1024.jpg?t=xoxe-187908579348-196951736772-196902393266-9bbe2c757c",
            "thumb_1024_w": 1024,
            "thumb_1024_h": 768,
            "image_exif_rotation": 1,
            "original_w": 4032,
            "original_h": 3024,
            "permalink": "https:\/\/share-kaggle-forest.slack.com\/files\/hengcherkeng235\/F5PCWAEFQ\/image_uploaded_from_ios.jpg",
            "permalink_public": "https:\/\/slack-files.com\/T5HSQH1A8-F5PCWAEFQ-c3e46b6c61",
            "channels": [
                "C5HU2FQJ1"
            ],
            "groups": [],
            "ims": [],
            "comments_count": 0
        },
        "user": "U5HP43Y5R",
        "upload": true,
        "display_as_bot": false,
        "username": "hengcherkeng235",
        "bot_id": null,
        "upload_reply_to": "B4DD3713-193B-443C-A8C6-2EE825C79E49",
        "ts": "1496657012.354873"
    },
    {
        "type": "message",
        "subtype": "file_share",
        "text": "<@U5HP43Y5R|hengcherkeng235> uploaded a file: <https:\/\/share-kaggle-forest.slack.com\/files\/hengcherkeng235\/F5NME6WJ1\/image_uploaded_from_ios.jpg|Image uploaded from iOS>",
        "file": {
            "id": "F5NME6WJ1",
            "created": 1496657080,
            "timestamp": 1496657080,
            "name": "Image uploaded from iOS.jpg",
            "title": "Image uploaded from iOS",
            "mimetype": "image\/jpeg",
            "filetype": "jpg",
            "pretty_type": "JPEG",
            "user": "U5HP43Y5R",
            "editable": false,
            "size": 8166631,
            "mode": "hosted",
            "is_external": false,
            "external_type": "",
            "is_public": true,
            "public_url_shared": false,
            "display_as_bot": false,
            "username": "",
            "url_private": "https:\/\/files.slack.com\/files-pri\/T5HSQH1A8-F5NME6WJ1\/image_uploaded_from_ios.jpg?t=xoxe-187908579348-196951736772-196902393266-9bbe2c757c",
            "url_private_download": "https:\/\/files.slack.com\/files-pri\/T5HSQH1A8-F5NME6WJ1\/download\/image_uploaded_from_ios.jpg?t=xoxe-187908579348-196951736772-196902393266-9bbe2c757c",
            "thumb_64": "https:\/\/files.slack.com\/files-tmb\/T5HSQH1A8-F5NME6WJ1-bb8c310bff\/image_uploaded_from_ios_64.jpg?t=xoxe-187908579348-196951736772-196902393266-9bbe2c757c",
            "thumb_80": "https:\/\/files.slack.com\/files-tmb\/T5HSQH1A8-F5NME6WJ1-bb8c310bff\/image_uploaded_from_ios_80.jpg?t=xoxe-187908579348-196951736772-196902393266-9bbe2c757c",
            "thumb_360": "https:\/\/files.slack.com\/files-tmb\/T5HSQH1A8-F5NME6WJ1-bb8c310bff\/image_uploaded_from_ios_360.jpg?t=xoxe-187908579348-196951736772-196902393266-9bbe2c757c",
            "thumb_360_w": 360,
            "thumb_360_h": 270,
            "thumb_480": "https:\/\/files.slack.com\/files-tmb\/T5HSQH1A8-F5NME6WJ1-bb8c310bff\/image_uploaded_from_ios_480.jpg?t=xoxe-187908579348-196951736772-196902393266-9bbe2c757c",
            "thumb_480_w": 480,
            "thumb_480_h": 360,
            "thumb_160": "https:\/\/files.slack.com\/files-tmb\/T5HSQH1A8-F5NME6WJ1-bb8c310bff\/image_uploaded_from_ios_160.jpg?t=xoxe-187908579348-196951736772-196902393266-9bbe2c757c",
            "thumb_720": "https:\/\/files.slack.com\/files-tmb\/T5HSQH1A8-F5NME6WJ1-bb8c310bff\/image_uploaded_from_ios_720.jpg?t=xoxe-187908579348-196951736772-196902393266-9bbe2c757c",
            "thumb_720_w": 720,
            "thumb_720_h": 540,
            "thumb_800": "https:\/\/files.slack.com\/files-tmb\/T5HSQH1A8-F5NME6WJ1-bb8c310bff\/image_uploaded_from_ios_800.jpg?t=xoxe-187908579348-196951736772-196902393266-9bbe2c757c",
            "thumb_800_w": 800,
            "thumb_800_h": 600,
            "thumb_960": "https:\/\/files.slack.com\/files-tmb\/T5HSQH1A8-F5NME6WJ1-bb8c310bff\/image_uploaded_from_ios_960.jpg?t=xoxe-187908579348-196951736772-196902393266-9bbe2c757c",
            "thumb_960_w": 960,
            "thumb_960_h": 720,
            "thumb_1024": "https:\/\/files.slack.com\/files-tmb\/T5HSQH1A8-F5NME6WJ1-bb8c310bff\/image_uploaded_from_ios_1024.jpg?t=xoxe-187908579348-196951736772-196902393266-9bbe2c757c",
            "thumb_1024_w": 1024,
            "thumb_1024_h": 768,
            "image_exif_rotation": 1,
            "original_w": 4032,
            "original_h": 3024,
            "permalink": "https:\/\/share-kaggle-forest.slack.com\/files\/hengcherkeng235\/F5NME6WJ1\/image_uploaded_from_ios.jpg",
            "permalink_public": "https:\/\/slack-files.com\/T5HSQH1A8-F5NME6WJ1-965634d580",
            "channels": [
                "C5HU2FQJ1"
            ],
            "groups": [],
            "ims": [],
            "comments_count": 0
        },
        "user": "U5HP43Y5R",
        "upload": true,
        "display_as_bot": false,
        "username": "hengcherkeng235",
        "bot_id": null,
        "upload_reply_to": "CDD97522-712D-4B47-A3B0-73C6F513EAE8",
        "ts": "1496657087.368920"
    },
    {
        "type": "message",
        "subtype": "file_share",
        "text": "<@U5HP43Y5R|hengcherkeng235> uploaded a file: <https:\/\/share-kaggle-forest.slack.com\/files\/hengcherkeng235\/F5PDF7CBZ\/image_uploaded_from_ios.jpg|Image uploaded from iOS>",
        "file": {
            "id": "F5PDF7CBZ",
            "created": 1496657109,
            "timestamp": 1496657109,
            "name": "Image uploaded from iOS.jpg",
            "title": "Image uploaded from iOS",
            "mimetype": "image\/jpeg",
            "filetype": "jpg",
            "pretty_type": "JPEG",
            "user": "U5HP43Y5R",
            "editable": false,
            "size": 8691635,
            "mode": "hosted",
            "is_external": false,
            "external_type": "",
            "is_public": true,
            "public_url_shared": false,
            "display_as_bot": false,
            "username": "",
            "url_private": "https:\/\/files.slack.com\/files-pri\/T5HSQH1A8-F5PDF7CBZ\/image_uploaded_from_ios.jpg?t=xoxe-187908579348-196951736772-196902393266-9bbe2c757c",
            "url_private_download": "https:\/\/files.slack.com\/files-pri\/T5HSQH1A8-F5PDF7CBZ\/download\/image_uploaded_from_ios.jpg?t=xoxe-187908579348-196951736772-196902393266-9bbe2c757c",
            "thumb_64": "https:\/\/files.slack.com\/files-tmb\/T5HSQH1A8-F5PDF7CBZ-f305711ae9\/image_uploaded_from_ios_64.jpg?t=xoxe-187908579348-196951736772-196902393266-9bbe2c757c",
            "thumb_80": "https:\/\/files.slack.com\/files-tmb\/T5HSQH1A8-F5PDF7CBZ-f305711ae9\/image_uploaded_from_ios_80.jpg?t=xoxe-187908579348-196951736772-196902393266-9bbe2c757c",
            "thumb_360": "https:\/\/files.slack.com\/files-tmb\/T5HSQH1A8-F5PDF7CBZ-f305711ae9\/image_uploaded_from_ios_360.jpg?t=xoxe-187908579348-196951736772-196902393266-9bbe2c757c",
            "thumb_360_w": 360,
            "thumb_360_h": 270,
            "thumb_480": "https:\/\/files.slack.com\/files-tmb\/T5HSQH1A8-F5PDF7CBZ-f305711ae9\/image_uploaded_from_ios_480.jpg?t=xoxe-187908579348-196951736772-196902393266-9bbe2c757c",
            "thumb_480_w": 480,
            "thumb_480_h": 360,
            "thumb_160": "https:\/\/files.slack.com\/files-tmb\/T5HSQH1A8-F5PDF7CBZ-f305711ae9\/image_uploaded_from_ios_160.jpg?t=xoxe-187908579348-196951736772-196902393266-9bbe2c757c",
            "thumb_720": "https:\/\/files.slack.com\/files-tmb\/T5HSQH1A8-F5PDF7CBZ-f305711ae9\/image_uploaded_from_ios_720.jpg?t=xoxe-187908579348-196951736772-196902393266-9bbe2c757c",
            "thumb_720_w": 720,
            "thumb_720_h": 540,
            "thumb_800": "https:\/\/files.slack.com\/files-tmb\/T5HSQH1A8-F5PDF7CBZ-f305711ae9\/image_uploaded_from_ios_800.jpg?t=xoxe-187908579348-196951736772-196902393266-9bbe2c757c",
            "thumb_800_w": 800,
            "thumb_800_h": 600,
            "thumb_960": "https:\/\/files.slack.com\/files-tmb\/T5HSQH1A8-F5PDF7CBZ-f305711ae9\/image_uploaded_from_ios_960.jpg?t=xoxe-187908579348-196951736772-196902393266-9bbe2c757c",
            "thumb_960_w": 960,
            "thumb_960_h": 720,
            "thumb_1024": "https:\/\/files.slack.com\/files-tmb\/T5HSQH1A8-F5PDF7CBZ-f305711ae9\/image_uploaded_from_ios_1024.jpg?t=xoxe-187908579348-196951736772-196902393266-9bbe2c757c",
            "thumb_1024_w": 1024,
            "thumb_1024_h": 768,
            "image_exif_rotation": 1,
            "original_w": 4032,
            "original_h": 3024,
            "permalink": "https:\/\/share-kaggle-forest.slack.com\/files\/hengcherkeng235\/F5PDF7CBZ\/image_uploaded_from_ios.jpg",
            "permalink_public": "https:\/\/slack-files.com\/T5HSQH1A8-F5PDF7CBZ-2e0da2bf59",
            "channels": [
                "C5HU2FQJ1"
            ],
            "groups": [],
            "ims": [],
            "comments_count": 0
        },
        "user": "U5HP43Y5R",
        "upload": true,
        "display_as_bot": false,
        "username": "hengcherkeng235",
        "bot_id": null,
        "upload_reply_to": "7F713082-6A3E-4D96-987D-2F8590CFA4D7",
        "ts": "1496657114.373809"
    },
    {
        "type": "message",
        "user": "U5HP43Y5R",
        "text": "self.my_float = 1.0 will not regester as module",
        "ts": "1496657128.376485"
    },
    {
        "type": "message",
        "user": "U5HP43Y5R",
        "text": "That is none",
        "ts": "1496657189.387815"
    },
    {
        "type": "message",
        "subtype": "file_share",
        "text": "<@U5HP43Y5R|hengcherkeng235> uploaded a file: <https:\/\/share-kaggle-forest.slack.com\/files\/hengcherkeng235\/F5NGGC29Z\/image_uploaded_from_ios.jpg|Image uploaded from iOS>",
        "file": {
            "id": "F5NGGC29Z",
            "created": 1496657208,
            "timestamp": 1496657208,
            "name": "Image uploaded from iOS.jpg",
            "title": "Image uploaded from iOS",
            "mimetype": "image\/jpeg",
            "filetype": "jpg",
            "pretty_type": "JPEG",
            "user": "U5HP43Y5R",
            "editable": false,
            "size": 9190108,
            "mode": "hosted",
            "is_external": false,
            "external_type": "",
            "is_public": true,
            "public_url_shared": false,
            "display_as_bot": false,
            "username": "",
            "url_private": "https:\/\/files.slack.com\/files-pri\/T5HSQH1A8-F5NGGC29Z\/image_uploaded_from_ios.jpg?t=xoxe-187908579348-196951736772-196902393266-9bbe2c757c",
            "url_private_download": "https:\/\/files.slack.com\/files-pri\/T5HSQH1A8-F5NGGC29Z\/download\/image_uploaded_from_ios.jpg?t=xoxe-187908579348-196951736772-196902393266-9bbe2c757c",
            "thumb_64": "https:\/\/files.slack.com\/files-tmb\/T5HSQH1A8-F5NGGC29Z-4e94b19b3c\/image_uploaded_from_ios_64.jpg?t=xoxe-187908579348-196951736772-196902393266-9bbe2c757c",
            "thumb_80": "https:\/\/files.slack.com\/files-tmb\/T5HSQH1A8-F5NGGC29Z-4e94b19b3c\/image_uploaded_from_ios_80.jpg?t=xoxe-187908579348-196951736772-196902393266-9bbe2c757c",
            "thumb_360": "https:\/\/files.slack.com\/files-tmb\/T5HSQH1A8-F5NGGC29Z-4e94b19b3c\/image_uploaded_from_ios_360.jpg?t=xoxe-187908579348-196951736772-196902393266-9bbe2c757c",
            "thumb_360_w": 360,
            "thumb_360_h": 270,
            "thumb_480": "https:\/\/files.slack.com\/files-tmb\/T5HSQH1A8-F5NGGC29Z-4e94b19b3c\/image_uploaded_from_ios_480.jpg?t=xoxe-187908579348-196951736772-196902393266-9bbe2c757c",
            "thumb_480_w": 480,
            "thumb_480_h": 360,
            "thumb_160": "https:\/\/files.slack.com\/files-tmb\/T5HSQH1A8-F5NGGC29Z-4e94b19b3c\/image_uploaded_from_ios_160.jpg?t=xoxe-187908579348-196951736772-196902393266-9bbe2c757c",
            "thumb_720": "https:\/\/files.slack.com\/files-tmb\/T5HSQH1A8-F5NGGC29Z-4e94b19b3c\/image_uploaded_from_ios_720.jpg?t=xoxe-187908579348-196951736772-196902393266-9bbe2c757c",
            "thumb_720_w": 720,
            "thumb_720_h": 540,
            "thumb_800": "https:\/\/files.slack.com\/files-tmb\/T5HSQH1A8-F5NGGC29Z-4e94b19b3c\/image_uploaded_from_ios_800.jpg?t=xoxe-187908579348-196951736772-196902393266-9bbe2c757c",
            "thumb_800_w": 800,
            "thumb_800_h": 600,
            "thumb_960": "https:\/\/files.slack.com\/files-tmb\/T5HSQH1A8-F5NGGC29Z-4e94b19b3c\/image_uploaded_from_ios_960.jpg?t=xoxe-187908579348-196951736772-196902393266-9bbe2c757c",
            "thumb_960_w": 960,
            "thumb_960_h": 720,
            "thumb_1024": "https:\/\/files.slack.com\/files-tmb\/T5HSQH1A8-F5NGGC29Z-4e94b19b3c\/image_uploaded_from_ios_1024.jpg?t=xoxe-187908579348-196951736772-196902393266-9bbe2c757c",
            "thumb_1024_w": 1024,
            "thumb_1024_h": 768,
            "image_exif_rotation": 1,
            "original_w": 4032,
            "original_h": 3024,
            "permalink": "https:\/\/share-kaggle-forest.slack.com\/files\/hengcherkeng235\/F5NGGC29Z\/image_uploaded_from_ios.jpg",
            "permalink_public": "https:\/\/slack-files.com\/T5HSQH1A8-F5NGGC29Z-23c71ff4ff",
            "channels": [
                "C5HU2FQJ1"
            ],
            "groups": [],
            "ims": [],
            "comments_count": 0
        },
        "user": "U5HP43Y5R",
        "upload": true,
        "display_as_bot": false,
        "username": "hengcherkeng235",
        "bot_id": null,
        "upload_reply_to": "7DD9604F-FAB7-4955-8003-C3A2CA2C7790",
        "ts": "1496657214.392307"
    },
    {
        "type": "message",
        "user": "U5HP43Y5R",
        "text": "That is none",
        "ts": "1496657246.398170"
    },
    {
        "type": "message",
        "user": "U5L4Y93HC",
        "text": "Okay, good to know! Thank you very much :smile:",
        "ts": "1496657278.404038"
    },
    {
        "type": "message",
        "subtype": "file_share",
        "text": "<@U5HP43Y5R|hengcherkeng235> uploaded a file: <https:\/\/share-kaggle-forest.slack.com\/files\/hengcherkeng235\/F5N1Z40M7\/image_uploaded_from_ios.jpg|Image uploaded from iOS>",
        "file": {
            "id": "F5N1Z40M7",
            "created": 1496657315,
            "timestamp": 1496657315,
            "name": "Image uploaded from iOS.jpg",
            "title": "Image uploaded from iOS",
            "mimetype": "image\/jpeg",
            "filetype": "jpg",
            "pretty_type": "JPEG",
            "user": "U5HP43Y5R",
            "editable": false,
            "size": 8173481,
            "mode": "hosted",
            "is_external": false,
            "external_type": "",
            "is_public": true,
            "public_url_shared": false,
            "display_as_bot": false,
            "username": "",
            "url_private": "https:\/\/files.slack.com\/files-pri\/T5HSQH1A8-F5N1Z40M7\/image_uploaded_from_ios.jpg?t=xoxe-187908579348-196951736772-196902393266-9bbe2c757c",
            "url_private_download": "https:\/\/files.slack.com\/files-pri\/T5HSQH1A8-F5N1Z40M7\/download\/image_uploaded_from_ios.jpg?t=xoxe-187908579348-196951736772-196902393266-9bbe2c757c",
            "thumb_64": "https:\/\/files.slack.com\/files-tmb\/T5HSQH1A8-F5N1Z40M7-19dde27cd5\/image_uploaded_from_ios_64.jpg?t=xoxe-187908579348-196951736772-196902393266-9bbe2c757c",
            "thumb_80": "https:\/\/files.slack.com\/files-tmb\/T5HSQH1A8-F5N1Z40M7-19dde27cd5\/image_uploaded_from_ios_80.jpg?t=xoxe-187908579348-196951736772-196902393266-9bbe2c757c",
            "thumb_360": "https:\/\/files.slack.com\/files-tmb\/T5HSQH1A8-F5N1Z40M7-19dde27cd5\/image_uploaded_from_ios_360.jpg?t=xoxe-187908579348-196951736772-196902393266-9bbe2c757c",
            "thumb_360_w": 360,
            "thumb_360_h": 270,
            "thumb_480": "https:\/\/files.slack.com\/files-tmb\/T5HSQH1A8-F5N1Z40M7-19dde27cd5\/image_uploaded_from_ios_480.jpg?t=xoxe-187908579348-196951736772-196902393266-9bbe2c757c",
            "thumb_480_w": 480,
            "thumb_480_h": 360,
            "thumb_160": "https:\/\/files.slack.com\/files-tmb\/T5HSQH1A8-F5N1Z40M7-19dde27cd5\/image_uploaded_from_ios_160.jpg?t=xoxe-187908579348-196951736772-196902393266-9bbe2c757c",
            "thumb_720": "https:\/\/files.slack.com\/files-tmb\/T5HSQH1A8-F5N1Z40M7-19dde27cd5\/image_uploaded_from_ios_720.jpg?t=xoxe-187908579348-196951736772-196902393266-9bbe2c757c",
            "thumb_720_w": 720,
            "thumb_720_h": 540,
            "thumb_800": "https:\/\/files.slack.com\/files-tmb\/T5HSQH1A8-F5N1Z40M7-19dde27cd5\/image_uploaded_from_ios_800.jpg?t=xoxe-187908579348-196951736772-196902393266-9bbe2c757c",
            "thumb_800_w": 800,
            "thumb_800_h": 600,
            "thumb_960": "https:\/\/files.slack.com\/files-tmb\/T5HSQH1A8-F5N1Z40M7-19dde27cd5\/image_uploaded_from_ios_960.jpg?t=xoxe-187908579348-196951736772-196902393266-9bbe2c757c",
            "thumb_960_w": 960,
            "thumb_960_h": 720,
            "thumb_1024": "https:\/\/files.slack.com\/files-tmb\/T5HSQH1A8-F5N1Z40M7-19dde27cd5\/image_uploaded_from_ios_1024.jpg?t=xoxe-187908579348-196951736772-196902393266-9bbe2c757c",
            "thumb_1024_w": 1024,
            "thumb_1024_h": 768,
            "image_exif_rotation": 1,
            "original_w": 4032,
            "original_h": 3024,
            "permalink": "https:\/\/share-kaggle-forest.slack.com\/files\/hengcherkeng235\/F5N1Z40M7\/image_uploaded_from_ios.jpg",
            "permalink_public": "https:\/\/slack-files.com\/T5HSQH1A8-F5N1Z40M7-c375d2015e",
            "channels": [
                "C5HU2FQJ1"
            ],
            "groups": [],
            "ims": [],
            "comments_count": 0
        },
        "user": "U5HP43Y5R",
        "upload": true,
        "display_as_bot": false,
        "username": "hengcherkeng235",
        "bot_id": null,
        "upload_reply_to": "215FA0E1-D859-499A-9660-B837D32583ED",
        "ts": "1496657320.411619"
    },
    {
        "type": "message",
        "user": "U5HP43Y5R",
        "text": "Sorry it is not none",
        "ts": "1496657332.413795"
    },
    {
        "type": "message",
        "subtype": "file_share",
        "text": "<@U5HP43Y5R|hengcherkeng235> uploaded a file: <https:\/\/share-kaggle-forest.slack.com\/files\/hengcherkeng235\/F5PCYAB7G\/image_uploaded_from_ios.jpg|Image uploaded from iOS>",
        "file": {
            "id": "F5PCYAB7G",
            "created": 1496657371,
            "timestamp": 1496657371,
            "name": "Image uploaded from iOS.jpg",
            "title": "Image uploaded from iOS",
            "mimetype": "image\/jpeg",
            "filetype": "jpg",
            "pretty_type": "JPEG",
            "user": "U5HP43Y5R",
            "editable": false,
            "size": 6048603,
            "mode": "hosted",
            "is_external": false,
            "external_type": "",
            "is_public": true,
            "public_url_shared": false,
            "display_as_bot": false,
            "username": "",
            "url_private": "https:\/\/files.slack.com\/files-pri\/T5HSQH1A8-F5PCYAB7G\/image_uploaded_from_ios.jpg?t=xoxe-187908579348-196951736772-196902393266-9bbe2c757c",
            "url_private_download": "https:\/\/files.slack.com\/files-pri\/T5HSQH1A8-F5PCYAB7G\/download\/image_uploaded_from_ios.jpg?t=xoxe-187908579348-196951736772-196902393266-9bbe2c757c",
            "thumb_64": "https:\/\/files.slack.com\/files-tmb\/T5HSQH1A8-F5PCYAB7G-cc57059595\/image_uploaded_from_ios_64.jpg?t=xoxe-187908579348-196951736772-196902393266-9bbe2c757c",
            "thumb_80": "https:\/\/files.slack.com\/files-tmb\/T5HSQH1A8-F5PCYAB7G-cc57059595\/image_uploaded_from_ios_80.jpg?t=xoxe-187908579348-196951736772-196902393266-9bbe2c757c",
            "thumb_360": "https:\/\/files.slack.com\/files-tmb\/T5HSQH1A8-F5PCYAB7G-cc57059595\/image_uploaded_from_ios_360.jpg?t=xoxe-187908579348-196951736772-196902393266-9bbe2c757c",
            "thumb_360_w": 360,
            "thumb_360_h": 270,
            "thumb_480": "https:\/\/files.slack.com\/files-tmb\/T5HSQH1A8-F5PCYAB7G-cc57059595\/image_uploaded_from_ios_480.jpg?t=xoxe-187908579348-196951736772-196902393266-9bbe2c757c",
            "thumb_480_w": 480,
            "thumb_480_h": 360,
            "thumb_160": "https:\/\/files.slack.com\/files-tmb\/T5HSQH1A8-F5PCYAB7G-cc57059595\/image_uploaded_from_ios_160.jpg?t=xoxe-187908579348-196951736772-196902393266-9bbe2c757c",
            "thumb_720": "https:\/\/files.slack.com\/files-tmb\/T5HSQH1A8-F5PCYAB7G-cc57059595\/image_uploaded_from_ios_720.jpg?t=xoxe-187908579348-196951736772-196902393266-9bbe2c757c",
            "thumb_720_w": 720,
            "thumb_720_h": 540,
            "thumb_800": "https:\/\/files.slack.com\/files-tmb\/T5HSQH1A8-F5PCYAB7G-cc57059595\/image_uploaded_from_ios_800.jpg?t=xoxe-187908579348-196951736772-196902393266-9bbe2c757c",
            "thumb_800_w": 800,
            "thumb_800_h": 600,
            "thumb_960": "https:\/\/files.slack.com\/files-tmb\/T5HSQH1A8-F5PCYAB7G-cc57059595\/image_uploaded_from_ios_960.jpg?t=xoxe-187908579348-196951736772-196902393266-9bbe2c757c",
            "thumb_960_w": 960,
            "thumb_960_h": 720,
            "thumb_1024": "https:\/\/files.slack.com\/files-tmb\/T5HSQH1A8-F5PCYAB7G-cc57059595\/image_uploaded_from_ios_1024.jpg?t=xoxe-187908579348-196951736772-196902393266-9bbe2c757c",
            "thumb_1024_w": 1024,
            "thumb_1024_h": 768,
            "image_exif_rotation": 1,
            "original_w": 4032,
            "original_h": 3024,
            "permalink": "https:\/\/share-kaggle-forest.slack.com\/files\/hengcherkeng235\/F5PCYAB7G\/image_uploaded_from_ios.jpg",
            "permalink_public": "https:\/\/slack-files.com\/T5HSQH1A8-F5PCYAB7G-c85881aa92",
            "channels": [
                "C5HU2FQJ1"
            ],
            "groups": [],
            "ims": [],
            "comments_count": 0
        },
        "user": "U5HP43Y5R",
        "upload": true,
        "display_as_bot": false,
        "username": "hengcherkeng235",
        "bot_id": null,
        "upload_reply_to": "624B75D0-F285-4154-B1C6-A245EE1C211A",
        "ts": "1496657376.421393"
    },
    {
        "type": "message",
        "user": "U5L4Y93HC",
        "text": "Okay, I cannot follow. It's still like you said, float -&gt; no module, self.xx -&gt; registered as module?",
        "edited": {
            "user": "U5L4Y93HC",
            "ts": "1496657458.000000"
        },
        "ts": "1496657451.434937"
    },
    {
        "type": "message",
        "user": "U5HP43Y5R",
        "text": "it would be easier if you make some simple exmple and debug in ide",
        "ts": "1496657514.446084"
    },
    {
        "type": "message",
        "user": "U5HP43Y5R",
        "text": "float -&gt; no module .... coorect",
        "ts": "1496657530.448754"
    },
    {
        "type": "message",
        "user": "U5HP43Y5R",
        "text": "self.xx -&gt; registered as module .... correct",
        "ts": "1496657538.450260"
    },
    {
        "type": "message",
        "user": "U5HP43Y5R",
        "text": "note that net base class is nn.Module",
        "ts": "1496657573.456686"
    },
    {
        "type": "message",
        "user": "U5L4Y93HC",
        "text": "Nice, that's all I needed to know. The tutorial and then seeing how densenet is implemented in Pytorch kinda confused me :smile:",
        "ts": "1496657584.458722"
    },
    {
        "type": "message",
        "user": "U5HP43Y5R",
        "text": "that is suppose to take care of the registration i think",
        "ts": "1496657589.459636"
    },
    {
        "type": "message",
        "user": "U5L4Y93HC",
        "text": "Yep! I just don't understand why they took this design choice instead of manual registration only.",
        "ts": "1496657621.465182"
    },
    {
        "type": "message",
        "user": "U5HP43Y5R",
        "text": "maybe you start with vgg16",
        "ts": "1496657629.466608"
    },
    {
        "type": "message",
        "user": "U5HP43Y5R",
        "text": "it is easier to understand",
        "ts": "1496657639.468309"
    },
    {
        "type": "message",
        "user": "U5HP43Y5R",
        "text": "the graph is actally create dynmaically",
        "ts": "1496657671.473704"
    },
    {
        "type": "message",
        "user": "U5HP43Y5R",
        "text": "each time you run",
        "ts": "1496657680.475364"
    },
    {
        "type": "message",
        "user": "U5HP43Y5R",
        "text": "i think the graph is not created at __init__",
        "ts": "1496657697.478227"
    },
    {
        "type": "message",
        "user": "U5L4Y93HC",
        "text": "Ah, actually I have no problem to understand densenet. Just the design choice is confusing. Pytorch seemed like a rather low-level library (at least compared to keras). Did not expect to see \"magic\" implemented...",
        "ts": "1496657715.481506"
    },
    {
        "type": "message",
        "user": "U5HP43Y5R",
        "text": "the magic is the dynamic graph creation part",
        "ts": "1496657740.486093"
    },
    {
        "type": "message",
        "user": "U5HP43Y5R",
        "text": "but currently we are not using it",
        "ts": "1496657750.487808"
    },
    {
        "type": "message",
        "user": "U5HP43Y5R",
        "text": "the variables, modules in __init__ are only 'storage' no graph is created at this time",
        "ts": "1496657787.494407"
    },
    {
        "type": "message",
        "user": "U5L4Y93HC",
        "text": "Yea, I just don't like mixing \"graph-storage\" and \"general-storage\"",
        "ts": "1496657860.507377"
    },
    {
        "type": "message",
        "user": "U5HP43Y5R",
        "text": "<https:\/\/discuss.pytorch.org\/t\/why-parameter-is-automatically-registered\/3595\/2>",
        "attachments": [
            {
                "service_name": "PyTorch Forums",
                "title": "Why Parameter is automatically registered?",
                "title_link": "https:\/\/discuss.pytorch.org\/t\/why-parameter-is-automatically-registered\/3595\/2",
                "text": "It's because of the following code in __get_attr__ but also in the rest of this file:",
                "fallback": "PyTorch Forums: Why Parameter is automatically registered?",
                "thumb_url": "http:\/\/discuss.pytorch.org\/user_avatar\/discuss.pytorch.org\/smth\/200\/13_1.png",
                "from_url": "https:\/\/discuss.pytorch.org\/t\/why-parameter-is-automatically-registered\/3595\/2",
                "thumb_width": 200,
                "thumb_height": 200,
                "service_icon": "https:\/\/discuss.pytorch.org\/uploads\/default\/original\/1X\/9c7b5731fa317971fed9326e39efec14ee2eac4e.png",
                "id": 1
            }
        ],
        "ts": "1496658182.563938"
    },
    {
        "type": "message",
        "user": "U5L4Y93HC",
        "text": "Ah, thank you! :slightly_smiling_face:",
        "ts": "1496658613.638752"
    },
    {
        "type": "message",
        "user": "U5HP43Y5R",
        "text": "The war begins!",
        "ts": "1496662214.237697"
    },
    {
        "type": "message",
        "subtype": "file_share",
        "text": "<@U5HP43Y5R|hengcherkeng235> uploaded a file: <https:\/\/share-kaggle-forest.slack.com\/files\/hengcherkeng235\/F5NKR1N4A\/image_uploaded_from_ios.jpg|Image uploaded from iOS>",
        "file": {
            "id": "F5NKR1N4A",
            "created": 1496662276,
            "timestamp": 1496662276,
            "name": "Image uploaded from iOS.jpg",
            "title": "Image uploaded from iOS",
            "mimetype": "image\/jpeg",
            "filetype": "jpg",
            "pretty_type": "JPEG",
            "user": "U5HP43Y5R",
            "editable": false,
            "size": 3051007,
            "mode": "hosted",
            "is_external": false,
            "external_type": "",
            "is_public": true,
            "public_url_shared": false,
            "display_as_bot": false,
            "username": "",
            "url_private": "https:\/\/files.slack.com\/files-pri\/T5HSQH1A8-F5NKR1N4A\/image_uploaded_from_ios.jpg?t=xoxe-187908579348-196951736772-196902393266-9bbe2c757c",
            "url_private_download": "https:\/\/files.slack.com\/files-pri\/T5HSQH1A8-F5NKR1N4A\/download\/image_uploaded_from_ios.jpg?t=xoxe-187908579348-196951736772-196902393266-9bbe2c757c",
            "thumb_64": "https:\/\/files.slack.com\/files-tmb\/T5HSQH1A8-F5NKR1N4A-911e5cf3b0\/image_uploaded_from_ios_64.jpg?t=xoxe-187908579348-196951736772-196902393266-9bbe2c757c",
            "thumb_80": "https:\/\/files.slack.com\/files-tmb\/T5HSQH1A8-F5NKR1N4A-911e5cf3b0\/image_uploaded_from_ios_80.jpg?t=xoxe-187908579348-196951736772-196902393266-9bbe2c757c",
            "thumb_360": "https:\/\/files.slack.com\/files-tmb\/T5HSQH1A8-F5NKR1N4A-911e5cf3b0\/image_uploaded_from_ios_360.jpg?t=xoxe-187908579348-196951736772-196902393266-9bbe2c757c",
            "thumb_360_w": 360,
            "thumb_360_h": 270,
            "thumb_480": "https:\/\/files.slack.com\/files-tmb\/T5HSQH1A8-F5NKR1N4A-911e5cf3b0\/image_uploaded_from_ios_480.jpg?t=xoxe-187908579348-196951736772-196902393266-9bbe2c757c",
            "thumb_480_w": 480,
            "thumb_480_h": 360,
            "thumb_160": "https:\/\/files.slack.com\/files-tmb\/T5HSQH1A8-F5NKR1N4A-911e5cf3b0\/image_uploaded_from_ios_160.jpg?t=xoxe-187908579348-196951736772-196902393266-9bbe2c757c",
            "thumb_720": "https:\/\/files.slack.com\/files-tmb\/T5HSQH1A8-F5NKR1N4A-911e5cf3b0\/image_uploaded_from_ios_720.jpg?t=xoxe-187908579348-196951736772-196902393266-9bbe2c757c",
            "thumb_720_w": 720,
            "thumb_720_h": 540,
            "thumb_800": "https:\/\/files.slack.com\/files-tmb\/T5HSQH1A8-F5NKR1N4A-911e5cf3b0\/image_uploaded_from_ios_800.jpg?t=xoxe-187908579348-196951736772-196902393266-9bbe2c757c",
            "thumb_800_w": 800,
            "thumb_800_h": 600,
            "thumb_960": "https:\/\/files.slack.com\/files-tmb\/T5HSQH1A8-F5NKR1N4A-911e5cf3b0\/image_uploaded_from_ios_960.jpg?t=xoxe-187908579348-196951736772-196902393266-9bbe2c757c",
            "thumb_960_w": 960,
            "thumb_960_h": 720,
            "thumb_1024": "https:\/\/files.slack.com\/files-tmb\/T5HSQH1A8-F5NKR1N4A-911e5cf3b0\/image_uploaded_from_ios_1024.jpg?t=xoxe-187908579348-196951736772-196902393266-9bbe2c757c",
            "thumb_1024_w": 1024,
            "thumb_1024_h": 768,
            "image_exif_rotation": 1,
            "original_w": 4032,
            "original_h": 3024,
            "permalink": "https:\/\/share-kaggle-forest.slack.com\/files\/hengcherkeng235\/F5NKR1N4A\/image_uploaded_from_ios.jpg",
            "permalink_public": "https:\/\/slack-files.com\/T5HSQH1A8-F5NKR1N4A-37fb6bf394",
            "channels": [
                "C5HU2FQJ1"
            ],
            "groups": [],
            "ims": [],
            "comments_count": 0,
            "reactions": [
                {
                    "name": "+1",
                    "users": [
                        "U5M5E9DHN",
                        "U5N8BFCA1",
                        "U5LDG28HL",
                        "U5LKQGS1K"
                    ],
                    "count": 4
                }
            ]
        },
        "user": "U5HP43Y5R",
        "upload": true,
        "display_as_bot": false,
        "username": "hengcherkeng235",
        "bot_id": null,
        "upload_reply_to": "88C031FA-D2B0-4C25-BA00-472FA240E6A1",
        "ts": "1496662281.248512"
    },
    {
        "type": "message",
        "user": "U5HP43Y5R",
        "text": "The war begins",
        "ts": "1496662293.250500"
    },
    {
        "type": "message",
        "user": "U5L4Y93HC",
        "text": "Whhhaaat",
        "ts": "1496662513.284928"
    },
    {
        "type": "message",
        "user": "U5L4Y93HC",
        "text": "Are you working in research or did you buy them yourself?",
        "ts": "1496662521.286376"
    },
    {
        "type": "message",
        "subtype": "file_share",
        "text": "<@U5L4Y93HC|timjoseph> uploaded a file: <https:\/\/share-kaggle-forest.slack.com\/files\/timjoseph\/F5N08348Y\/img_20170605_134303.jpg|IMG_20170605_134303.jpg> and commented: This is what I am working with :sweat_smile:",
        "file": {
            "id": "F5N08348Y",
            "created": 1496663091,
            "timestamp": 1496663091,
            "name": "IMG_20170605_134303.jpg",
            "title": "IMG_20170605_134303.jpg",
            "mimetype": "image\/jpeg",
            "filetype": "jpg",
            "pretty_type": "JPEG",
            "user": "U5L4Y93HC",
            "editable": false,
            "size": 4379046,
            "mode": "hosted",
            "is_external": false,
            "external_type": "",
            "is_public": true,
            "public_url_shared": false,
            "display_as_bot": false,
            "username": "",
            "url_private": "https:\/\/files.slack.com\/files-pri\/T5HSQH1A8-F5N08348Y\/img_20170605_134303.jpg?t=xoxe-187908579348-196951736772-196902393266-9bbe2c757c",
            "url_private_download": "https:\/\/files.slack.com\/files-pri\/T5HSQH1A8-F5N08348Y\/download\/img_20170605_134303.jpg?t=xoxe-187908579348-196951736772-196902393266-9bbe2c757c",
            "thumb_64": "https:\/\/files.slack.com\/files-tmb\/T5HSQH1A8-F5N08348Y-05267b0d9d\/img_20170605_134303_64.jpg?t=xoxe-187908579348-196951736772-196902393266-9bbe2c757c",
            "thumb_80": "https:\/\/files.slack.com\/files-tmb\/T5HSQH1A8-F5N08348Y-05267b0d9d\/img_20170605_134303_80.jpg?t=xoxe-187908579348-196951736772-196902393266-9bbe2c757c",
            "thumb_360": "https:\/\/files.slack.com\/files-tmb\/T5HSQH1A8-F5N08348Y-05267b0d9d\/img_20170605_134303_360.jpg?t=xoxe-187908579348-196951736772-196902393266-9bbe2c757c",
            "thumb_360_w": 360,
            "thumb_360_h": 203,
            "thumb_480": "https:\/\/files.slack.com\/files-tmb\/T5HSQH1A8-F5N08348Y-05267b0d9d\/img_20170605_134303_480.jpg?t=xoxe-187908579348-196951736772-196902393266-9bbe2c757c",
            "thumb_480_w": 480,
            "thumb_480_h": 270,
            "thumb_160": "https:\/\/files.slack.com\/files-tmb\/T5HSQH1A8-F5N08348Y-05267b0d9d\/img_20170605_134303_160.jpg?t=xoxe-187908579348-196951736772-196902393266-9bbe2c757c",
            "thumb_720": "https:\/\/files.slack.com\/files-tmb\/T5HSQH1A8-F5N08348Y-05267b0d9d\/img_20170605_134303_720.jpg?t=xoxe-187908579348-196951736772-196902393266-9bbe2c757c",
            "thumb_720_w": 720,
            "thumb_720_h": 405,
            "thumb_800": "https:\/\/files.slack.com\/files-tmb\/T5HSQH1A8-F5N08348Y-05267b0d9d\/img_20170605_134303_800.jpg?t=xoxe-187908579348-196951736772-196902393266-9bbe2c757c",
            "thumb_800_w": 800,
            "thumb_800_h": 450,
            "thumb_960": "https:\/\/files.slack.com\/files-tmb\/T5HSQH1A8-F5N08348Y-05267b0d9d\/img_20170605_134303_960.jpg?t=xoxe-187908579348-196951736772-196902393266-9bbe2c757c",
            "thumb_960_w": 960,
            "thumb_960_h": 540,
            "thumb_1024": "https:\/\/files.slack.com\/files-tmb\/T5HSQH1A8-F5N08348Y-05267b0d9d\/img_20170605_134303_1024.jpg?t=xoxe-187908579348-196951736772-196902393266-9bbe2c757c",
            "thumb_1024_w": 1024,
            "thumb_1024_h": 576,
            "image_exif_rotation": 1,
            "original_w": 5312,
            "original_h": 2988,
            "permalink": "https:\/\/share-kaggle-forest.slack.com\/files\/timjoseph\/F5N08348Y\/img_20170605_134303.jpg",
            "permalink_public": "https:\/\/slack-files.com\/T5HSQH1A8-F5N08348Y-094c7ca8e1",
            "channels": [
                "C5HU2FQJ1"
            ],
            "groups": [],
            "ims": [],
            "comments_count": 1,
            "initial_comment": {
                "id": "Fc5NKVCU8J",
                "created": 1496663091,
                "timestamp": 1496663091,
                "user": "U5L4Y93HC",
                "is_intro": true,
                "comment": "This is what I am working with :sweat_smile:"
            }
        },
        "user": "U5L4Y93HC",
        "upload": true,
        "display_as_bot": false,
        "username": "timjoseph",
        "bot_id": null,
        "ts": "1496663096.376275"
    },
    {
        "type": "message",
        "user": "U5HP43Y5R",
        "text": "Buying for fulltime kaggler",
        "ts": "1496663646.461901"
    },
    {
        "type": "message",
        "user": "U5L4Y93HC",
        "text": "So kaggler as a fulltime job??? No regular job?",
        "ts": "1496663707.471357"
    },
    {
        "type": "message",
        "user": "U5L4Y93HC",
        "text": "Or did you mean your machine?",
        "edited": {
            "user": "U5L4Y93HC",
            "ts": "1496663733.000000"
        },
        "ts": "1496663720.473654"
    },
    {
        "type": "message",
        "user": "U5HP43Y5R",
        "text": "Full time experiment ",
        "ts": "1496663751.478457"
    },
    {
        "type": "message",
        "user": "U5L4Y93HC",
        "text": "Quick question: For training\/val just as an general estimate how much does your validation loss differ from your training loss for the first 20-30 epochs. For me it's usually like 0.050 difference after about 25 epochs when I train my nets (mostly densenets)",
        "ts": "1496668566.490061"
    },
    {
        "type": "message",
        "user": "U5L4Y93HC",
        "text": "(Training on augmented data and validation on non-augmented)",
        "ts": "1496668587.495623"
    },
    {
        "type": "message",
        "subtype": "file_share",
        "text": "<@U5HP43Y5R|hengcherkeng235> uploaded a file: <https:\/\/share-kaggle-forest.slack.com\/files\/hengcherkeng235\/F5NK9DFGB\/image_uploaded_from_ios.jpg|Image uploaded from iOS>",
        "file": {
            "id": "F5NK9DFGB",
            "created": 1496670620,
            "timestamp": 1496670620,
            "name": "Image uploaded from iOS.jpg",
            "title": "Image uploaded from iOS",
            "mimetype": "image\/jpeg",
            "filetype": "jpg",
            "pretty_type": "JPEG",
            "user": "U5HP43Y5R",
            "editable": false,
            "size": 7202675,
            "mode": "hosted",
            "is_external": false,
            "external_type": "",
            "is_public": true,
            "public_url_shared": false,
            "display_as_bot": false,
            "username": "",
            "url_private": "https:\/\/files.slack.com\/files-pri\/T5HSQH1A8-F5NK9DFGB\/image_uploaded_from_ios.jpg?t=xoxe-187908579348-196951736772-196902393266-9bbe2c757c",
            "url_private_download": "https:\/\/files.slack.com\/files-pri\/T5HSQH1A8-F5NK9DFGB\/download\/image_uploaded_from_ios.jpg?t=xoxe-187908579348-196951736772-196902393266-9bbe2c757c",
            "thumb_64": "https:\/\/files.slack.com\/files-tmb\/T5HSQH1A8-F5NK9DFGB-6eda95df1a\/image_uploaded_from_ios_64.jpg?t=xoxe-187908579348-196951736772-196902393266-9bbe2c757c",
            "thumb_80": "https:\/\/files.slack.com\/files-tmb\/T5HSQH1A8-F5NK9DFGB-6eda95df1a\/image_uploaded_from_ios_80.jpg?t=xoxe-187908579348-196951736772-196902393266-9bbe2c757c",
            "thumb_360": "https:\/\/files.slack.com\/files-tmb\/T5HSQH1A8-F5NK9DFGB-6eda95df1a\/image_uploaded_from_ios_360.jpg?t=xoxe-187908579348-196951736772-196902393266-9bbe2c757c",
            "thumb_360_w": 360,
            "thumb_360_h": 270,
            "thumb_480": "https:\/\/files.slack.com\/files-tmb\/T5HSQH1A8-F5NK9DFGB-6eda95df1a\/image_uploaded_from_ios_480.jpg?t=xoxe-187908579348-196951736772-196902393266-9bbe2c757c",
            "thumb_480_w": 480,
            "thumb_480_h": 360,
            "thumb_160": "https:\/\/files.slack.com\/files-tmb\/T5HSQH1A8-F5NK9DFGB-6eda95df1a\/image_uploaded_from_ios_160.jpg?t=xoxe-187908579348-196951736772-196902393266-9bbe2c757c",
            "thumb_720": "https:\/\/files.slack.com\/files-tmb\/T5HSQH1A8-F5NK9DFGB-6eda95df1a\/image_uploaded_from_ios_720.jpg?t=xoxe-187908579348-196951736772-196902393266-9bbe2c757c",
            "thumb_720_w": 720,
            "thumb_720_h": 540,
            "thumb_800": "https:\/\/files.slack.com\/files-tmb\/T5HSQH1A8-F5NK9DFGB-6eda95df1a\/image_uploaded_from_ios_800.jpg?t=xoxe-187908579348-196951736772-196902393266-9bbe2c757c",
            "thumb_800_w": 800,
            "thumb_800_h": 600,
            "thumb_960": "https:\/\/files.slack.com\/files-tmb\/T5HSQH1A8-F5NK9DFGB-6eda95df1a\/image_uploaded_from_ios_960.jpg?t=xoxe-187908579348-196951736772-196902393266-9bbe2c757c",
            "thumb_960_w": 960,
            "thumb_960_h": 720,
            "thumb_1024": "https:\/\/files.slack.com\/files-tmb\/T5HSQH1A8-F5NK9DFGB-6eda95df1a\/image_uploaded_from_ios_1024.jpg?t=xoxe-187908579348-196951736772-196902393266-9bbe2c757c",
            "thumb_1024_w": 1024,
            "thumb_1024_h": 768,
            "image_exif_rotation": 1,
            "original_w": 4032,
            "original_h": 3024,
            "permalink": "https:\/\/share-kaggle-forest.slack.com\/files\/hengcherkeng235\/F5NK9DFGB\/image_uploaded_from_ios.jpg",
            "permalink_public": "https:\/\/slack-files.com\/T5HSQH1A8-F5NK9DFGB-fd47902518",
            "channels": [
                "C5HU2FQJ1"
            ],
            "groups": [],
            "ims": [],
            "comments_count": 0
        },
        "user": "U5HP43Y5R",
        "upload": true,
        "display_as_bot": false,
        "username": "hengcherkeng235",
        "bot_id": null,
        "upload_reply_to": "162A290C-8A19-4CDB-B307-D6B91D9A3DE7",
        "ts": "1496670626.103905"
    },
    {
        "type": "message",
        "user": "U5HP43Y5R",
        "text": "this is resnet18 , using pretrain model. note the smooth loss and validation loss. validation loss is close to training loss, so i use all train set in future experiments",
        "ts": "1496670665.116390"
    },
    {
        "type": "message",
        "user": "U5HP43Y5R",
        "text": "the train columns are batch loss, which shows  fluncuation",
        "ts": "1496670715.132588"
    },
    {
        "type": "message",
        "user": "U5L4Y93HC",
        "text": "And when do you stop training then?",
        "ts": "1496670909.196892"
    },
    {
        "type": "message",
        "subtype": "file_share",
        "text": "<@U5HP43Y5R|hengcherkeng235> uploaded a file: <https:\/\/share-kaggle-forest.slack.com\/files\/hengcherkeng235\/F5NP0V8AY\/image_uploaded_from_ios.jpg|Image uploaded from iOS>",
        "file": {
            "id": "F5NP0V8AY",
            "created": 1496671127,
            "timestamp": 1496671127,
            "name": "Image uploaded from iOS.jpg",
            "title": "Image uploaded from iOS",
            "mimetype": "image\/jpeg",
            "filetype": "jpg",
            "pretty_type": "JPEG",
            "user": "U5HP43Y5R",
            "editable": false,
            "size": 6569068,
            "mode": "hosted",
            "is_external": false,
            "external_type": "",
            "is_public": true,
            "public_url_shared": false,
            "display_as_bot": false,
            "username": "",
            "url_private": "https:\/\/files.slack.com\/files-pri\/T5HSQH1A8-F5NP0V8AY\/image_uploaded_from_ios.jpg?t=xoxe-187908579348-196951736772-196902393266-9bbe2c757c",
            "url_private_download": "https:\/\/files.slack.com\/files-pri\/T5HSQH1A8-F5NP0V8AY\/download\/image_uploaded_from_ios.jpg?t=xoxe-187908579348-196951736772-196902393266-9bbe2c757c",
            "thumb_64": "https:\/\/files.slack.com\/files-tmb\/T5HSQH1A8-F5NP0V8AY-b5808a8c59\/image_uploaded_from_ios_64.jpg?t=xoxe-187908579348-196951736772-196902393266-9bbe2c757c",
            "thumb_80": "https:\/\/files.slack.com\/files-tmb\/T5HSQH1A8-F5NP0V8AY-b5808a8c59\/image_uploaded_from_ios_80.jpg?t=xoxe-187908579348-196951736772-196902393266-9bbe2c757c",
            "thumb_360": "https:\/\/files.slack.com\/files-tmb\/T5HSQH1A8-F5NP0V8AY-b5808a8c59\/image_uploaded_from_ios_360.jpg?t=xoxe-187908579348-196951736772-196902393266-9bbe2c757c",
            "thumb_360_w": 360,
            "thumb_360_h": 270,
            "thumb_480": "https:\/\/files.slack.com\/files-tmb\/T5HSQH1A8-F5NP0V8AY-b5808a8c59\/image_uploaded_from_ios_480.jpg?t=xoxe-187908579348-196951736772-196902393266-9bbe2c757c",
            "thumb_480_w": 480,
            "thumb_480_h": 360,
            "thumb_160": "https:\/\/files.slack.com\/files-tmb\/T5HSQH1A8-F5NP0V8AY-b5808a8c59\/image_uploaded_from_ios_160.jpg?t=xoxe-187908579348-196951736772-196902393266-9bbe2c757c",
            "thumb_720": "https:\/\/files.slack.com\/files-tmb\/T5HSQH1A8-F5NP0V8AY-b5808a8c59\/image_uploaded_from_ios_720.jpg?t=xoxe-187908579348-196951736772-196902393266-9bbe2c757c",
            "thumb_720_w": 720,
            "thumb_720_h": 540,
            "thumb_800": "https:\/\/files.slack.com\/files-tmb\/T5HSQH1A8-F5NP0V8AY-b5808a8c59\/image_uploaded_from_ios_800.jpg?t=xoxe-187908579348-196951736772-196902393266-9bbe2c757c",
            "thumb_800_w": 800,
            "thumb_800_h": 600,
            "thumb_960": "https:\/\/files.slack.com\/files-tmb\/T5HSQH1A8-F5NP0V8AY-b5808a8c59\/image_uploaded_from_ios_960.jpg?t=xoxe-187908579348-196951736772-196902393266-9bbe2c757c",
            "thumb_960_w": 960,
            "thumb_960_h": 720,
            "thumb_1024": "https:\/\/files.slack.com\/files-tmb\/T5HSQH1A8-F5NP0V8AY-b5808a8c59\/image_uploaded_from_ios_1024.jpg?t=xoxe-187908579348-196951736772-196902393266-9bbe2c757c",
            "thumb_1024_w": 1024,
            "thumb_1024_h": 768,
            "image_exif_rotation": 1,
            "original_w": 4032,
            "original_h": 3024,
            "permalink": "https:\/\/share-kaggle-forest.slack.com\/files\/hengcherkeng235\/F5NP0V8AY\/image_uploaded_from_ios.jpg",
            "permalink_public": "https:\/\/slack-files.com\/T5HSQH1A8-F5NP0V8AY-b2890d5a63",
            "channels": [
                "C5HU2FQJ1"
            ],
            "groups": [],
            "ims": [],
            "comments_count": 0
        },
        "user": "U5HP43Y5R",
        "upload": true,
        "display_as_bot": false,
        "username": "hengcherkeng235",
        "bot_id": null,
        "upload_reply_to": "86BC8730-8B72-4E0E-9B9D-45BCF47B61FD",
        "ts": "1496671135.273279"
    },
    {
        "type": "message",
        "user": "U5HP43Y5R",
        "text": "based on this graph, when train f2 is about 0.94",
        "ts": "1496671170.284899"
    },
    {
        "type": "message",
        "user": "U5L4Y93HC",
        "text": "Ah okay, good idea",
        "ts": "1496671259.319023"
    },
    {
        "type": "message",
        "user": "U5HP43Y5R",
        "text": "it is a bit risky",
        "ts": "1496671291.330626"
    },
    {
        "type": "message",
        "user": "U5HP43Y5R",
        "text": "but i get to use all data",
        "ts": "1496671300.333978"
    },
    {
        "type": "message",
        "user": "U5L4Y93HC",
        "text": "It is all or nothing :slightly_smiling_face: ",
        "ts": "1496671315.339644"
    },
    {
        "type": "message",
        "user": "U5HP43Y5R",
        "text": "again, if kaggler can do n-fold experiments for comparision with my method, it would be good",
        "ts": "1496671345.350042"
    },
    {
        "type": "message",
        "user": "U5HP43Y5R",
        "text": "i estimated that even with a better stopping criteria, the difference is small. maybe less than 0.001",
        "ts": "1496671423.377549"
    },
    {
        "type": "message",
        "user": "U5JUR607L",
        "text": "Good morning. Wow, Heng just got a massive increase in computational power!\nI'm running a resnet34 with tiff's (4 layers) and not passing 0.92 validation score. Anyone tried this?",
        "ts": "1496671887.534467"
    },
    {
        "type": "message",
        "user": "U5HP43Y5R",
        "text": "You can check my  results at google drive",
        "edited": {
            "user": "U5HP43Y5R",
            "ts": "1496678981.000000"
        },
        "ts": "1496678782.114562"
    },
    {
        "type": "message",
        "user": "U5HP43Y5R",
        "text": "It passes 0.92 on leaderboard test",
        "ts": "1496678803.122166"
    },
    {
        "type": "message",
        "user": "U5HP43Y5R",
        "text": "Tif.xlsx",
        "ts": "1496678821.128385"
    },
    {
        "type": "message",
        "user": "U5L4Y93HC",
        "text": "Do your models actually overfit? And can you tell me which of your models train the fastest (and overfit the fastest?)",
        "ts": "1496688048.587431"
    },
    {
        "type": "message",
        "user": "U5KM798UF",
        "text": "In my experience, the larger resnet models are very capable of overfitting. Resnet50 pretrained I could hit 0.96 validation, training on all data. ",
        "ts": "1496689743.227070"
    },
    {
        "type": "message",
        "user": "U5KM798UF",
        "text": "I've never run anything bigger than resnet 50",
        "ts": "1496689773.238164"
    },
    {
        "type": "message",
        "user": "U5L4Y93HC",
        "text": "Thanks! I was just wondering because Densenet will overfit less than Resnets at same parameter count because of it's structure. So I am trying some regularization methods and therefore I am looking for nets which overfit at less computational cost than Densenet",
        "ts": "1496690091.356449"
    },
    {
        "type": "message",
        "user": "U5KM798UF",
        "text": "Good to know! I should read up on Densenet, I'm not familiar with it.\nEven with Resnet18, I was able to overfit, although only to about 0.94 validation. My best results are with Resnet34, although only ~0.001-0.002 better than Resnet18",
        "ts": "1496691226.754254"
    },
    {
        "type": "message",
        "user": "U5HP43Y5R",
        "text": "<http:\/\/chenlab.ece.cornell.edu\/people\/Andy\/research\/puzzlePage.html>",
        "ts": "1496696511.596772"
    },
    {
        "type": "message",
        "user": "U5HP43Y5R",
        "text": "Densenet is very slow. Densenet can also overfit",
        "edited": {
            "user": "U5HP43Y5R",
            "ts": "1496696629.000000"
        },
        "ts": "1496696552.610703"
    },
    {
        "type": "message",
        "user": "U5L4Y93HC",
        "text": "Yea, but still better than the other nets in general as far as I can tell",
        "ts": "1496696714.664135"
    },
    {
        "type": "message",
        "user": "U5HP43Y5R",
        "text": "as you known, there is data leak : <https:\/\/www.kaggle.com\/phoebewang\/mosaic>",
        "edited": {
            "user": "U5HP43Y5R",
            "ts": "1496697149.000000"
        },
        "ts": "1496697106.785705"
    },
    {
        "type": "message",
        "user": "U5HP43Y5R",
        "text": "even if there is no data leak, from the kaggle data description page, we are told that the blocks come same image",
        "ts": "1496697196.813572"
    },
    {
        "type": "message",
        "user": "U5HP43Y5R",
        "text": "i theory by aligning the edge of all train samples, you may be able to find pairs of blocks adjacent  to each other",
        "ts": "1496697259.831840"
    },
    {
        "type": "message",
        "user": "U5HP43Y5R",
        "text": "then you can create more train samples by cropping from the aligned blocks. to find align blocks, you can see cvpr 2012",
        "ts": "1496697323.850656"
    },
    {
        "user": "U5NESBT08",
        "text": "<@U5NESBT08|kelexu> has joined the channel",
        "type": "message",
        "subtype": "channel_join",
        "ts": "1496727987.428806"
    },
    {
        "user": "U5NEXJUQG",
        "text": "<@U5NEXJUQG|nir> has joined the channel",
        "type": "message",
        "subtype": "channel_join",
        "ts": "1496729431.599590"
    },
    {
        "user": "U5P87HLPP",
        "text": "<@U5P87HLPP|can_ozbek> has joined the channel",
        "type": "message",
        "subtype": "channel_join",
        "ts": "1496731693.911431"
    }
]