[
    {
        "type": "message",
        "user": "U5KM798UF",
        "text": "I'm getting an error trying to load the pretrained weights for resnet. Has anyone else gotten this? My input is 256x256\n```RuntimeError: inconsistent tensor size at \/b\/wheel\/pytorch-src\/torch\/lib\/TH\/generic\/THTensorCopy.c:51```",
        "ts": "1496347656.348308"
    },
    {
        "type": "message",
        "user": "U5HP43Y5R",
        "text": "you need to change 2 things",
        "ts": "1496348295.577474"
    },
    {
        "type": "message",
        "user": "U5HP43Y5R",
        "text": "1, the last pooling kernel size or use adaptive pooling",
        "ts": "1496348321.587172"
    },
    {
        "type": "message",
        "user": "U5HP43Y5R",
        "text": "2. the fc layers should be changed from num_class=1000 to class=17",
        "ts": "1496348351.597863"
    },
    {
        "type": "message",
        "user": "U5HP43Y5R",
        "text": "when loading parameter, ignore loading of last fc layer",
        "ts": "1496348385.610592"
    },
    {
        "type": "message",
        "user": "U5HP43Y5R",
        "text": "<https:\/\/discuss.pytorch.org\/t\/how-to-load-part-of-pre-trained-model\/1113\/3>",
        "attachments": [
            {
                "service_name": "PyTorch Forums",
                "title": "How to load part of pre trained model?",
                "title_link": "https:\/\/discuss.pytorch.org\/t\/how-to-load-part-of-pre-trained-model\/1113\/3",
                "text": "You can remove all keys that don't match your model from the state dict and use it to load the weights afterwards: pretrained_dict = ... model_dict = model.state_dict() # 1. filter out unnecessary keys pretrained_dict = {k: v for k, v in pretrained_dict.items() if k in model_dict} # 2. overwrite entries in the existing state dict model_dict.update(pretrained_dict) # 3. load the new state dict model.load_state_dict(pretrained_dict)",
                "fallback": "PyTorch Forums: How to load part of pre trained model?",
                "thumb_url": "http:\/\/discuss.pytorch.org\/user_avatar\/discuss.pytorch.org\/apaszke\/200\/21_1.png",
                "from_url": "https:\/\/discuss.pytorch.org\/t\/how-to-load-part-of-pre-trained-model\/1113\/3",
                "thumb_width": 200,
                "thumb_height": 200,
                "service_icon": "https:\/\/discuss.pytorch.org\/uploads\/default\/original\/1X\/9c7b5731fa317971fed9326e39efec14ee2eac4e.png",
                "id": 1
            }
        ],
        "ts": "1496348471.642217"
    },
    {
        "type": "message",
        "user": "U5HP43Y5R",
        "text": "def load_valid(model, pretrained_file, skip_list=None):\n\n    pretrained_dict = torch.load(pretrained_file)\n    model_dict = model.state_dict()\n\n    # 1. filter out unnecessary keys\n    pretrained_dict1 = {k: v for k, v in pretrained_dict.items() if k in model_dict and k not in skip_list }\n\n    # 2. overwrite entries in the existing state dict\n    model_dict.update(pretrained_dict1)\n    model.load_state_dict(model_dict)",
        "ts": "1496348491.649538"
    },
    {
        "type": "message",
        "user": "U5HP43Y5R",
        "text": "example",
        "ts": "1496348495.650754"
    },
    {
        "type": "message",
        "user": "U5HP43Y5R",
        "text": "skip_list = ['fc.weight', 'fc.bias'] \n        load_valid(net, pretrained_file, skip_list=skip_list)",
        "ts": "1496348528.662758"
    },
    {
        "type": "message",
        "user": "U5HP43Y5R",
        "text": "pretrained_file = '\/root\/share\/project\/pytorch\/data\/pretrain\/resnet\/resnet50-19c8e357.pth'",
        "ts": "1496348739.739051"
    },
    {
        "type": "message",
        "user": "U5HP43Y5R",
        "text": "now i am almost certain. it doesn't matter which basic network you use. for a single model, the results is as below",
        "ts": "1496373241.384199"
    },
    {
        "type": "message",
        "subtype": "file_share",
        "text": "<@U5HP43Y5R|hengcherkeng235> uploaded a file: <https:\/\/share-kaggle-forest.slack.com\/files\/hengcherkeng235\/F5LTTHWBS\/fit.jpg|fit.jpg>",
        "file": {
            "id": "F5LTTHWBS",
            "created": 1496373306,
            "timestamp": 1496373306,
            "name": "fit.jpg",
            "title": "fit.jpg",
            "mimetype": "image\/jpeg",
            "filetype": "jpg",
            "pretty_type": "JPEG",
            "user": "U5HP43Y5R",
            "editable": false,
            "size": 197435,
            "mode": "hosted",
            "is_external": false,
            "external_type": "",
            "is_public": true,
            "public_url_shared": false,
            "display_as_bot": false,
            "username": "",
            "url_private": "https:\/\/files.slack.com\/files-pri\/T5HSQH1A8-F5LTTHWBS\/fit.jpg?t=xoxe-187908579348-196951736772-196902393266-9bbe2c757c",
            "url_private_download": "https:\/\/files.slack.com\/files-pri\/T5HSQH1A8-F5LTTHWBS\/download\/fit.jpg?t=xoxe-187908579348-196951736772-196902393266-9bbe2c757c",
            "thumb_64": "https:\/\/files.slack.com\/files-tmb\/T5HSQH1A8-F5LTTHWBS-8cba009a1e\/fit_64.jpg?t=xoxe-187908579348-196951736772-196902393266-9bbe2c757c",
            "thumb_80": "https:\/\/files.slack.com\/files-tmb\/T5HSQH1A8-F5LTTHWBS-8cba009a1e\/fit_80.jpg?t=xoxe-187908579348-196951736772-196902393266-9bbe2c757c",
            "thumb_360": "https:\/\/files.slack.com\/files-tmb\/T5HSQH1A8-F5LTTHWBS-8cba009a1e\/fit_360.jpg?t=xoxe-187908579348-196951736772-196902393266-9bbe2c757c",
            "thumb_360_w": 360,
            "thumb_360_h": 325,
            "thumb_480": "https:\/\/files.slack.com\/files-tmb\/T5HSQH1A8-F5LTTHWBS-8cba009a1e\/fit_480.jpg?t=xoxe-187908579348-196951736772-196902393266-9bbe2c757c",
            "thumb_480_w": 480,
            "thumb_480_h": 433,
            "thumb_160": "https:\/\/files.slack.com\/files-tmb\/T5HSQH1A8-F5LTTHWBS-8cba009a1e\/fit_160.jpg?t=xoxe-187908579348-196951736772-196902393266-9bbe2c757c",
            "thumb_720": "https:\/\/files.slack.com\/files-tmb\/T5HSQH1A8-F5LTTHWBS-8cba009a1e\/fit_720.jpg?t=xoxe-187908579348-196951736772-196902393266-9bbe2c757c",
            "thumb_720_w": 720,
            "thumb_720_h": 650,
            "thumb_800": "https:\/\/files.slack.com\/files-tmb\/T5HSQH1A8-F5LTTHWBS-8cba009a1e\/fit_800.jpg?t=xoxe-187908579348-196951736772-196902393266-9bbe2c757c",
            "thumb_800_w": 800,
            "thumb_800_h": 722,
            "image_exif_rotation": 1,
            "original_w": 948,
            "original_h": 856,
            "permalink": "https:\/\/share-kaggle-forest.slack.com\/files\/hengcherkeng235\/F5LTTHWBS\/fit.jpg",
            "permalink_public": "https:\/\/slack-files.com\/T5HSQH1A8-F5LTTHWBS-63e66f8bee",
            "channels": [
                "C5HU2FQJ1"
            ],
            "groups": [],
            "ims": [],
            "comments_count": 0
        },
        "user": "U5HP43Y5R",
        "upload": true,
        "display_as_bot": false,
        "username": "hengcherkeng235",
        "bot_id": null,
        "ts": "1496373309.391590"
    },
    {
        "type": "message",
        "user": "U5HP43Y5R",
        "text": "models includ densenet, resnet and inception v3",
        "ts": "1496373330.394131"
    },
    {
        "type": "message",
        "user": "U5KM798UF",
        "text": "I just ran resnet pretrained for the first time and my results generally agree with that.",
        "ts": "1496373438.406462"
    },
    {
        "type": "message",
        "user": "U5HP43Y5R",
        "text": "the limit of single model is 0.93, that is how much you can squeeze from the data. for score above that, you need other methods. ensemble will bring score to 0.932",
        "ts": "1496373443.406960"
    },
    {
        "type": "message",
        "user": "U5KM798UF",
        "text": "So your current score includes ensembling?",
        "ts": "1496373473.410293"
    },
    {
        "type": "message",
        "user": "U5HP43Y5R",
        "text": "yes",
        "ts": "1496373483.411338"
    },
    {
        "type": "message",
        "user": "U5HP43Y5R",
        "text": "using tif nir is a bit tricky. and that is my next plan",
        "ts": "1496373519.415874"
    },
    {
        "type": "message",
        "user": "U5HP43Y5R",
        "text": "i estimate the top results at the end of this compeition is about LB 0.95",
        "ts": "1496373556.420155"
    },
    {
        "type": "message",
        "user": "U5HP43Y5R",
        "text": "still a long way to go!",
        "ts": "1496373590.423822"
    },
    {
        "type": "message",
        "user": "U5HP43Y5R",
        "text": "if you got time try shallow pretrain. i havent try this yet",
        "ts": "1496373750.441129"
    },
    {
        "type": "message",
        "user": "U5KM798UF",
        "text": "That's what I did. I trained Resnet34, with loading weights, and am submitting results from every 5 epochs",
        "ts": "1496373820.448757"
    },
    {
        "type": "message",
        "user": "U5HP43Y5R",
        "text": "no. i mean freeze the lower layers",
        "ts": "1496373863.453769"
    },
    {
        "type": "message",
        "user": "U5KM798UF",
        "text": "Oh right.",
        "ts": "1496373872.454752"
    },
    {
        "type": "message",
        "user": "U5KM798UF",
        "text": "Do you think the issue with the tiffs is due to incorrect images\/labeling, or due to the images themselves?",
        "ts": "1496373901.457745"
    },
    {
        "type": "message",
        "user": "U5HP43Y5R",
        "text": "this may work better for resnet50 or inception v4",
        "ts": "1496373913.459134"
    },
    {
        "type": "message",
        "user": "U5HP43Y5R",
        "text": "i think it isdue to labelling. but i did not prove it. it is easy to proof. here are the steps",
        "ts": "1496373959.463981"
    },
    {
        "type": "message",
        "user": "U5HP43Y5R",
        "text": "1. align tif to jpg using my code",
        "ts": "1496373976.465932"
    },
    {
        "type": "message",
        "user": "U5HP43Y5R",
        "text": "2. get train and validation set for tif and jpg for those samples that do not have misalignment",
        "ts": "1496374017.470528"
    },
    {
        "type": "message",
        "user": "U5HP43Y5R",
        "text": "use same network. train one for jpg and one for tif. now there is no mislignment issue. and we can see if the results are the same",
        "ts": "1496374056.474898"
    },
    {
        "type": "message",
        "user": "U5HP43Y5R",
        "text": "i am thinking of another better solution, rather than aligning tif and jpg",
        "ts": "1496374083.477714"
    },
    {
        "type": "message",
        "user": "U5HP43Y5R",
        "text": "i am designing a network  that would work even if the images are not aligned",
        "ts": "1496374130.482625"
    },
    {
        "type": "message",
        "user": "U5HP43Y5R",
        "text": "<https:\/\/discuss.pytorch.org\/t\/how-to-perform-finetuning-in-pytorch\/419>",
        "attachments": [
            {
                "service_name": "PyTorch Forums",
                "title": "How to perform finetuning in Pytorch?",
                "title_link": "https:\/\/discuss.pytorch.org\/t\/how-to-perform-finetuning-in-pytorch\/419",
                "text": "Can anyone tell me how to do finetuning in pytorch? Suppose, I have loaded the Resnet 18 pretrained model. Now I want to finetune it on my own dataset which contain say 10 classes. How to remove the last output layer and change to as per my requirement?",
                "fallback": "PyTorch Forums: How to perform finetuning in Pytorch?",
                "thumb_url": "http:\/\/discuss.pytorch.org\/uploads\/default\/original\/1X\/9c7b5731fa317971fed9326e39efec14ee2eac4e.png",
                "fields": [
                    {
                        "title": "Reading time",
                        "value": "2 mins :clock2:",
                        "short": true
                    },
                    {
                        "title": "Likes",
                        "value": "41 :heart:",
                        "short": true
                    }
                ],
                "from_url": "https:\/\/discuss.pytorch.org\/t\/how-to-perform-finetuning-in-pytorch\/419",
                "thumb_width": 175,
                "thumb_height": 175,
                "service_icon": "https:\/\/discuss.pytorch.org\/uploads\/default\/original\/1X\/9c7b5731fa317971fed9326e39efec14ee2eac4e.png",
                "id": 1
            }
        ],
        "ts": "1496374216.492289"
    },
    {
        "type": "message",
        "user": "U5HP43Y5R",
        "text": "how to set different learning rate for different layer in pytorch",
        "ts": "1496374327.505090"
    },
    {
        "type": "message",
        "user": "U5HP43Y5R",
        "text": "compare nir and rbg:",
        "ts": "1496375973.679674"
    },
    {
        "type": "message",
        "user": "U5HP43Y5R",
        "text": "<http:\/\/deepscene.cs.uni-freiburg.de\/segment_random\/RGB?dataset=freiburgforest&amp;model=NIR>",
        "attachments": [
            {
                "title": "DeepScene",
                "title_link": "http:\/\/deepscene.cs.uni-freiburg.de\/segment_random\/RGB?dataset=freiburgforest&model=NIR",
                "text": "DeepScene",
                "fallback": "DeepScene",
                "from_url": "http:\/\/deepscene.cs.uni-freiburg.de\/segment_random\/RGB?dataset=freiburgforest&model=NIR",
                "service_name": "deepscene.cs.uni-freiburg.de",
                "id": 1
            }
        ],
        "ts": "1496375974.679818"
    }
]