[
    {
        "type": "message",
        "user": "U5HP43Y5R",
        "text": "not necessary true, it depends on your network structure",
        "ts": "1497252355.372605"
    },
    {
        "type": "message",
        "user": "U5N8BFCA1",
        "text": "And the distribution of labels?",
        "ts": "1497273854.275457"
    },
    {
        "type": "message",
        "user": "U5N8BFCA1",
        "text": "i think you're right",
        "ts": "1497273945.306353"
    },
    {
        "type": "message",
        "user": "U5N8BFCA1",
        "text": "they seemed to try it out, but i may have had its limits",
        "ts": "1497273963.312190"
    },
    {
        "type": "message",
        "user": "U5N8BFCA1",
        "text": "\"Of course we tried to train such a model and it works surprisingly well. We we able to get in a top 10% but not more.\"",
        "ts": "1497273965.312913"
    },
    {
        "type": "message",
        "user": "U5N8BFCA1",
        "text": "do you have a recommendation in finding correlation among submission files?",
        "ts": "1497274342.445529"
    },
    {
        "type": "message",
        "user": "U5N8BFCA1",
        "text": "I'd like to choose a few least correlated submissions as my files and need to find the r value",
        "ts": "1497274399.465468"
    },
    {
        "type": "message",
        "user": "U5HP43Y5R",
        "text": "This is tricky",
        "ts": "1497286527.303162"
    },
    {
        "type": "message",
        "user": "U5HP43Y5R",
        "text": "I suggest try standard methods first",
        "ts": "1497286549.310669"
    },
    {
        "type": "message",
        "user": "U5HP43Y5R",
        "text": "That is, just train bunch of different nets like densenet resnet inception etc. Then just enemble the results",
        "ts": "1497286625.339727"
    },
    {
        "type": "message",
        "user": "U5HP43Y5R",
        "text": "You should get lb score of .931 to .932",
        "ts": "1497286661.352587"
    },
    {
        "type": "message",
        "user": "U5HP43Y5R",
        "text": "Then think of improvement like choosing better or less correlation cvs for ensemble ",
        "ts": "1497286706.369578"
    },
    {
        "type": "message",
        "user": "U5HP43Y5R",
        "text": "My point is for .931 you need not try complicated stuffs",
        "ts": "1497286736.381535"
    },
    {
        "type": "message",
        "user": "U5HP43Y5R",
        "text": "Good validation augmentation etc should suffice ",
        "ts": "1497286778.397242"
    },
    {
        "type": "message",
        "user": "U5HP43Y5R",
        "text": "top models: <https:\/\/github.com\/soeaver\/caffe-model>",
        "attachments": [
            {
                "service_name": "GitHub",
                "title": "soeaver\/caffe-model",
                "title_link": "https:\/\/github.com\/soeaver\/caffe-model",
                "text": "caffe-model - Caffe models (imagenet pretrain) and prototxt generator scripts for inception_v3 \\ inception_v4 \\ inception_resnet \\ fractalnet \\ resnext",
                "fallback": "GitHub: soeaver\/caffe-model",
                "from_url": "https:\/\/github.com\/soeaver\/caffe-model",
                "thumb_url": "https:\/\/avatars2.githubusercontent.com\/u\/8629203?v=3&s=400",
                "thumb_width": 250,
                "thumb_height": 250,
                "service_icon": "https:\/\/a.slack-edge.com\/bfaba\/img\/unfurl_icons\/github.png",
                "id": 1
            }
        ],
        "ts": "1497287795.774217"
    },
    {
        "type": "message",
        "user": "U5L4Y93HC",
        "text": "I am doing something wrong. With my own implementation (means I use pretrained Pytorch-Models, but I did not take your code <@U5HP43Y5R>) I cannot reach 0.93 ..., even though I try your hyperparameters  -_-",
        "ts": "1497288802.150124"
    },
    {
        "user": "U5SGLMMHT",
        "text": "<@U5SGLMMHT|jph> has joined the channel",
        "type": "message",
        "subtype": "channel_join",
        "ts": "1497289646.462120"
    },
    {
        "type": "message",
        "user": "U5P87HLPP",
        "text": "<@U5L4Y93HC> What is the maximum score you reach?",
        "ts": "1497294679.354825"
    },
    {
        "type": "message",
        "user": "U5L4Y93HC",
        "text": "0.9289 in leaderboard",
        "ts": "1497295635.679432"
    },
    {
        "type": "message",
        "user": "U5L4Y93HC",
        "text": "Single model, 4time Test time Rotation",
        "ts": "1497295683.695490"
    },
    {
        "type": "message",
        "user": "U5P87HLPP",
        "text": "Should I use binary or categorical cross-entropy for metric?",
        "ts": "1497313674.260311"
    },
    {
        "type": "message",
        "user": "U5KM798UF",
        "text": "Binary. Categorical normalizes everything together so you don't get a consistent output. ",
        "ts": "1497313725.267268"
    },
    {
        "type": "message",
        "user": "U5P87HLPP",
        "text": "<@U5KM798UF> I see. Thanks a lot",
        "ts": "1497313744.269750"
    },
    {
        "user": "U5SJA7PNF",
        "text": "<@U5SJA7PNF|yangxulei> has joined the channel",
        "type": "message",
        "subtype": "channel_join",
        "ts": "1497317642.798894"
    },
    {
        "type": "message",
        "user": "U5HP43Y5R",
        "text": "resnet34 confirm can go 0.93",
        "ts": "1497322738.440103"
    },
    {
        "type": "message",
        "user": "U5HP43Y5R",
        "text": "inceptionv3 too",
        "ts": "1497322743.440713"
    },
    {
        "type": "message",
        "user": "U5SJA7PNF",
        "text": "Thanks guys, learn lots from the forum. Just wonder what \"single model\" means, a single neural network architecture like Resnet50, or exactly one single trained model?",
        "ts": "1497322760.442775"
    },
    {
        "type": "message",
        "user": "U5HP43Y5R",
        "text": "trick is train and test augmentation, correct validation, correct ensemble",
        "edited": {
            "user": "U5HP43Y5R",
            "ts": "1497322829.000000"
        },
        "ts": "1497322787.445927"
    },
    {
        "type": "message",
        "user": "U5HP43Y5R",
        "text": "one model",
        "ts": "1497322805.448416"
    },
    {
        "type": "message",
        "user": "U5SJA7PNF",
        "text": "thanks <@U5HP43Y5R>",
        "ts": "1497322840.453523"
    },
    {
        "type": "message",
        "user": "U5HP43Y5R",
        "text": "if you can get 0.93 in singale model, then if you ensemble, it will be 0.932",
        "ts": "1497322857.455549"
    },
    {
        "type": "message",
        "user": "U5HP43Y5R",
        "text": "densenet single model is about 0.92995",
        "ts": "1497322909.462056"
    },
    {
        "type": "message",
        "user": "U5RC4GSBA",
        "text": "a lot of good discussions here!",
        "ts": "1497322967.469160"
    },
    {
        "type": "message",
        "user": "U5RC4GSBA",
        "text": "thanks guys",
        "ts": "1497322972.469687"
    },
    {
        "type": "message",
        "user": "U5SJA7PNF",
        "text": "FYI, submit an empty result, PLB score 0.000, trained one single keras Resnet50 model, submit the result scored 0.9246",
        "ts": "1497323105.484900"
    },
    {
        "type": "message",
        "user": "U5RC4GSBA",
        "text": "are they all pretrained models with imagenet?",
        "edited": {
            "user": "U5RC4GSBA",
            "ts": "1497323130.000000"
        },
        "ts": "1497323127.487448"
    },
    {
        "type": "message",
        "user": "U5SJA7PNF",
        "text": "mine using pretrained resnet50 with imagenet using keras",
        "ts": "1497323164.491662"
    },
    {
        "type": "message",
        "user": "U5HP43Y5R",
        "text": "&gt;&gt;Resnet50 model, submit the result scored 0.9246\nshould be able to go high higher. i don't use resnet50 yet but i know kaggler that can get 0.93 with single resnet50",
        "edited": {
            "user": "U5HP43Y5R",
            "ts": "1497323240.000000"
        },
        "ts": "1497323205.496304"
    },
    {
        "type": "message",
        "user": "U5SJA7PNF",
        "text": "<@U5HP43Y5R> using keras? do you rotate (90 180 270 etc.) the images to generate more samples?",
        "ts": "1497323343.511106"
    },
    {
        "type": "message",
        "user": "U5RC4GSBA",
        "text": "densenet weights from pytorch <@U5HP43Y5R> ?",
        "ts": "1497323537.531506"
    },
    {
        "type": "message",
        "user": "U5HP43Y5R",
        "text": "i use only pytorch",
        "ts": "1497323658.544937"
    },
    {
        "type": "message",
        "user": "U5HP43Y5R",
        "text": "do you rotate (90 180 270 etc.) yes etc",
        "ts": "1497323670.546137"
    },
    {
        "type": "message",
        "user": "U5RC4GSBA",
        "text": "cool. thanks",
        "ts": "1497323686.547954"
    },
    {
        "type": "message",
        "user": "U5RC4GSBA",
        "text": "have you trained models from scratch?",
        "ts": "1497323733.553269"
    },
    {
        "type": "message",
        "user": "U5HP43Y5R",
        "text": "use pretrain to get better results. check my post or goggle drive to get comparision results between from scratch and pretrain and ensemble",
        "edited": {
            "user": "U5HP43Y5R",
            "ts": "1497324006.000000"
        },
        "ts": "1497323946.576345"
    },
    {
        "type": "message",
        "user": "U5RC4GSBA",
        "text": ":+1:",
        "ts": "1497324285.613115"
    },
    {
        "type": "message",
        "user": "U5HP43Y5R",
        "text": "<@U5SJA7PNF> 'submit an empty result, PLB score 0.000'. empy csv file looks like this?\ntest_0,\ntest_1,\ntest_2, &lt;empty string for tags&gt;",
        "ts": "1497324837.673836"
    },
    {
        "type": "message",
        "subtype": "file_share",
        "text": "<@U5HP43Y5R|hengcherkeng235> uploaded a file: <https:\/\/share-kaggle-forest.slack.com\/files\/hengcherkeng235\/F5SRA0JS1\/image_uploaded_from_ios.jpg|Image uploaded from iOS>",
        "file": {
            "id": "F5SRA0JS1",
            "created": 1497335447,
            "timestamp": 1497335447,
            "name": "Image uploaded from iOS.jpg",
            "title": "Image uploaded from iOS",
            "mimetype": "image\/jpeg",
            "filetype": "jpg",
            "pretty_type": "JPEG",
            "user": "U5HP43Y5R",
            "editable": false,
            "size": 7251037,
            "mode": "hosted",
            "is_external": false,
            "external_type": "",
            "is_public": true,
            "public_url_shared": false,
            "display_as_bot": false,
            "username": "",
            "url_private": "https:\/\/files.slack.com\/files-pri\/T5HSQH1A8-F5SRA0JS1\/image_uploaded_from_ios.jpg?t=xoxe-187908579348-196951736772-196902393266-9bbe2c757c",
            "url_private_download": "https:\/\/files.slack.com\/files-pri\/T5HSQH1A8-F5SRA0JS1\/download\/image_uploaded_from_ios.jpg?t=xoxe-187908579348-196951736772-196902393266-9bbe2c757c",
            "thumb_64": "https:\/\/files.slack.com\/files-tmb\/T5HSQH1A8-F5SRA0JS1-bec0996145\/image_uploaded_from_ios_64.jpg?t=xoxe-187908579348-196951736772-196902393266-9bbe2c757c",
            "thumb_80": "https:\/\/files.slack.com\/files-tmb\/T5HSQH1A8-F5SRA0JS1-bec0996145\/image_uploaded_from_ios_80.jpg?t=xoxe-187908579348-196951736772-196902393266-9bbe2c757c",
            "thumb_360": "https:\/\/files.slack.com\/files-tmb\/T5HSQH1A8-F5SRA0JS1-bec0996145\/image_uploaded_from_ios_360.jpg?t=xoxe-187908579348-196951736772-196902393266-9bbe2c757c",
            "thumb_360_w": 360,
            "thumb_360_h": 270,
            "thumb_480": "https:\/\/files.slack.com\/files-tmb\/T5HSQH1A8-F5SRA0JS1-bec0996145\/image_uploaded_from_ios_480.jpg?t=xoxe-187908579348-196951736772-196902393266-9bbe2c757c",
            "thumb_480_w": 480,
            "thumb_480_h": 360,
            "thumb_160": "https:\/\/files.slack.com\/files-tmb\/T5HSQH1A8-F5SRA0JS1-bec0996145\/image_uploaded_from_ios_160.jpg?t=xoxe-187908579348-196951736772-196902393266-9bbe2c757c",
            "thumb_720": "https:\/\/files.slack.com\/files-tmb\/T5HSQH1A8-F5SRA0JS1-bec0996145\/image_uploaded_from_ios_720.jpg?t=xoxe-187908579348-196951736772-196902393266-9bbe2c757c",
            "thumb_720_w": 720,
            "thumb_720_h": 540,
            "thumb_800": "https:\/\/files.slack.com\/files-tmb\/T5HSQH1A8-F5SRA0JS1-bec0996145\/image_uploaded_from_ios_800.jpg?t=xoxe-187908579348-196951736772-196902393266-9bbe2c757c",
            "thumb_800_w": 800,
            "thumb_800_h": 600,
            "thumb_960": "https:\/\/files.slack.com\/files-tmb\/T5HSQH1A8-F5SRA0JS1-bec0996145\/image_uploaded_from_ios_960.jpg?t=xoxe-187908579348-196951736772-196902393266-9bbe2c757c",
            "thumb_960_w": 960,
            "thumb_960_h": 720,
            "thumb_1024": "https:\/\/files.slack.com\/files-tmb\/T5HSQH1A8-F5SRA0JS1-bec0996145\/image_uploaded_from_ios_1024.jpg?t=xoxe-187908579348-196951736772-196902393266-9bbe2c757c",
            "thumb_1024_w": 1024,
            "thumb_1024_h": 768,
            "image_exif_rotation": 1,
            "original_w": 4032,
            "original_h": 3024,
            "permalink": "https:\/\/share-kaggle-forest.slack.com\/files\/hengcherkeng235\/F5SRA0JS1\/image_uploaded_from_ios.jpg",
            "permalink_public": "https:\/\/slack-files.com\/T5HSQH1A8-F5SRA0JS1-76dac75b89",
            "channels": [
                "C5HU2FQJ1"
            ],
            "groups": [],
            "ims": [],
            "comments_count": 0
        },
        "user": "U5HP43Y5R",
        "upload": true,
        "display_as_bot": false,
        "username": "hengcherkeng235",
        "bot_id": null,
        "upload_reply_to": "BEEACB60-1106-4FA1-8C0F-6E620CE48A3B",
        "ts": "1497335454.904552"
    },
    {
        "type": "message",
        "subtype": "file_share",
        "text": "<@U5HP43Y5R|hengcherkeng235> uploaded a file: <https:\/\/share-kaggle-forest.slack.com\/files\/hengcherkeng235\/F5SRAFW69\/image_uploaded_from_ios.jpg|Image uploaded from iOS>",
        "file": {
            "id": "F5SRAFW69",
            "created": 1497335549,
            "timestamp": 1497335549,
            "name": "Image uploaded from iOS.jpg",
            "title": "Image uploaded from iOS",
            "mimetype": "image\/jpeg",
            "filetype": "jpg",
            "pretty_type": "JPEG",
            "user": "U5HP43Y5R",
            "editable": false,
            "size": 8934390,
            "mode": "hosted",
            "is_external": false,
            "external_type": "",
            "is_public": true,
            "public_url_shared": false,
            "display_as_bot": false,
            "username": "",
            "url_private": "https:\/\/files.slack.com\/files-pri\/T5HSQH1A8-F5SRAFW69\/image_uploaded_from_ios.jpg?t=xoxe-187908579348-196951736772-196902393266-9bbe2c757c",
            "url_private_download": "https:\/\/files.slack.com\/files-pri\/T5HSQH1A8-F5SRAFW69\/download\/image_uploaded_from_ios.jpg?t=xoxe-187908579348-196951736772-196902393266-9bbe2c757c",
            "thumb_64": "https:\/\/files.slack.com\/files-tmb\/T5HSQH1A8-F5SRAFW69-ef0d5194e1\/image_uploaded_from_ios_64.jpg?t=xoxe-187908579348-196951736772-196902393266-9bbe2c757c",
            "thumb_80": "https:\/\/files.slack.com\/files-tmb\/T5HSQH1A8-F5SRAFW69-ef0d5194e1\/image_uploaded_from_ios_80.jpg?t=xoxe-187908579348-196951736772-196902393266-9bbe2c757c",
            "thumb_360": "https:\/\/files.slack.com\/files-tmb\/T5HSQH1A8-F5SRAFW69-ef0d5194e1\/image_uploaded_from_ios_360.jpg?t=xoxe-187908579348-196951736772-196902393266-9bbe2c757c",
            "thumb_360_w": 360,
            "thumb_360_h": 270,
            "thumb_480": "https:\/\/files.slack.com\/files-tmb\/T5HSQH1A8-F5SRAFW69-ef0d5194e1\/image_uploaded_from_ios_480.jpg?t=xoxe-187908579348-196951736772-196902393266-9bbe2c757c",
            "thumb_480_w": 480,
            "thumb_480_h": 360,
            "thumb_160": "https:\/\/files.slack.com\/files-tmb\/T5HSQH1A8-F5SRAFW69-ef0d5194e1\/image_uploaded_from_ios_160.jpg?t=xoxe-187908579348-196951736772-196902393266-9bbe2c757c",
            "thumb_720": "https:\/\/files.slack.com\/files-tmb\/T5HSQH1A8-F5SRAFW69-ef0d5194e1\/image_uploaded_from_ios_720.jpg?t=xoxe-187908579348-196951736772-196902393266-9bbe2c757c",
            "thumb_720_w": 720,
            "thumb_720_h": 540,
            "thumb_800": "https:\/\/files.slack.com\/files-tmb\/T5HSQH1A8-F5SRAFW69-ef0d5194e1\/image_uploaded_from_ios_800.jpg?t=xoxe-187908579348-196951736772-196902393266-9bbe2c757c",
            "thumb_800_w": 800,
            "thumb_800_h": 600,
            "thumb_960": "https:\/\/files.slack.com\/files-tmb\/T5HSQH1A8-F5SRAFW69-ef0d5194e1\/image_uploaded_from_ios_960.jpg?t=xoxe-187908579348-196951736772-196902393266-9bbe2c757c",
            "thumb_960_w": 960,
            "thumb_960_h": 720,
            "thumb_1024": "https:\/\/files.slack.com\/files-tmb\/T5HSQH1A8-F5SRAFW69-ef0d5194e1\/image_uploaded_from_ios_1024.jpg?t=xoxe-187908579348-196951736772-196902393266-9bbe2c757c",
            "thumb_1024_w": 1024,
            "thumb_1024_h": 768,
            "image_exif_rotation": 1,
            "original_w": 4032,
            "original_h": 3024,
            "permalink": "https:\/\/share-kaggle-forest.slack.com\/files\/hengcherkeng235\/F5SRAFW69\/image_uploaded_from_ios.jpg",
            "permalink_public": "https:\/\/slack-files.com\/T5HSQH1A8-F5SRAFW69-b0fcf2dcdd",
            "channels": [
                "C5HU2FQJ1"
            ],
            "groups": [],
            "ims": [],
            "comments_count": 0
        },
        "user": "U5HP43Y5R",
        "upload": true,
        "display_as_bot": false,
        "username": "hengcherkeng235",
        "bot_id": null,
        "upload_reply_to": "C9DFAA2A-D98B-4651-A7AC-AB47E972D87C",
        "ts": "1497335554.919293"
    },
    {
        "type": "message",
        "user": "U5HP43Y5R",
        "text": "Before submit, make comparison and judge if it is worth submitting ",
        "ts": "1497335570.921870"
    },
    {
        "type": "message",
        "user": "U5HP43Y5R",
        "text": "After submission, make file comparison and see what changes",
        "ts": "1497335600.926102"
    },
    {
        "type": "message",
        "subtype": "file_share",
        "text": "<@U5HP43Y5R|hengcherkeng235> uploaded a file: <https:\/\/share-kaggle-forest.slack.com\/files\/hengcherkeng235\/F5S5UMMCZ\/image_uploaded_from_ios.jpg|Image uploaded from iOS>",
        "file": {
            "id": "F5S5UMMCZ",
            "created": 1497335692,
            "timestamp": 1497335692,
            "name": "Image uploaded from iOS.jpg",
            "title": "Image uploaded from iOS",
            "mimetype": "image\/jpeg",
            "filetype": "jpg",
            "pretty_type": "JPEG",
            "user": "U5HP43Y5R",
            "editable": false,
            "size": 8822759,
            "mode": "hosted",
            "is_external": false,
            "external_type": "",
            "is_public": true,
            "public_url_shared": false,
            "display_as_bot": false,
            "username": "",
            "url_private": "https:\/\/files.slack.com\/files-pri\/T5HSQH1A8-F5S5UMMCZ\/image_uploaded_from_ios.jpg?t=xoxe-187908579348-196951736772-196902393266-9bbe2c757c",
            "url_private_download": "https:\/\/files.slack.com\/files-pri\/T5HSQH1A8-F5S5UMMCZ\/download\/image_uploaded_from_ios.jpg?t=xoxe-187908579348-196951736772-196902393266-9bbe2c757c",
            "thumb_64": "https:\/\/files.slack.com\/files-tmb\/T5HSQH1A8-F5S5UMMCZ-88d0a4328d\/image_uploaded_from_ios_64.jpg?t=xoxe-187908579348-196951736772-196902393266-9bbe2c757c",
            "thumb_80": "https:\/\/files.slack.com\/files-tmb\/T5HSQH1A8-F5S5UMMCZ-88d0a4328d\/image_uploaded_from_ios_80.jpg?t=xoxe-187908579348-196951736772-196902393266-9bbe2c757c",
            "thumb_360": "https:\/\/files.slack.com\/files-tmb\/T5HSQH1A8-F5S5UMMCZ-88d0a4328d\/image_uploaded_from_ios_360.jpg?t=xoxe-187908579348-196951736772-196902393266-9bbe2c757c",
            "thumb_360_w": 360,
            "thumb_360_h": 270,
            "thumb_480": "https:\/\/files.slack.com\/files-tmb\/T5HSQH1A8-F5S5UMMCZ-88d0a4328d\/image_uploaded_from_ios_480.jpg?t=xoxe-187908579348-196951736772-196902393266-9bbe2c757c",
            "thumb_480_w": 480,
            "thumb_480_h": 360,
            "thumb_160": "https:\/\/files.slack.com\/files-tmb\/T5HSQH1A8-F5S5UMMCZ-88d0a4328d\/image_uploaded_from_ios_160.jpg?t=xoxe-187908579348-196951736772-196902393266-9bbe2c757c",
            "thumb_720": "https:\/\/files.slack.com\/files-tmb\/T5HSQH1A8-F5S5UMMCZ-88d0a4328d\/image_uploaded_from_ios_720.jpg?t=xoxe-187908579348-196951736772-196902393266-9bbe2c757c",
            "thumb_720_w": 720,
            "thumb_720_h": 540,
            "thumb_800": "https:\/\/files.slack.com\/files-tmb\/T5HSQH1A8-F5S5UMMCZ-88d0a4328d\/image_uploaded_from_ios_800.jpg?t=xoxe-187908579348-196951736772-196902393266-9bbe2c757c",
            "thumb_800_w": 800,
            "thumb_800_h": 600,
            "thumb_960": "https:\/\/files.slack.com\/files-tmb\/T5HSQH1A8-F5S5UMMCZ-88d0a4328d\/image_uploaded_from_ios_960.jpg?t=xoxe-187908579348-196951736772-196902393266-9bbe2c757c",
            "thumb_960_w": 960,
            "thumb_960_h": 720,
            "thumb_1024": "https:\/\/files.slack.com\/files-tmb\/T5HSQH1A8-F5S5UMMCZ-88d0a4328d\/image_uploaded_from_ios_1024.jpg?t=xoxe-187908579348-196951736772-196902393266-9bbe2c757c",
            "thumb_1024_w": 1024,
            "thumb_1024_h": 768,
            "image_exif_rotation": 1,
            "original_w": 4032,
            "original_h": 3024,
            "permalink": "https:\/\/share-kaggle-forest.slack.com\/files\/hengcherkeng235\/F5S5UMMCZ\/image_uploaded_from_ios.jpg",
            "permalink_public": "https:\/\/slack-files.com\/T5HSQH1A8-F5S5UMMCZ-64d70399b7",
            "channels": [
                "C5HU2FQJ1"
            ],
            "groups": [],
            "ims": [],
            "comments_count": 0
        },
        "user": "U5HP43Y5R",
        "upload": true,
        "display_as_bot": false,
        "username": "hengcherkeng235",
        "bot_id": null,
        "upload_reply_to": "36BF65F2-925D-4273-BEE4-3720B960E83E",
        "ts": "1497335698.940189"
    }
]