[
    {
        "type": "message",
        "user": "U5KM798UF",
        "text": "I'm not at home, so I can't look right now, but do you know if it's possible to load the images in as 8 bit int and only convert to 32bit float when a batch is loaded? ",
        "ts": "1495958129.726345"
    },
    {
        "type": "message",
        "user": "U5HP43Y5R",
        "text": "Yes",
        "ts": "1495958156.727243"
    },
    {
        "type": "message",
        "user": "U5HP43Y5R",
        "text": "Modify totensor function of my code",
        "ts": "1495958185.728279"
    },
    {
        "type": "message",
        "user": "U5HP43Y5R",
        "text": "And store images in uint8",
        "ts": "1495958208.729081"
    },
    {
        "type": "message",
        "subtype": "file_share",
        "text": "<@U5HP43Y5R|hengcherkeng235> uploaded a file: <https:\/\/share-kaggle-forest.slack.com\/files\/hengcherkeng235\/F5JDK7R7S\/standard.xlsx.xlsx|standard.xlsx>",
        "file": {
            "id": "F5JDK7R7S",
            "created": 1495992297,
            "timestamp": 1495992297,
            "name": "standard.xlsx.xlsx",
            "title": "standard.xlsx",
            "mimetype": "application\/vnd.openxmlformats-officedocument.spreadsheetml.sheet",
            "filetype": "xlsx",
            "pretty_type": "Excel Spreadsheet",
            "user": "U5HP43Y5R",
            "editable": false,
            "size": 569436,
            "mode": "hosted",
            "is_external": false,
            "external_type": "",
            "is_public": true,
            "public_url_shared": false,
            "display_as_bot": false,
            "username": "",
            "url_private": "https:\/\/files.slack.com\/files-pri\/T5HSQH1A8-F5JDK7R7S\/standard.xlsx.xlsx?t=xoxe-187908579348-196951736772-196902393266-9bbe2c757c",
            "url_private_download": "https:\/\/files.slack.com\/files-pri\/T5HSQH1A8-F5JDK7R7S\/download\/standard.xlsx.xlsx?t=xoxe-187908579348-196951736772-196902393266-9bbe2c757c",
            "permalink": "https:\/\/share-kaggle-forest.slack.com\/files\/hengcherkeng235\/F5JDK7R7S\/standard.xlsx.xlsx",
            "permalink_public": "https:\/\/slack-files.com\/T5HSQH1A8-F5JDK7R7S-8deb6fa051",
            "channels": [
                "C5HU2FQJ1"
            ],
            "groups": [],
            "ims": [],
            "comments_count": 0
        },
        "user": "U5HP43Y5R",
        "upload": true,
        "display_as_bot": false,
        "username": "hengcherkeng235",
        "bot_id": null,
        "ts": "1495992297.273691"
    },
    {
        "type": "message",
        "user": "U5HP43Y5R",
        "text": "I attach the results for resnet34",
        "ts": "1495992324.275230"
    },
    {
        "type": "message",
        "user": "U5HP43Y5R",
        "text": "<@U5KM798UF> do you think you can repeat my results for resnet 34?",
        "ts": "1495992413.280270"
    },
    {
        "type": "message",
        "user": "U5HP43Y5R",
        "text": "Then i want you to try one thing. Change the last avg pooling to max pooling",
        "ts": "1495992468.283152"
    },
    {
        "type": "message",
        "user": "U5HP43Y5R",
        "text": "Then report back the results to us. If we are lucky we may get 0.929",
        "ts": "1495992598.290376"
    },
    {
        "type": "message",
        "user": "U5KM798UF",
        "text": "Probably tonight (within 12 hours) of now. I'll have to make sure I can run 256x256 first. The model evaluation I'll have to load into memory in batches. ",
        "ts": "1495992624.291966"
    },
    {
        "type": "message",
        "user": "U5HP43Y5R",
        "text": "I already up all my gpu",
        "ts": "1495992641.292950"
    },
    {
        "type": "message",
        "user": "U5HP43Y5R",
        "text": "Resnet34 needs only 7gb",
        "ts": "1495992685.295348"
    },
    {
        "type": "message",
        "user": "U5KM798UF",
        "text": "That would be great. Have you seen spatial pyramid pooling for pytorch? It gave me a big boost on a basic vgg style in keras ",
        "ts": "1495992714.296782"
    },
    {
        "type": "message",
        "user": "U5HP43Y5R",
        "text": "Oh your problem is cpu memory ",
        "ts": "1495992715.296817"
    },
    {
        "type": "message",
        "user": "U5KM798UF",
        "text": "Yeah. 256x256x3x61191x16\/8=24.1GB",
        "ts": "1495992746.298391"
    },
    {
        "type": "message",
        "user": "U5KM798UF",
        "text": "I'm sure I'll get it working tonight, just out with the wife for the day. ",
        "ts": "1495992779.300138"
    },
    {
        "type": "message",
        "user": "U5HP43Y5R",
        "text": "What is your cpu ram?",
        "ts": "1495992969.310285"
    },
    {
        "type": "message",
        "user": "U5HP43Y5R",
        "text": "For ssp try adaptive max pool with different output size. I send you another sw version with 8bit images in data loader later",
        "ts": "1495993099.317138"
    },
    {
        "type": "message",
        "user": "U5HP43Y5R",
        "text": "The task is not very urgent. You can complete at tour most convenient tome",
        "ts": "1495993146.319492"
    },
    {
        "type": "message",
        "user": "U5HP43Y5R",
        "text": "Time",
        "ts": "1495993150.319718"
    },
    {
        "type": "message",
        "user": "U5KM798UF",
        "text": "Sounds good. ",
        "ts": "1495993656.346953"
    },
    {
        "type": "message",
        "user": "U5KM798UF",
        "text": "I've got 23.5GB after formatting. ",
        "ts": "1495993672.347861"
    },
    {
        "type": "message",
        "user": "U5JUR607L",
        "text": "Guys just one question, we aren't 100% complaint with the rules are we?",
        "ts": "1496027592.425840"
    },
    {
        "type": "message",
        "user": "U5JUR607L",
        "text": "Because we are sharing info in a prived  manner",
        "ts": "1496027626.429127"
    },
    {
        "type": "message",
        "user": "U5HP43Y5R",
        "text": "What we share will be made public",
        "ts": "1496027651.431485"
    },
    {
        "type": "message",
        "user": "U5JUR607L",
        "text": "humm",
        "ts": "1496027662.432355"
    },
    {
        "type": "message",
        "user": "U5JUR607L",
        "text": "got ir",
        "ts": "1496027665.432612"
    },
    {
        "type": "message",
        "user": "U5JUR607L",
        "text": "it*",
        "ts": "1496027668.432826"
    },
    {
        "type": "message",
        "user": "U5JUR607L",
        "text": "<@U5HP43Y5R> I will let a pre trained resnet50 training over night using the following schedule:",
        "ts": "1496027709.436543"
    },
    {
        "type": "message",
        "user": "U5JUR607L",
        "text": "if i == 1:\n        r = 0.1\n    elif i == 2:\n        r = 0.05\n    elif i == 3:\n        r = 0.01\n    elif i == 4:\n        r = 0.005\n    elif i == 5:\n        r = 0.002\n    elif i == 6:\n        r = 0.0005\n    elif i == 7:\n        r = 0.0001",
        "ts": "1496027722.437904"
    },
    {
        "type": "message",
        "user": "U5JUR607L",
        "text": "1 i = 10 epochs",
        "ts": "1496027734.438767"
    },
    {
        "type": "message",
        "user": "U5JUR607L",
        "text": "share my results tomorrow",
        "ts": "1496027752.440410"
    },
    {
        "type": "message",
        "user": "U5HP43Y5R",
        "text": "Hmm",
        "ts": "1496027756.440861"
    },
    {
        "type": "message",
        "user": "U5HP43Y5R",
        "text": "Try on a small dataset first",
        "ts": "1496027768.441969"
    },
    {
        "type": "message",
        "user": "U5HP43Y5R",
        "text": "I think pretrain model use smaller leraning rate",
        "ts": "1496027789.443883"
    },
    {
        "type": "message",
        "user": "U5HP43Y5R",
        "text": "The way to learn from scratch and from pretrain may be different",
        "ts": "1496027816.446414"
    },
    {
        "type": "message",
        "user": "U5HP43Y5R",
        "text": "But it is hard to tell becuase ",
        "ts": "1496027832.447734"
    },
    {
        "type": "message",
        "user": "U5HP43Y5R",
        "text": "There is no general rule",
        "ts": "1496027841.448542"
    },
    {
        "type": "message",
        "user": "U5HP43Y5R",
        "text": "And different methods apply to different dataset",
        "ts": "1496027858.449783"
    },
    {
        "type": "message",
        "user": "U5HP43Y5R",
        "text": "So i suggest you try different rate from big to small",
        "ts": "1496027885.452065"
    },
    {
        "type": "message",
        "user": "U5JUR607L",
        "text": "well that's my second attempt really, the first one I got 0,98 training score and 0,915 LB",
        "ts": "1496027900.453390"
    },
    {
        "type": "message",
        "user": "U5JUR607L",
        "text": "But gonna accept your advice",
        "ts": "1496027918.454916"
    },
    {
        "type": "message",
        "user": "U5HP43Y5R",
        "text": "Your data split?",
        "ts": "1496027940.456748"
    },
    {
        "type": "message",
        "user": "U5JUR607L",
        "text": "5.000 for validation",
        "ts": "1496027954.457892"
    },
    {
        "type": "message",
        "user": "U5HP43Y5R",
        "text": "0.98 to 0.915 the fall is too big",
        "ts": "1496027961.458510"
    },
    {
        "type": "message",
        "user": "U5JUR607L",
        "text": "yeah I over-fitted",
        "ts": "1496027984.460326"
    },
    {
        "type": "message",
        "user": "U5JUR607L",
        "text": "o no",
        "ts": "1496027987.460577"
    },
    {
        "type": "message",
        "user": "U5HP43Y5R",
        "text": " 0.98 is over validation set or train set?",
        "ts": "1496028005.462183"
    },
    {
        "type": "message",
        "user": "U5JUR607L",
        "text": "I got 0.91XX on validation",
        "ts": "1496028011.462705"
    },
    {
        "type": "message",
        "user": "U5HP43Y5R",
        "text": "Then it is normal",
        "ts": "1496028031.464493"
    },
    {
        "type": "message",
        "user": "U5JUR607L",
        "text": "using a stronger regularization now",
        "ts": "1496028069.467800"
    },
    {
        "type": "message",
        "user": "U5JUR607L",
        "text": "Got to go now, its 0:21 here in Brazil good night guys",
        "ts": "1496028101.470860"
    },
    {
        "type": "message",
        "user": "U5HP43Y5R",
        "text": "Ok",
        "ts": "1496028135.473909"
    },
    {
        "type": "message",
        "user": "U5HP43Y5R",
        "text": "important! need to modify standard  net file for 256x256",
        "ts": "1496030129.638145"
    },
    {
        "type": "message",
        "user": "U5HP43Y5R",
        "text": "#self.pool = nn.AvgPool2d(kernel_size=7)\n        #self.pool = nn.AdaptiveAvgPool2d(1) &lt;&lt; use this!",
        "ts": "1496030141.639149"
    },
    {
        "type": "message",
        "user": "U5HP43Y5R",
        "text": "there are some mistakes. i need to model the model file to use 256x256 as in put.\nHence my previous results are really 224x224  (not center crop  but top-left corner crop).\ni will update my results soon\n\n## self.pool = nn.AvgPool2d(kernel_size=7)  &lt;&lt;old code\nself.pool = nn.AdaptiveAvgPool2d(1) &lt;&lt; use this!",
        "ts": "1496030318.654278"
    },
    {
        "type": "message",
        "user": "U5HP43Y5R",
        "text": "Using 8 bit storage ",
        "ts": "1496035729.158242"
    },
    {
        "type": "message",
        "subtype": "file_share",
        "text": "<@U5HP43Y5R|hengcherkeng235> uploaded a file: <https:\/\/share-kaggle-forest.slack.com\/files\/hengcherkeng235\/F5JGDME2U\/image_uploaded_from_ios.jpg|Image uploaded from iOS>",
        "file": {
            "id": "F5JGDME2U",
            "created": 1496035822,
            "timestamp": 1496035822,
            "name": "Image uploaded from iOS.jpg",
            "title": "Image uploaded from iOS",
            "mimetype": "image\/jpeg",
            "filetype": "jpg",
            "pretty_type": "JPEG",
            "user": "U5HP43Y5R",
            "editable": false,
            "size": 7088349,
            "mode": "hosted",
            "is_external": false,
            "external_type": "",
            "is_public": true,
            "public_url_shared": true,
            "display_as_bot": false,
            "username": "",
            "url_private": "https:\/\/files.slack.com\/files-pri\/T5HSQH1A8-F5JGDME2U\/image_uploaded_from_ios.jpg?t=xoxe-187908579348-196951736772-196902393266-9bbe2c757c",
            "url_private_download": "https:\/\/files.slack.com\/files-pri\/T5HSQH1A8-F5JGDME2U\/download\/image_uploaded_from_ios.jpg?t=xoxe-187908579348-196951736772-196902393266-9bbe2c757c",
            "thumb_64": "https:\/\/files.slack.com\/files-tmb\/T5HSQH1A8-F5JGDME2U-abceefd8bc\/image_uploaded_from_ios_64.jpg?t=xoxe-187908579348-196951736772-196902393266-9bbe2c757c",
            "thumb_80": "https:\/\/files.slack.com\/files-tmb\/T5HSQH1A8-F5JGDME2U-abceefd8bc\/image_uploaded_from_ios_80.jpg?t=xoxe-187908579348-196951736772-196902393266-9bbe2c757c",
            "thumb_360": "https:\/\/files.slack.com\/files-tmb\/T5HSQH1A8-F5JGDME2U-abceefd8bc\/image_uploaded_from_ios_360.jpg?t=xoxe-187908579348-196951736772-196902393266-9bbe2c757c",
            "thumb_360_w": 360,
            "thumb_360_h": 270,
            "thumb_480": "https:\/\/files.slack.com\/files-tmb\/T5HSQH1A8-F5JGDME2U-abceefd8bc\/image_uploaded_from_ios_480.jpg?t=xoxe-187908579348-196951736772-196902393266-9bbe2c757c",
            "thumb_480_w": 480,
            "thumb_480_h": 360,
            "thumb_160": "https:\/\/files.slack.com\/files-tmb\/T5HSQH1A8-F5JGDME2U-abceefd8bc\/image_uploaded_from_ios_160.jpg?t=xoxe-187908579348-196951736772-196902393266-9bbe2c757c",
            "thumb_720": "https:\/\/files.slack.com\/files-tmb\/T5HSQH1A8-F5JGDME2U-abceefd8bc\/image_uploaded_from_ios_720.jpg?t=xoxe-187908579348-196951736772-196902393266-9bbe2c757c",
            "thumb_720_w": 720,
            "thumb_720_h": 540,
            "thumb_800": "https:\/\/files.slack.com\/files-tmb\/T5HSQH1A8-F5JGDME2U-abceefd8bc\/image_uploaded_from_ios_800.jpg?t=xoxe-187908579348-196951736772-196902393266-9bbe2c757c",
            "thumb_800_w": 800,
            "thumb_800_h": 600,
            "thumb_960": "https:\/\/files.slack.com\/files-tmb\/T5HSQH1A8-F5JGDME2U-abceefd8bc\/image_uploaded_from_ios_960.jpg?t=xoxe-187908579348-196951736772-196902393266-9bbe2c757c",
            "thumb_960_w": 960,
            "thumb_960_h": 720,
            "thumb_1024": "https:\/\/files.slack.com\/files-tmb\/T5HSQH1A8-F5JGDME2U-abceefd8bc\/image_uploaded_from_ios_1024.jpg?t=xoxe-187908579348-196951736772-196902393266-9bbe2c757c",
            "thumb_1024_w": 1024,
            "thumb_1024_h": 768,
            "image_exif_rotation": 1,
            "original_w": 4032,
            "original_h": 3024,
            "permalink": "https:\/\/share-kaggle-forest.slack.com\/files\/hengcherkeng235\/F5JGDME2U\/image_uploaded_from_ios.jpg",
            "permalink_public": "https:\/\/slack-files.com\/T5HSQH1A8-F5JGDME2U-cd384e05d1",
            "channels": [
                "C5HU2FQJ1"
            ],
            "groups": [],
            "ims": [],
            "comments_count": 0
        },
        "user": "U5HP43Y5R",
        "upload": true,
        "display_as_bot": false,
        "username": "hengcherkeng235",
        "bot_id": null,
        "upload_reply_to": "772A993C-2F24-43E8-98D4-2622CDB20F70",
        "ts": "1496035827.168177"
    }
]