[
    {
        "type": "message",
        "user": "U5N8BFCA1",
        "text": "you seem to have a better grasp on tif's than i right now. any idea on my question?",
        "ts": "1496474625.002561"
    },
    {
        "type": "message",
        "user": "U5HP43Y5R",
        "text": "the problem of tif now is label noise",
        "ts": "1496474664.004088"
    },
    {
        "type": "message",
        "user": "U5HP43Y5R",
        "text": "so there is no conclusion if adding NDVI \/ EVI \/ EVI2 helps or not",
        "ts": "1496474686.004869"
    },
    {
        "type": "message",
        "user": "U5N8BFCA1",
        "text": "are you positive that they are being decoded correctly",
        "ts": "1496474703.005461"
    },
    {
        "type": "message",
        "user": "U5N8BFCA1",
        "text": "<https:\/\/stacks1.wordpress.com\/2017\/02\/01\/tensorflow-machine-learning-no-decoder-for-tiff-images\/>",
        "attachments": [
            {
                "service_name": "Stacks 1",
                "title": "Tensorflow Machine Learning: No Decoder for TIFF Images?",
                "title_link": "https:\/\/stacks1.wordpress.com\/2017\/02\/01\/tensorflow-machine-learning-no-decoder-for-tiff-images\/",
                "text": "I have noticed the Tensorflow Python package provides standard procedures for decoding jpeg, png and gif images after reading files. For instance for png: import tensorflow as tf filename_queue = t…",
                "fallback": "Stacks 1: Tensorflow Machine Learning: No Decoder for TIFF Images?",
                "thumb_url": "https:\/\/s0.wp.com\/i\/blank.jpg",
                "ts": 1485969064,
                "from_url": "https:\/\/stacks1.wordpress.com\/2017\/02\/01\/tensorflow-machine-learning-no-decoder-for-tiff-images\/",
                "thumb_width": 200,
                "thumb_height": 200,
                "service_icon": "https:\/\/s0.wp.com\/i\/webclip.png",
                "id": 1
            }
        ],
        "ts": "1496474704.005511"
    },
    {
        "type": "message",
        "user": "U5HP43Y5R",
        "text": "we can actually use 1x1 conv to combine the channels automatically",
        "ts": "1496474707.005640"
    },
    {
        "type": "message",
        "user": "U5N8BFCA1",
        "text": "i guess pytorch doesn't use tensorflow but just checking",
        "ts": "1496474730.006564"
    },
    {
        "type": "message",
        "user": "U5HP43Y5R",
        "text": "it should perform better than  NDVI \/ EVI \/ EVI2 given sufficient samples",
        "ts": "1496474734.006704"
    },
    {
        "type": "message",
        "user": "U5HP43Y5R",
        "text": "&gt;&gt; get our scale-invariance from convolutions,\nthis is done by combining features from multiscale",
        "ts": "1496474765.008205"
    },
    {
        "type": "message",
        "user": "U5N8BFCA1",
        "text": "that's because 1x1 is as granular as you can get?",
        "ts": "1496474767.008335"
    },
    {
        "type": "message",
        "user": "U5HP43Y5R",
        "text": "dropout is noise injection",
        "ts": "1496474784.008976"
    },
    {
        "type": "message",
        "user": "U5HP43Y5R",
        "text": "not for feature invariance",
        "ts": "1496474791.009252"
    },
    {
        "type": "message",
        "user": "U5HP43Y5R",
        "text": "pooling is for translation invraiant",
        "ts": "1496474805.009950"
    },
    {
        "type": "message",
        "user": "U5HP43Y5R",
        "text": "1x1 conv is pixelwise mlp",
        "ts": "1496474824.010656"
    },
    {
        "type": "message",
        "user": "U5HP43Y5R",
        "text": "for making nonlinear transfer function per pixel",
        "ts": "1496474844.011438"
    },
    {
        "type": "message",
        "user": "U5N8BFCA1",
        "text": "translation in this instance means retaining the same distances, but different r,g,b?",
        "ts": "1496474852.011735"
    },
    {
        "type": "message",
        "user": "U5HP43Y5R",
        "text": "translation means that where ever the object is located in the image, thefinal score will be the same",
        "edited": {
            "user": "U5HP43Y5R",
            "ts": "1496474917.000000"
        },
        "ts": "1496474890.013248"
    },
    {
        "type": "message",
        "user": "U5N8BFCA1",
        "text": "dropout being noise injection makes sense since it helps reduce overfiiting",
        "ts": "1496474893.013466"
    },
    {
        "type": "message",
        "user": "U5N8BFCA1",
        "text": "sorry for the lack of background. what's mlp too?",
        "ts": "1496474990.017399"
    },
    {
        "type": "message",
        "user": "U5HP43Y5R",
        "text": "multi layer percepton",
        "ts": "1496475005.018187"
    },
    {
        "type": "message",
        "user": "U5N8BFCA1",
        "text": "yes, so it is as granular as possible. I'd actually like to prove that that is a limit of an image but that might just be common sense :stuck_out_tongue: perceptron, right?",
        "ts": "1496475108.022673"
    },
    {
        "type": "message",
        "user": "U5N8BFCA1",
        "text": "nevermind, i see that it is",
        "ts": "1496475135.023987"
    },
    {
        "type": "message",
        "user": "U5N8BFCA1",
        "text": "do you think it would be a good idea to pass the jpg and tif through different convolutional layers and then combine them? that way we can probably perform the proper feature extraction",
        "ts": "1496475260.029239"
    },
    {
        "type": "message",
        "user": "U5N8BFCA1",
        "text": "that might be what you were getting at",
        "ts": "1496475275.029813"
    },
    {
        "type": "message",
        "user": "U5N8BFCA1",
        "text": "do you have a good automated way of producing the images in <https:\/\/www.kaggle.com\/c\/planet-understanding-the-amazon-from-space\/discussion\/32953>",
        "ts": "1496476206.068727"
    },
    {
        "type": "message",
        "user": "U5N8BFCA1",
        "text": "?",
        "ts": "1496476209.068835"
    },
    {
        "type": "message",
        "user": "U5N8BFCA1",
        "text": "that would help us iterate quickly. if not, I could probably automate the process",
        "ts": "1496476243.070082"
    },
    {
        "type": "message",
        "user": "U5HP43Y5R",
        "text": "there is some code in the discussion link",
        "ts": "1496476278.071502"
    },
    {
        "type": "message",
        "user": "U5HP43Y5R",
        "text": "that is all i have",
        "ts": "1496476284.071730"
    },
    {
        "type": "message",
        "user": "U5HP43Y5R",
        "text": "you need to undertsand the paper",
        "ts": "1496476411.076755"
    },
    {
        "type": "message",
        "user": "U5HP43Y5R",
        "text": "to extend it to muticlass",
        "ts": "1496476425.077265"
    },
    {
        "type": "message",
        "user": "U5HP43Y5R",
        "text": "not that straight forward",
        "ts": "1496476432.077503"
    },
    {
        "type": "message",
        "user": "U5HP43Y5R",
        "text": "if not, google for CAM or grad-CAM",
        "edited": {
            "user": "U5HP43Y5R",
            "ts": "1496476459.000000"
        },
        "ts": "1496476447.078091"
    },
    {
        "type": "message",
        "user": "U5N8BFCA1",
        "text": "yup ill go over everything and see if I think of something",
        "ts": "1496477453.121670"
    },
    {
        "type": "message",
        "user": "U5N8BFCA1",
        "text": "have you seen?",
        "ts": "1496477458.121890"
    },
    {
        "type": "message",
        "user": "U5N8BFCA1",
        "text": "<http:\/\/www.sciencedirect.com\/science\/article\/pii\/S0169743908000610>",
        "ts": "1496477460.121943"
    },
    {
        "type": "message",
        "user": "U5N8BFCA1",
        "text": "and <http:\/\/www.sciencedirect.com\/science\/article\/pii\/S0016236110006538>",
        "ts": "1496477468.122277"
    },
    {
        "type": "message",
        "user": "U5N8BFCA1",
        "text": "maybe not tif's but they could give some insight on near infrared extraction",
        "ts": "1496477514.124199"
    },
    {
        "type": "message",
        "user": "U5N8BFCA1",
        "text": "feature extraction*",
        "ts": "1496477529.124803"
    },
    {
        "type": "message",
        "user": "U5N8BFCA1",
        "text": "in fact, I believe if we can properly range the frequencies of all the labels on the spectrum (<http:\/\/www.emersonww.com\/FARvsNearInfrared.jpg>), we can better classify",
        "attachments": [
            {
                "fallback": "368x297px image",
                "image_url": "http:\/\/www.emersonww.com\/FARvsNearInfrared.jpg",
                "image_width": 368,
                "image_height": 297,
                "image_bytes": 28985,
                "from_url": "http:\/\/www.emersonww.com\/FARvsNearInfrared.jpg",
                "id": 1
            }
        ],
        "ts": "1496477676.131128"
    },
    {
        "type": "message",
        "user": "U5HP43Y5R",
        "text": "<https:\/\/github.com\/Jiaming-Liu\/pytorch-lr-scheduler>",
        "attachments": [
            {
                "service_name": "GitHub",
                "title": "Jiaming-Liu\/pytorch-lr-scheduler",
                "title_link": "https:\/\/github.com\/Jiaming-Liu\/pytorch-lr-scheduler",
                "text": "pytorch-lr-scheduler - Bring some LR schedulers from Keras to PyTorch.",
                "fallback": "GitHub: Jiaming-Liu\/pytorch-lr-scheduler",
                "from_url": "https:\/\/github.com\/Jiaming-Liu\/pytorch-lr-scheduler",
                "thumb_url": "https:\/\/avatars0.githubusercontent.com\/u\/16099575?v=3&s=400",
                "thumb_width": 250,
                "thumb_height": 250,
                "service_icon": "https:\/\/a.slack-edge.com\/bfaba\/img\/unfurl_icons\/github.png",
                "id": 1
            }
        ],
        "ts": "1496484605.417306"
    },
    {
        "type": "message",
        "user": "U5L4Y93HC",
        "text": "btw: I am currently trying out Pytorch, so thanks <@U5HP43Y5R>",
        "ts": "1496484706.421075"
    },
    {
        "type": "message",
        "user": "U5HP43Y5R",
        "text": "tif results -  version.1",
        "ts": "1496502568.252703"
    },
    {
        "type": "message",
        "subtype": "file_share",
        "text": "<@U5HP43Y5R|hengcherkeng235> uploaded a file: <https:\/\/share-kaggle-forest.slack.com\/files\/hengcherkeng235\/F5MLXR8BB\/presentation3.pptx|Presentation3.pptx>",
        "file": {
            "id": "F5MLXR8BB",
            "created": 1496502581,
            "timestamp": 1496502581,
            "name": "Presentation3.pptx",
            "title": "Presentation3.pptx",
            "mimetype": "application\/vnd.openxmlformats-officedocument.presentationml.presentation",
            "filetype": "pptx",
            "pretty_type": "PowerPoint Presentation",
            "user": "U5HP43Y5R",
            "editable": false,
            "size": 2728964,
            "mode": "hosted",
            "is_external": false,
            "external_type": "",
            "is_public": true,
            "public_url_shared": false,
            "display_as_bot": false,
            "username": "",
            "url_private": "https:\/\/files.slack.com\/files-pri\/T5HSQH1A8-F5MLXR8BB\/presentation3.pptx?t=xoxe-187908579348-196951736772-196902393266-9bbe2c757c",
            "url_private_download": "https:\/\/files.slack.com\/files-pri\/T5HSQH1A8-F5MLXR8BB\/download\/presentation3.pptx?t=xoxe-187908579348-196951736772-196902393266-9bbe2c757c",
            "permalink": "https:\/\/share-kaggle-forest.slack.com\/files\/hengcherkeng235\/F5MLXR8BB\/presentation3.pptx",
            "permalink_public": "https:\/\/slack-files.com\/T5HSQH1A8-F5MLXR8BB-b18b0ef673",
            "channels": [
                "C5HU2FQJ1"
            ],
            "groups": [],
            "ims": [],
            "comments_count": 0
        },
        "user": "U5HP43Y5R",
        "upload": true,
        "display_as_bot": false,
        "username": "hengcherkeng235",
        "bot_id": null,
        "ts": "1496502582.253542"
    },
    {
        "type": "message",
        "user": "U5N8BFCA1",
        "text": "&gt; do you think it would be a good idea to pass the jpg and tif through different convolutional layers and then combine them? that way we can probably perform the proper feature extraction",
        "ts": "1496506507.491990"
    },
    {
        "type": "message",
        "user": "U5N8BFCA1",
        "text": "wow, you're always several steps ahead of me :stuck_out_tongue:",
        "ts": "1496506511.492201"
    },
    {
        "type": "message",
        "user": "U5N8BFCA1",
        "text": "sorry for my ignorance (not looking through\/thinking of FuseNet before asking)",
        "ts": "1496506537.493871"
    },
    {
        "type": "message",
        "user": "U5N8BFCA1",
        "text": "wow they seem very similar to vggnet",
        "ts": "1496506580.496711"
    },
    {
        "type": "message",
        "user": "U5N8BFCA1",
        "text": "tifnet and jpgnet",
        "ts": "1496506587.497100"
    },
    {
        "type": "message",
        "user": "U5N8BFCA1",
        "text": "also, for some reason my gpu util goes to 0% after ~9.6 epochs and doesn't recover when the image size is 256 on resnet34",
        "ts": "1496506710.504889"
    },
    {
        "type": "message",
        "user": "U5N8BFCA1",
        "text": "I may post about it in the competition discussion if i dont resolve it soon",
        "ts": "1496506742.507013"
    },
    {
        "type": "message",
        "user": "U5N8BFCA1",
        "text": "size of 128 on resnet34 seems to run fine on my gtx 1080",
        "ts": "1496506990.522467"
    },
    {
        "type": "message",
        "user": "U5N8BFCA1",
        "text": "<@U5KM798UF> did something like this happen to you?",
        "ts": "1496507041.525437"
    },
    {
        "type": "message",
        "user": "U5N8BFCA1",
        "text": "i think that problem is due to pytorch's workers since i see 4 processes spawned (and not ended) when i raise the size to 256",
        "ts": "1496537274.111013"
    },
    {
        "type": "message",
        "user": "U5N8BFCA1",
        "text": "it is working fine right now with 250",
        "ts": "1496537284.111414"
    },
    {
        "type": "message",
        "user": "U5N8BFCA1",
        "text": "im searching for the bug and if i dont find it, ill post on pytorch's github and kaggle",
        "ts": "1496537321.112856"
    },
    {
        "type": "message",
        "user": "U5HP43Y5R",
        "text": "For fast experiments we use simple net",
        "ts": "1496539075.187863"
    },
    {
        "type": "message",
        "user": "U5HP43Y5R",
        "text": "The gain should be the same for more complicated nets",
        "ts": "1496539094.188711"
    },
    {
        "type": "message",
        "user": "U5N8BFCA1",
        "text": "sorry, what do you mean by gain? not information gain, right?",
        "ts": "1496540145.232010"
    },
    {
        "type": "message",
        "user": "U5N8BFCA1",
        "text": "also, do you guys use windows or linux?",
        "ts": "1496540200.234363"
    },
    {
        "type": "message",
        "user": "U5HP43Y5R",
        "text": "perforamce gain",
        "ts": "1496541252.276883"
    },
    {
        "type": "message",
        "user": "U5N8BFCA1",
        "text": "you mean resnet v inception as opposed to resnet v simplenet?",
        "ts": "1496541968.307096"
    },
    {
        "type": "message",
        "subtype": "file_share",
        "text": "<@U5N8BFCA1|cpruce> uploaded a file: <https:\/\/share-kaggle-forest.slack.com\/files\/cpruce\/F5MP8S0AD\/screen_shot_2017-06-03_at_7.15.55_pm.png|Screen Shot 2017-06-03 at 7.15.55 PM.png>",
        "file": {
            "id": "F5MP8S0AD",
            "created": 1496544799,
            "timestamp": 1496544799,
            "name": "Screen Shot 2017-06-03 at 7.15.55 PM.png",
            "title": "Screen Shot 2017-06-03 at 7.15.55 PM.png",
            "mimetype": "image\/png",
            "filetype": "png",
            "pretty_type": "PNG",
            "user": "U5N8BFCA1",
            "editable": false,
            "size": 153436,
            "mode": "hosted",
            "is_external": false,
            "external_type": "",
            "is_public": true,
            "public_url_shared": false,
            "display_as_bot": false,
            "username": "",
            "url_private": "https:\/\/files.slack.com\/files-pri\/T5HSQH1A8-F5MP8S0AD\/screen_shot_2017-06-03_at_7.15.55_pm.png?t=xoxe-187908579348-196951736772-196902393266-9bbe2c757c",
            "url_private_download": "https:\/\/files.slack.com\/files-pri\/T5HSQH1A8-F5MP8S0AD\/download\/screen_shot_2017-06-03_at_7.15.55_pm.png?t=xoxe-187908579348-196951736772-196902393266-9bbe2c757c",
            "thumb_64": "https:\/\/files.slack.com\/files-tmb\/T5HSQH1A8-F5MP8S0AD-a9a434f291\/screen_shot_2017-06-03_at_7.15.55_pm_64.png?t=xoxe-187908579348-196951736772-196902393266-9bbe2c757c",
            "thumb_80": "https:\/\/files.slack.com\/files-tmb\/T5HSQH1A8-F5MP8S0AD-a9a434f291\/screen_shot_2017-06-03_at_7.15.55_pm_80.png?t=xoxe-187908579348-196951736772-196902393266-9bbe2c757c",
            "thumb_360": "https:\/\/files.slack.com\/files-tmb\/T5HSQH1A8-F5MP8S0AD-a9a434f291\/screen_shot_2017-06-03_at_7.15.55_pm_360.png?t=xoxe-187908579348-196951736772-196902393266-9bbe2c757c",
            "thumb_360_w": 360,
            "thumb_360_h": 157,
            "thumb_480": "https:\/\/files.slack.com\/files-tmb\/T5HSQH1A8-F5MP8S0AD-a9a434f291\/screen_shot_2017-06-03_at_7.15.55_pm_480.png?t=xoxe-187908579348-196951736772-196902393266-9bbe2c757c",
            "thumb_480_w": 480,
            "thumb_480_h": 209,
            "thumb_160": "https:\/\/files.slack.com\/files-tmb\/T5HSQH1A8-F5MP8S0AD-a9a434f291\/screen_shot_2017-06-03_at_7.15.55_pm_160.png?t=xoxe-187908579348-196951736772-196902393266-9bbe2c757c",
            "thumb_720": "https:\/\/files.slack.com\/files-tmb\/T5HSQH1A8-F5MP8S0AD-a9a434f291\/screen_shot_2017-06-03_at_7.15.55_pm_720.png?t=xoxe-187908579348-196951736772-196902393266-9bbe2c757c",
            "thumb_720_w": 720,
            "thumb_720_h": 314,
            "thumb_800": "https:\/\/files.slack.com\/files-tmb\/T5HSQH1A8-F5MP8S0AD-a9a434f291\/screen_shot_2017-06-03_at_7.15.55_pm_800.png?t=xoxe-187908579348-196951736772-196902393266-9bbe2c757c",
            "thumb_800_w": 800,
            "thumb_800_h": 349,
            "thumb_960": "https:\/\/files.slack.com\/files-tmb\/T5HSQH1A8-F5MP8S0AD-a9a434f291\/screen_shot_2017-06-03_at_7.15.55_pm_960.png?t=xoxe-187908579348-196951736772-196902393266-9bbe2c757c",
            "thumb_960_w": 960,
            "thumb_960_h": 419,
            "thumb_1024": "https:\/\/files.slack.com\/files-tmb\/T5HSQH1A8-F5MP8S0AD-a9a434f291\/screen_shot_2017-06-03_at_7.15.55_pm_1024.png?t=xoxe-187908579348-196951736772-196902393266-9bbe2c757c",
            "thumb_1024_w": 1024,
            "thumb_1024_h": 447,
            "image_exif_rotation": 1,
            "original_w": 1412,
            "original_h": 616,
            "permalink": "https:\/\/share-kaggle-forest.slack.com\/files\/cpruce\/F5MP8S0AD\/screen_shot_2017-06-03_at_7.15.55_pm.png",
            "permalink_public": "https:\/\/slack-files.com\/T5HSQH1A8-F5MP8S0AD-17e302c43b",
            "channels": [
                "C5HU2FQJ1"
            ],
            "groups": [],
            "ims": [],
            "comments_count": 0
        },
        "user": "U5N8BFCA1",
        "upload": true,
        "display_as_bot": false,
        "username": "cpruce",
        "bot_id": null,
        "ts": "1496544803.414715"
    },
    {
        "type": "message",
        "user": "U5N8BFCA1",
        "text": "It seems im running out of gpu memory when loading all the test images at 240+. i should right a generator for this, right?",
        "ts": "1496544885.417496"
    },
    {
        "type": "message",
        "user": "U5N8BFCA1",
        "text": "im not sure if i can just substitute a numpy array with a generator",
        "ts": "1496545599.445923"
    },
    {
        "type": "message",
        "user": "U5N8BFCA1",
        "text": "oh wow, since the 'images = np.zeros(..., np.float32)' uses 4 bytes at least per entry, this means that the memory usage is 61191*200*200*4 if i use image size of 200?",
        "ts": "1496546113.466072"
    },
    {
        "type": "message",
        "user": "U5N8BFCA1",
        "text": "also, I think just switching to cpu would resolve this, right?",
        "ts": "1496546130.466660"
    },
    {
        "type": "message",
        "user": "U5N8BFCA1",
        "text": "since i have a lot more ram there",
        "ts": "1496546953.496150"
    },
    {
        "type": "message",
        "user": "U5N8BFCA1",
        "text": "anyone have advice on this?",
        "ts": "1496548247.542596"
    },
    {
        "user": "U5NATMXBL",
        "text": "<@U5NATMXBL|gene> has joined the channel",
        "type": "message",
        "subtype": "channel_join",
        "ts": "1496552906.717760"
    }
]