[
    {
        "user": "U5HP43Y5R",
        "text": "<@U5HP43Y5R|hengcherkeng235> has joined the channel",
        "type": "message",
        "subtype": "channel_join",
        "ts": "1496419083.904770"
    },
    {
        "user": "U5HP43Y5R",
        "purpose": "discuss new loss function (e.g. ranking loss). how to exploit label correlation? Hierarchical classification?",
        "text": "<@U5HP43Y5R|hengcherkeng235> set the channel purpose: discuss new loss function (e.g. ranking loss). how to exploit label correlation? Hierarchical classification?",
        "type": "message",
        "subtype": "channel_purpose",
        "ts": "1496419084.905175"
    },
    {
        "user": "U5HP43Y5R",
        "old_name": "multilabel_and_loss",
        "name": "3_multilabel_and_loss",
        "text": "<@U5HP43Y5R|hengcherkeng235> has renamed the channel from \"multilabel_and_loss\" to \"3_multilabel_and_loss\"",
        "type": "message",
        "subtype": "channel_name",
        "ts": "1496419240.965660"
    },
    {
        "user": "U5HP43Y5R",
        "purpose": "discuss new loss function (e.g. ranking loss). how to exploit label correlation? Hierarchical classification? add additional supervisory signal like attention net, sgementation net ...",
        "text": "<@U5HP43Y5R|hengcherkeng235> set the channel purpose: discuss new loss function (e.g. ranking loss). how to exploit label correlation? Hierarchical classification? add additional supervisory signal like attention net, sgementation net ...",
        "type": "message",
        "subtype": "channel_purpose",
        "ts": "1496472126.929549"
    }
]