[
    {
        "id": "C5NN71KNK",
        "name": "1_standard_model",
        "created": "1496418891",
        "creator": "U5HP43Y5R",
        "is_archived": false,
        "is_general": false,
        "members": [
            "U5HP43Y5R",
            "U5SSJDYAK"
        ],
        "topic": {
            "value": "",
            "creator": "",
            "last_set": "0"
        },
        "purpose": {
            "value": "discuss trainining of standard models like resnet, densenet, inception, etc ...",
            "creator": "U5HP43Y5R",
            "last_set": "1496418892"
        }
    },
    {
        "id": "C5NN7MC3Z",
        "name": "2_using_tif",
        "created": "1496418950",
        "creator": "U5HP43Y5R",
        "is_archived": false,
        "is_general": false,
        "members": [
            "U5HP43Y5R",
            "U5SSJDYAK"
        ],
        "topic": {
            "value": "",
            "creator": "",
            "last_set": "0"
        },
        "purpose": {
            "value": "discuss how to use tif and jpg. how to use nir or vegetation index, etc",
            "creator": "U5HP43Y5R",
            "last_set": "1496418951"
        }
    },
    {
        "id": "C5M7TQAGY",
        "name": "3_multilabel_and_loss",
        "created": "1496419083",
        "creator": "U5HP43Y5R",
        "is_archived": false,
        "is_general": false,
        "members": [
            "U5HP43Y5R",
            "U5SJA7PNF"
        ],
        "topic": {
            "value": "",
            "creator": "",
            "last_set": "0"
        },
        "purpose": {
            "value": "discuss new loss function (e.g. ranking loss). how to exploit label correlation? Hierarchical classification? add additional supervisory signal like attention net, sgementation net ...",
            "creator": "U5HP43Y5R",
            "last_set": "1496472127"
        }
    },
    {
        "id": "C5M7WFH08",
        "name": "4_tricks",
        "created": "1496419289",
        "creator": "U5HP43Y5R",
        "is_archived": false,
        "is_general": false,
        "members": [
            "U5HP43Y5R"
        ],
        "topic": {
            "value": "",
            "creator": "",
            "last_set": "0"
        },
        "purpose": {
            "value": "",
            "creator": "",
            "last_set": "0"
        }
    },
    {
        "id": "C5HU2FQJ1",
        "name": "general",
        "created": "1495706656",
        "creator": "U5HP43Y5R",
        "is_archived": false,
        "is_general": true,
        "members": [
            "U5HP43Y5R",
            "U5JUR607L",
            "U5KFMBURH",
            "U5KM798UF",
            "U5KNT5PFF",
            "U5L4Y93HC",
            "U5LAKPQ4W",
            "U5LDG28HL",
            "U5LKQGS1K",
            "U5LQ9NQ03",
            "U5M5E9DHN",
            "U5MP47F3J",
            "U5N8BFCA1",
            "U5N9TCXEX",
            "U5NATMXBL",
            "U5NESBT08",
            "U5NEXJUQG",
            "U5NHFE27Q",
            "U5P87HLPP",
            "U5Q5Q8L7M",
            "U5Q81D231",
            "U5QE702DQ",
            "U5QN9E88L",
            "U5R88SJT0",
            "U5RC4GSBA",
            "U5RG0AXEJ",
            "U5RT67YVA",
            "U5S0JDE3W",
            "U5SGLMMHT",
            "U5SJA7PNF",
            "U5SSJDYAK",
            "U5ST4D6DV"
        ],
        "topic": {
            "value": "Company-wide announcements and work-based matters",
            "creator": "",
            "last_set": "0"
        },
        "purpose": {
            "value": "This channel is for team-wide communication and announcements. All team members are in this channel.",
            "creator": "",
            "last_set": "0"
        }
    },
    {
        "id": "C5HR9CR98",
        "name": "random",
        "created": "1495706656",
        "creator": "U5HP43Y5R",
        "is_archived": false,
        "is_general": false,
        "members": [
            "U5HP43Y5R",
            "U5JUR607L",
            "U5KFMBURH",
            "U5KM798UF",
            "U5KNT5PFF",
            "U5L4Y93HC",
            "U5LAKPQ4W",
            "U5LDG28HL",
            "U5LKQGS1K",
            "U5LQ9NQ03",
            "U5M5E9DHN",
            "U5MP47F3J",
            "U5N8BFCA1",
            "U5N9TCXEX",
            "U5NATMXBL",
            "U5NESBT08",
            "U5NEXJUQG",
            "U5NHFE27Q",
            "U5P87HLPP",
            "U5Q5Q8L7M",
            "U5Q81D231",
            "U5QE702DQ",
            "U5QN9E88L",
            "U5R88SJT0",
            "U5RC4GSBA",
            "U5RG0AXEJ",
            "U5RT67YVA",
            "U5S0JDE3W",
            "U5SGLMMHT",
            "U5SJA7PNF",
            "U5SSJDYAK",
            "U5ST4D6DV"
        ],
        "topic": {
            "value": "Non-work banter and water cooler conversation",
            "creator": "",
            "last_set": "0"
        },
        "purpose": {
            "value": "A place for non-work-related flimflam, faffing, hodge-podge or jibber-jabber you'd prefer to keep out of more focused work-related channels.",
            "creator": "",
            "last_set": "0"
        }
    },
    {
        "id": "C5HAP6S3S",
        "name": "tasks",
        "created": "1495726831",
        "creator": "U5HP43Y5R",
        "is_archived": false,
        "is_general": false,
        "members": [
            "U5HP43Y5R"
        ],
        "topic": {
            "value": "",
            "creator": "",
            "last_set": "0"
        },
        "purpose": {
            "value": "",
            "creator": "",
            "last_set": "0"
        }
    }
]