[
    {
        "id": "U5SSJDYAK",
        "team_id": "T5HSQH1A8",
        "name": "andrewlamb",
        "deleted": false,
        "color": "d55aef",
        "real_name": "Andrew Lamb",
        "tz": "America\/Denver",
        "tz_label": "Mountain Daylight Time",
        "tz_offset": -21600,
        "profile": {
            "first_name": "Andrew",
            "last_name": "Lamb",
            "avatar_hash": "g98d8081f0ad",
            "title": "",
            "real_name": "Andrew Lamb",
            "real_name_normalized": "Andrew Lamb",
            "image_24": "https:\/\/secure.gravatar.com\/avatar\/98d8081f0ad3d062f8bd4d7f19e41d70.jpg?s=24&d=https%3A%2F%2Fa.slack-edge.com%2F66f9%2Fimg%2Favatars%2Fava_0023-24.png",
            "image_32": "https:\/\/secure.gravatar.com\/avatar\/98d8081f0ad3d062f8bd4d7f19e41d70.jpg?s=32&d=https%3A%2F%2Fa.slack-edge.com%2F66f9%2Fimg%2Favatars%2Fava_0023-32.png",
            "image_48": "https:\/\/secure.gravatar.com\/avatar\/98d8081f0ad3d062f8bd4d7f19e41d70.jpg?s=48&d=https%3A%2F%2Fa.slack-edge.com%2F66f9%2Fimg%2Favatars%2Fava_0023-48.png",
            "image_72": "https:\/\/secure.gravatar.com\/avatar\/98d8081f0ad3d062f8bd4d7f19e41d70.jpg?s=72&d=https%3A%2F%2Fa.slack-edge.com%2F3654%2Fimg%2Favatars%2Fava_0023-72.png",
            "image_192": "https:\/\/secure.gravatar.com\/avatar\/98d8081f0ad3d062f8bd4d7f19e41d70.jpg?s=192&d=https%3A%2F%2Fa.slack-edge.com%2F7fa9%2Fimg%2Favatars%2Fava_0023-192.png",
            "image_512": "https:\/\/secure.gravatar.com\/avatar\/98d8081f0ad3d062f8bd4d7f19e41d70.jpg?s=512&d=https%3A%2F%2Fa.slack-edge.com%2F7fa9%2Fimg%2Favatars%2Fava_0023-512.png",
            "fields": null
        },
        "is_admin": false,
        "is_owner": false,
        "is_primary_owner": false,
        "is_restricted": false,
        "is_ultra_restricted": false,
        "is_bot": false,
        "updated": 1497239119
    },
    {
        "id": "U5Q5Q8L7M",
        "team_id": "T5HSQH1A8",
        "name": "apoorv",
        "deleted": false,
        "color": "53b759",
        "real_name": "Apoorv Chaudhary",
        "tz": "America\/Los_Angeles",
        "tz_label": "Pacific Daylight Time",
        "tz_offset": -25200,
        "profile": {
            "first_name": "Apoorv",
            "last_name": "Chaudhary",
            "avatar_hash": "g196c76226aa",
            "title": "",
            "real_name": "Apoorv Chaudhary",
            "real_name_normalized": "Apoorv Chaudhary",
            "image_24": "https:\/\/secure.gravatar.com\/avatar\/196c76226aa7610c33ff6bd64a261417.jpg?s=24&d=https%3A%2F%2Fa.slack-edge.com%2F66f9%2Fimg%2Favatars%2Fava_0011-24.png",
            "image_32": "https:\/\/secure.gravatar.com\/avatar\/196c76226aa7610c33ff6bd64a261417.jpg?s=32&d=https%3A%2F%2Fa.slack-edge.com%2F66f9%2Fimg%2Favatars%2Fava_0011-32.png",
            "image_48": "https:\/\/secure.gravatar.com\/avatar\/196c76226aa7610c33ff6bd64a261417.jpg?s=48&d=https%3A%2F%2Fa.slack-edge.com%2F66f9%2Fimg%2Favatars%2Fava_0011-48.png",
            "image_72": "https:\/\/secure.gravatar.com\/avatar\/196c76226aa7610c33ff6bd64a261417.jpg?s=72&d=https%3A%2F%2Fa.slack-edge.com%2F3654%2Fimg%2Favatars%2Fava_0011-72.png",
            "image_192": "https:\/\/secure.gravatar.com\/avatar\/196c76226aa7610c33ff6bd64a261417.jpg?s=192&d=https%3A%2F%2Fa.slack-edge.com%2F7fa9%2Fimg%2Favatars%2Fava_0011-192.png",
            "image_512": "https:\/\/secure.gravatar.com\/avatar\/196c76226aa7610c33ff6bd64a261417.jpg?s=512&d=https%3A%2F%2Fa.slack-edge.com%2F7fa9%2Fimg%2Favatars%2Fava_0011-512.png",
            "fields": null
        },
        "is_admin": false,
        "is_owner": false,
        "is_primary_owner": false,
        "is_restricted": false,
        "is_ultra_restricted": false,
        "is_bot": false,
        "updated": 1496860573
    },
    {
        "id": "U5P87HLPP",
        "team_id": "T5HSQH1A8",
        "name": "can_ozbek",
        "deleted": false,
        "color": "235e5b",
        "real_name": "Can Ozbek",
        "tz": "America\/Los_Angeles",
        "tz_label": "Pacific Daylight Time",
        "tz_offset": -25200,
        "profile": {
            "first_name": "Can",
            "last_name": "Ozbek",
            "avatar_hash": "g1019774080b",
            "title": "",
            "real_name": "Can Ozbek",
            "real_name_normalized": "Can Ozbek",
            "image_24": "https:\/\/secure.gravatar.com\/avatar\/1019774080b758cefabd603f7458ed4d.jpg?s=24&d=https%3A%2F%2Fa.slack-edge.com%2F66f9%2Fimg%2Favatars%2Fava_0026-24.png",
            "image_32": "https:\/\/secure.gravatar.com\/avatar\/1019774080b758cefabd603f7458ed4d.jpg?s=32&d=https%3A%2F%2Fa.slack-edge.com%2F0180%2Fimg%2Favatars%2Fava_0026-32.png",
            "image_48": "https:\/\/secure.gravatar.com\/avatar\/1019774080b758cefabd603f7458ed4d.jpg?s=48&d=https%3A%2F%2Fa.slack-edge.com%2F272a%2Fimg%2Favatars%2Fava_0026-48.png",
            "image_72": "https:\/\/secure.gravatar.com\/avatar\/1019774080b758cefabd603f7458ed4d.jpg?s=72&d=https%3A%2F%2Fa.slack-edge.com%2F66f9%2Fimg%2Favatars%2Fava_0026-72.png",
            "image_192": "https:\/\/secure.gravatar.com\/avatar\/1019774080b758cefabd603f7458ed4d.jpg?s=192&d=https%3A%2F%2Fa.slack-edge.com%2F7fa9%2Fimg%2Favatars%2Fava_0026-192.png",
            "image_512": "https:\/\/secure.gravatar.com\/avatar\/1019774080b758cefabd603f7458ed4d.jpg?s=512&d=https%3A%2F%2Fa.slack-edge.com%2F7fa9%2Fimg%2Favatars%2Fava_0026-512.png",
            "fields": null
        },
        "is_admin": false,
        "is_owner": false,
        "is_primary_owner": false,
        "is_restricted": false,
        "is_ultra_restricted": false,
        "is_bot": false,
        "updated": 1496731694
    },
    {
        "id": "U5R88SJT0",
        "team_id": "T5HSQH1A8",
        "name": "clarkchong",
        "deleted": false,
        "color": "c386df",
        "real_name": "Fan Fei Chong",
        "tz": "America\/New_York",
        "tz_label": "Eastern Daylight Time",
        "tz_offset": -14400,
        "profile": {
            "first_name": "Fan Fei",
            "last_name": "Chong",
            "avatar_hash": "gbca0a1102da",
            "title": "",
            "real_name": "Fan Fei Chong",
            "real_name_normalized": "Fan Fei Chong",
            "image_24": "https:\/\/secure.gravatar.com\/avatar\/bca0a1102dab9b88c316ff0f9bd21045.jpg?s=24&d=https%3A%2F%2Fa.slack-edge.com%2F66f9%2Fimg%2Favatars%2Fava_0011-24.png",
            "image_32": "https:\/\/secure.gravatar.com\/avatar\/bca0a1102dab9b88c316ff0f9bd21045.jpg?s=32&d=https%3A%2F%2Fa.slack-edge.com%2F66f9%2Fimg%2Favatars%2Fava_0011-32.png",
            "image_48": "https:\/\/secure.gravatar.com\/avatar\/bca0a1102dab9b88c316ff0f9bd21045.jpg?s=48&d=https%3A%2F%2Fa.slack-edge.com%2F66f9%2Fimg%2Favatars%2Fava_0011-48.png",
            "image_72": "https:\/\/secure.gravatar.com\/avatar\/bca0a1102dab9b88c316ff0f9bd21045.jpg?s=72&d=https%3A%2F%2Fa.slack-edge.com%2F3654%2Fimg%2Favatars%2Fava_0011-72.png",
            "image_192": "https:\/\/secure.gravatar.com\/avatar\/bca0a1102dab9b88c316ff0f9bd21045.jpg?s=192&d=https%3A%2F%2Fa.slack-edge.com%2F7fa9%2Fimg%2Favatars%2Fava_0011-192.png",
            "image_512": "https:\/\/secure.gravatar.com\/avatar\/bca0a1102dab9b88c316ff0f9bd21045.jpg?s=512&d=https%3A%2F%2Fa.slack-edge.com%2F7fa9%2Fimg%2Favatars%2Fava_0011-512.png",
            "fields": null
        },
        "is_admin": false,
        "is_owner": false,
        "is_primary_owner": false,
        "is_restricted": false,
        "is_ultra_restricted": false,
        "is_bot": false,
        "updated": 1496887891
    },
    {
        "id": "U5N8BFCA1",
        "team_id": "T5HSQH1A8",
        "name": "cpruce",
        "deleted": false,
        "color": "4cc091",
        "real_name": "Cory Pruce",
        "tz": "America\/Los_Angeles",
        "tz_label": "Pacific Daylight Time",
        "tz_offset": -25200,
        "profile": {
            "first_name": "Cory",
            "last_name": "Pruce",
            "avatar_hash": "g5f3d6a2e01f",
            "title": "",
            "real_name": "Cory Pruce",
            "real_name_normalized": "Cory Pruce",
            "image_24": "https:\/\/secure.gravatar.com\/avatar\/5f3d6a2e01f399cf78f45d26110af12f.jpg?s=24&d=https%3A%2F%2Fa.slack-edge.com%2F66f9%2Fimg%2Favatars%2Fava_0026-24.png",
            "image_32": "https:\/\/secure.gravatar.com\/avatar\/5f3d6a2e01f399cf78f45d26110af12f.jpg?s=32&d=https%3A%2F%2Fa.slack-edge.com%2F0180%2Fimg%2Favatars%2Fava_0026-32.png",
            "image_48": "https:\/\/secure.gravatar.com\/avatar\/5f3d6a2e01f399cf78f45d26110af12f.jpg?s=48&d=https%3A%2F%2Fa.slack-edge.com%2F272a%2Fimg%2Favatars%2Fava_0026-48.png",
            "image_72": "https:\/\/secure.gravatar.com\/avatar\/5f3d6a2e01f399cf78f45d26110af12f.jpg?s=72&d=https%3A%2F%2Fa.slack-edge.com%2F66f9%2Fimg%2Favatars%2Fava_0026-72.png",
            "image_192": "https:\/\/secure.gravatar.com\/avatar\/5f3d6a2e01f399cf78f45d26110af12f.jpg?s=192&d=https%3A%2F%2Fa.slack-edge.com%2F7fa9%2Fimg%2Favatars%2Fava_0026-192.png",
            "image_512": "https:\/\/secure.gravatar.com\/avatar\/5f3d6a2e01f399cf78f45d26110af12f.jpg?s=512&d=https%3A%2F%2Fa.slack-edge.com%2F7fa9%2Fimg%2Favatars%2Fava_0026-512.png",
            "fields": null
        },
        "is_admin": false,
        "is_owner": false,
        "is_primary_owner": false,
        "is_restricted": false,
        "is_ultra_restricted": false,
        "is_bot": false,
        "updated": 1496452984
    },
    {
        "id": "U5RT67YVA",
        "team_id": "T5HSQH1A8",
        "name": "cygn",
        "deleted": false,
        "color": "ea2977",
        "real_name": "Thomas Cygn",
        "tz": "Europe\/Amsterdam",
        "tz_label": "Central European Summer Time",
        "tz_offset": 7200,
        "profile": {
            "first_name": "Thomas",
            "last_name": "Cygn",
            "avatar_hash": "gb3b99dda8fd",
            "title": "",
            "real_name": "Thomas Cygn",
            "real_name_normalized": "Thomas Cygn",
            "image_24": "https:\/\/secure.gravatar.com\/avatar\/b3b99dda8fd582082538efe046bd3d80.jpg?s=24&d=https%3A%2F%2Fa.slack-edge.com%2F66f9%2Fimg%2Favatars%2Fava_0024-24.png",
            "image_32": "https:\/\/secure.gravatar.com\/avatar\/b3b99dda8fd582082538efe046bd3d80.jpg?s=32&d=https%3A%2F%2Fa.slack-edge.com%2F66f9%2Fimg%2Favatars%2Fava_0024-32.png",
            "image_48": "https:\/\/secure.gravatar.com\/avatar\/b3b99dda8fd582082538efe046bd3d80.jpg?s=48&d=https%3A%2F%2Fa.slack-edge.com%2F66f9%2Fimg%2Favatars%2Fava_0024-48.png",
            "image_72": "https:\/\/secure.gravatar.com\/avatar\/b3b99dda8fd582082538efe046bd3d80.jpg?s=72&d=https%3A%2F%2Fa.slack-edge.com%2F66f9%2Fimg%2Favatars%2Fava_0024-72.png",
            "image_192": "https:\/\/secure.gravatar.com\/avatar\/b3b99dda8fd582082538efe046bd3d80.jpg?s=192&d=https%3A%2F%2Fa.slack-edge.com%2F7fa9%2Fimg%2Favatars%2Fava_0024-192.png",
            "image_512": "https:\/\/secure.gravatar.com\/avatar\/b3b99dda8fd582082538efe046bd3d80.jpg?s=512&d=https%3A%2F%2Fa.slack-edge.com%2F7fa9%2Fimg%2Favatars%2Fava_0024-512.png",
            "fields": null
        },
        "is_admin": false,
        "is_owner": false,
        "is_primary_owner": false,
        "is_restricted": false,
        "is_ultra_restricted": false,
        "is_bot": false,
        "updated": 1497129349
    },
    {
        "id": "U5LDG28HL",
        "team_id": "T5HSQH1A8",
        "name": "donasaur",
        "deleted": false,
        "color": "e0a729",
        "real_name": "Don Mai",
        "tz": "America\/Los_Angeles",
        "tz_label": "Pacific Daylight Time",
        "tz_offset": -25200,
        "profile": {
            "first_name": "Don",
            "last_name": "Mai",
            "avatar_hash": "g967ae8c97d6",
            "title": "",
            "real_name": "Don Mai",
            "real_name_normalized": "Don Mai",
            "image_24": "https:\/\/secure.gravatar.com\/avatar\/967ae8c97d69cd95ee8b724ea0b44068.jpg?s=24&d=https%3A%2F%2Fa.slack-edge.com%2F66f9%2Fimg%2Favatars%2Fava_0026-24.png",
            "image_32": "https:\/\/secure.gravatar.com\/avatar\/967ae8c97d69cd95ee8b724ea0b44068.jpg?s=32&d=https%3A%2F%2Fa.slack-edge.com%2F0180%2Fimg%2Favatars%2Fava_0026-32.png",
            "image_48": "https:\/\/secure.gravatar.com\/avatar\/967ae8c97d69cd95ee8b724ea0b44068.jpg?s=48&d=https%3A%2F%2Fa.slack-edge.com%2F272a%2Fimg%2Favatars%2Fava_0026-48.png",
            "image_72": "https:\/\/secure.gravatar.com\/avatar\/967ae8c97d69cd95ee8b724ea0b44068.jpg?s=72&d=https%3A%2F%2Fa.slack-edge.com%2F66f9%2Fimg%2Favatars%2Fava_0026-72.png",
            "image_192": "https:\/\/secure.gravatar.com\/avatar\/967ae8c97d69cd95ee8b724ea0b44068.jpg?s=192&d=https%3A%2F%2Fa.slack-edge.com%2F7fa9%2Fimg%2Favatars%2Fava_0026-192.png",
            "image_512": "https:\/\/secure.gravatar.com\/avatar\/967ae8c97d69cd95ee8b724ea0b44068.jpg?s=512&d=https%3A%2F%2Fa.slack-edge.com%2F7fa9%2Fimg%2Favatars%2Fava_0026-512.png",
            "fields": null
        },
        "is_admin": false,
        "is_owner": false,
        "is_primary_owner": false,
        "is_restricted": false,
        "is_ultra_restricted": false,
        "is_bot": false,
        "updated": 1496129697
    },
    {
        "id": "U5QN9E88L",
        "team_id": "T5HSQH1A8",
        "name": "dorgun",
        "deleted": false,
        "color": "a63024",
        "real_name": "Nikolay Bogoslovskiy",
        "tz": "Asia\/Barnaul",
        "tz_label": "Moscow Standard Time +4",
        "tz_offset": 25200,
        "profile": {
            "first_name": "Nikolay",
            "last_name": "Bogoslovskiy",
            "avatar_hash": "gfaed752c613",
            "title": "",
            "real_name": "Nikolay Bogoslovskiy",
            "real_name_normalized": "Nikolay Bogoslovskiy",
            "image_24": "https:\/\/secure.gravatar.com\/avatar\/faed752c61301ee6956b873ba405a68b.jpg?s=24&d=https%3A%2F%2Fa.slack-edge.com%2F66f9%2Fimg%2Favatars%2Fava_0020-24.png",
            "image_32": "https:\/\/secure.gravatar.com\/avatar\/faed752c61301ee6956b873ba405a68b.jpg?s=32&d=https%3A%2F%2Fa.slack-edge.com%2F0180%2Fimg%2Favatars%2Fava_0020-32.png",
            "image_48": "https:\/\/secure.gravatar.com\/avatar\/faed752c61301ee6956b873ba405a68b.jpg?s=48&d=https%3A%2F%2Fa.slack-edge.com%2F66f9%2Fimg%2Favatars%2Fava_0020-48.png",
            "image_72": "https:\/\/secure.gravatar.com\/avatar\/faed752c61301ee6956b873ba405a68b.jpg?s=72&d=https%3A%2F%2Fa.slack-edge.com%2F66f9%2Fimg%2Favatars%2Fava_0020-72.png",
            "image_192": "https:\/\/secure.gravatar.com\/avatar\/faed752c61301ee6956b873ba405a68b.jpg?s=192&d=https%3A%2F%2Fa.slack-edge.com%2F7fa9%2Fimg%2Favatars%2Fava_0020-192.png",
            "image_512": "https:\/\/secure.gravatar.com\/avatar\/faed752c61301ee6956b873ba405a68b.jpg?s=512&d=https%3A%2F%2Fa.slack-edge.com%2F7fa9%2Fimg%2Favatars%2Fava_0020-512.png",
            "fields": null
        },
        "is_admin": false,
        "is_owner": false,
        "is_primary_owner": false,
        "is_restricted": false,
        "is_ultra_restricted": false,
        "is_bot": false,
        "updated": 1496927029
    },
    {
        "id": "U5JUR607L",
        "team_id": "T5HSQH1A8",
        "name": "felipesb",
        "deleted": true,
        "profile": {
            "first_name": "Felipe",
            "last_name": "Bonetto",
            "avatar_hash": "gc7a32029edd",
            "title": "",
            "real_name": "Felipe Bonetto",
            "real_name_normalized": "Felipe Bonetto",
            "image_24": "https:\/\/secure.gravatar.com\/avatar\/c7a32029edda420c1bff08b48f99b2cb.jpg?s=24&d=https%3A%2F%2Fa.slack-edge.com%2F0180%2Fimg%2Favatars%2Fava_0003-24.png",
            "image_32": "https:\/\/secure.gravatar.com\/avatar\/c7a32029edda420c1bff08b48f99b2cb.jpg?s=32&d=https%3A%2F%2Fa.slack-edge.com%2F66f9%2Fimg%2Favatars%2Fava_0003-32.png",
            "image_48": "https:\/\/secure.gravatar.com\/avatar\/c7a32029edda420c1bff08b48f99b2cb.jpg?s=48&d=https%3A%2F%2Fa.slack-edge.com%2F66f9%2Fimg%2Favatars%2Fava_0003-48.png",
            "image_72": "https:\/\/secure.gravatar.com\/avatar\/c7a32029edda420c1bff08b48f99b2cb.jpg?s=72&d=https%3A%2F%2Fa.slack-edge.com%2F66f9%2Fimg%2Favatars%2Fava_0003-72.png",
            "image_192": "https:\/\/secure.gravatar.com\/avatar\/c7a32029edda420c1bff08b48f99b2cb.jpg?s=192&d=https%3A%2F%2Fa.slack-edge.com%2F7fa9%2Fimg%2Favatars%2Fava_0003-192.png",
            "image_512": "https:\/\/secure.gravatar.com\/avatar\/c7a32029edda420c1bff08b48f99b2cb.jpg?s=512&d=https%3A%2F%2Fa.slack-edge.com%2F7fa9%2Fimg%2Favatars%2Fava_0003-512.png",
            "fields": null
        },
        "is_bot": false,
        "updated": 1497306517
    },
    {
        "id": "U5LQ9NQ03",
        "team_id": "T5HSQH1A8",
        "name": "finlayliu",
        "deleted": false,
        "color": "2b6836",
        "real_name": "Finlay Liu",
        "tz": "America\/Chicago",
        "tz_label": "Central Daylight Time",
        "tz_offset": -18000,
        "profile": {
            "first_name": "Finlay",
            "last_name": "Liu",
            "avatar_hash": "g77caba73d98",
            "title": "",
            "fields": [],
            "real_name": "Finlay Liu",
            "real_name_normalized": "Finlay Liu",
            "image_24": "https:\/\/secure.gravatar.com\/avatar\/77caba73d98a28ef4b5fe0cb2eb61b0a.jpg?s=24&d=https%3A%2F%2Fa.slack-edge.com%2F66f9%2Fimg%2Favatars%2Fava_0019-24.png",
            "image_32": "https:\/\/secure.gravatar.com\/avatar\/77caba73d98a28ef4b5fe0cb2eb61b0a.jpg?s=32&d=https%3A%2F%2Fa.slack-edge.com%2F66f9%2Fimg%2Favatars%2Fava_0019-32.png",
            "image_48": "https:\/\/secure.gravatar.com\/avatar\/77caba73d98a28ef4b5fe0cb2eb61b0a.jpg?s=48&d=https%3A%2F%2Fa.slack-edge.com%2F66f9%2Fimg%2Favatars%2Fava_0019-48.png",
            "image_72": "https:\/\/secure.gravatar.com\/avatar\/77caba73d98a28ef4b5fe0cb2eb61b0a.jpg?s=72&d=https%3A%2F%2Fa.slack-edge.com%2F66f9%2Fimg%2Favatars%2Fava_0019-72.png",
            "image_192": "https:\/\/secure.gravatar.com\/avatar\/77caba73d98a28ef4b5fe0cb2eb61b0a.jpg?s=192&d=https%3A%2F%2Fa.slack-edge.com%2F7fa9%2Fimg%2Favatars%2Fava_0019-192.png",
            "image_512": "https:\/\/secure.gravatar.com\/avatar\/77caba73d98a28ef4b5fe0cb2eb61b0a.jpg?s=512&d=https%3A%2F%2Fa.slack-edge.com%2F7fa9%2Fimg%2Favatars%2Fava_0019-512.png"
        },
        "is_admin": false,
        "is_owner": false,
        "is_primary_owner": false,
        "is_restricted": false,
        "is_ultra_restricted": false,
        "is_bot": false,
        "updated": 1496279463
    },
    {
        "id": "U5NATMXBL",
        "team_id": "T5HSQH1A8",
        "name": "gene",
        "deleted": false,
        "color": "9b3b45",
        "real_name": "Gene Yan Ooi",
        "tz": "Asia\/Kuala_Lumpur",
        "tz_label": "Singapore Standard Time",
        "tz_offset": 28800,
        "profile": {
            "first_name": "Gene Yan",
            "last_name": "Ooi",
            "avatar_hash": "g31c5f88d038",
            "title": "",
            "real_name": "Gene Yan Ooi",
            "real_name_normalized": "Gene Yan Ooi",
            "image_24": "https:\/\/secure.gravatar.com\/avatar\/31c5f88d038bd11044147edd3eb5ad5d.jpg?s=24&d=https%3A%2F%2Fa.slack-edge.com%2F66f9%2Fimg%2Favatars%2Fava_0005-24.png",
            "image_32": "https:\/\/secure.gravatar.com\/avatar\/31c5f88d038bd11044147edd3eb5ad5d.jpg?s=32&d=https%3A%2F%2Fa.slack-edge.com%2F66f9%2Fimg%2Favatars%2Fava_0005-32.png",
            "image_48": "https:\/\/secure.gravatar.com\/avatar\/31c5f88d038bd11044147edd3eb5ad5d.jpg?s=48&d=https%3A%2F%2Fa.slack-edge.com%2F66f9%2Fimg%2Favatars%2Fava_0005-48.png",
            "image_72": "https:\/\/secure.gravatar.com\/avatar\/31c5f88d038bd11044147edd3eb5ad5d.jpg?s=72&d=https%3A%2F%2Fa.slack-edge.com%2F66f9%2Fimg%2Favatars%2Fava_0005-72.png",
            "image_192": "https:\/\/secure.gravatar.com\/avatar\/31c5f88d038bd11044147edd3eb5ad5d.jpg?s=192&d=https%3A%2F%2Fa.slack-edge.com%2F7fa9%2Fimg%2Favatars%2Fava_0005-192.png",
            "image_512": "https:\/\/secure.gravatar.com\/avatar\/31c5f88d038bd11044147edd3eb5ad5d.jpg?s=512&d=https%3A%2F%2Fa.slack-edge.com%2F7fa9%2Fimg%2Favatars%2Fava_0005-512.png",
            "fields": null
        },
        "is_admin": false,
        "is_owner": false,
        "is_primary_owner": false,
        "is_restricted": false,
        "is_ultra_restricted": false,
        "is_bot": false,
        "updated": 1496552905
    },
    {
        "id": "U5HP43Y5R",
        "team_id": "T5HSQH1A8",
        "name": "hengcherkeng235",
        "deleted": false,
        "color": "9f69e7",
        "real_name": "cherkeng heng",
        "tz": "Asia\/Kuala_Lumpur",
        "tz_label": "Singapore Standard Time",
        "tz_offset": 28800,
        "profile": {
            "first_name": "cherkeng",
            "last_name": "heng",
            "avatar_hash": "g9f5dd526663",
            "real_name": "cherkeng heng",
            "real_name_normalized": "cherkeng heng",
            "image_24": "https:\/\/secure.gravatar.com\/avatar\/9f5dd526663d97d208007185a254f126.jpg?s=24&d=https%3A%2F%2Fa.slack-edge.com%2F66f9%2Fimg%2Favatars%2Fava_0005-24.png",
            "image_32": "https:\/\/secure.gravatar.com\/avatar\/9f5dd526663d97d208007185a254f126.jpg?s=32&d=https%3A%2F%2Fa.slack-edge.com%2F66f9%2Fimg%2Favatars%2Fava_0005-32.png",
            "image_48": "https:\/\/secure.gravatar.com\/avatar\/9f5dd526663d97d208007185a254f126.jpg?s=48&d=https%3A%2F%2Fa.slack-edge.com%2F66f9%2Fimg%2Favatars%2Fava_0005-48.png",
            "image_72": "https:\/\/secure.gravatar.com\/avatar\/9f5dd526663d97d208007185a254f126.jpg?s=72&d=https%3A%2F%2Fa.slack-edge.com%2F66f9%2Fimg%2Favatars%2Fava_0005-72.png",
            "image_192": "https:\/\/secure.gravatar.com\/avatar\/9f5dd526663d97d208007185a254f126.jpg?s=192&d=https%3A%2F%2Fa.slack-edge.com%2F7fa9%2Fimg%2Favatars%2Fava_0005-192.png",
            "image_512": "https:\/\/secure.gravatar.com\/avatar\/9f5dd526663d97d208007185a254f126.jpg?s=512&d=https%3A%2F%2Fa.slack-edge.com%2F7fa9%2Fimg%2Favatars%2Fava_0005-512.png",
            "fields": null
        },
        "is_admin": true,
        "is_owner": true,
        "is_primary_owner": true,
        "is_restricted": false,
        "is_ultra_restricted": false,
        "is_bot": false,
        "updated": 1495706656
    },
    {
        "id": "U5ST4D6DV",
        "team_id": "T5HSQH1A8",
        "name": "jan",
        "deleted": false,
        "color": "43761b",
        "real_name": "Jan Marais",
        "tz": "Africa\/Harare",
        "tz_label": "Central Africa Time",
        "tz_offset": 7200,
        "profile": {
            "first_name": "Jan",
            "last_name": "Marais",
            "avatar_hash": "gc16af290743",
            "title": "",
            "real_name": "Jan Marais",
            "real_name_normalized": "Jan Marais",
            "image_24": "https:\/\/secure.gravatar.com\/avatar\/c16af2907437b8242a43393fa2cd6112.jpg?s=24&d=https%3A%2F%2Fa.slack-edge.com%2F66f9%2Fimg%2Favatars%2Fava_0001-24.png",
            "image_32": "https:\/\/secure.gravatar.com\/avatar\/c16af2907437b8242a43393fa2cd6112.jpg?s=32&d=https%3A%2F%2Fa.slack-edge.com%2F66f9%2Fimg%2Favatars%2Fava_0001-32.png",
            "image_48": "https:\/\/secure.gravatar.com\/avatar\/c16af2907437b8242a43393fa2cd6112.jpg?s=48&d=https%3A%2F%2Fa.slack-edge.com%2F0180%2Fimg%2Favatars%2Fava_0001-48.png",
            "image_72": "https:\/\/secure.gravatar.com\/avatar\/c16af2907437b8242a43393fa2cd6112.jpg?s=72&d=https%3A%2F%2Fa.slack-edge.com%2F3654%2Fimg%2Favatars%2Fava_0001-72.png",
            "image_192": "https:\/\/secure.gravatar.com\/avatar\/c16af2907437b8242a43393fa2cd6112.jpg?s=192&d=https%3A%2F%2Fa.slack-edge.com%2F7fa9%2Fimg%2Favatars%2Fava_0001-192.png",
            "image_512": "https:\/\/secure.gravatar.com\/avatar\/c16af2907437b8242a43393fa2cd6112.jpg?s=512&d=https%3A%2F%2Fa.slack-edge.com%2F7fa9%2Fimg%2Favatars%2Fava_0001-512.png",
            "fields": null
        },
        "is_admin": false,
        "is_owner": false,
        "is_primary_owner": false,
        "is_restricted": false,
        "is_ultra_restricted": false,
        "is_bot": false,
        "updated": 1497246255
    },
    {
        "id": "U5SGLMMHT",
        "team_id": "T5HSQH1A8",
        "name": "jph",
        "deleted": false,
        "color": "e06b56",
        "real_name": "Jeremy Howard",
        "tz": "America\/Los_Angeles",
        "tz_label": "Pacific Daylight Time",
        "tz_offset": -25200,
        "profile": {
            "first_name": "Jeremy",
            "last_name": "Howard",
            "avatar_hash": "g5ef3f595227",
            "title": "",
            "real_name": "Jeremy Howard",
            "real_name_normalized": "Jeremy Howard",
            "image_24": "https:\/\/secure.gravatar.com\/avatar\/5ef3f595227352fed8e55bdfdedd02f1.jpg?s=24&d=https%3A%2F%2Fa.slack-edge.com%2F0180%2Fimg%2Favatars%2Fava_0017-24.png",
            "image_32": "https:\/\/secure.gravatar.com\/avatar\/5ef3f595227352fed8e55bdfdedd02f1.jpg?s=32&d=https%3A%2F%2Fa.slack-edge.com%2F66f9%2Fimg%2Favatars%2Fava_0017-32.png",
            "image_48": "https:\/\/secure.gravatar.com\/avatar\/5ef3f595227352fed8e55bdfdedd02f1.jpg?s=48&d=https%3A%2F%2Fa.slack-edge.com%2F66f9%2Fimg%2Favatars%2Fava_0017-48.png",
            "image_72": "https:\/\/secure.gravatar.com\/avatar\/5ef3f595227352fed8e55bdfdedd02f1.jpg?s=72&d=https%3A%2F%2Fa.slack-edge.com%2F66f9%2Fimg%2Favatars%2Fava_0017-72.png",
            "image_192": "https:\/\/secure.gravatar.com\/avatar\/5ef3f595227352fed8e55bdfdedd02f1.jpg?s=192&d=https%3A%2F%2Fa.slack-edge.com%2F7fa9%2Fimg%2Favatars%2Fava_0017-192.png",
            "image_512": "https:\/\/secure.gravatar.com\/avatar\/5ef3f595227352fed8e55bdfdedd02f1.jpg?s=512&d=https%3A%2F%2Fa.slack-edge.com%2F7fa9%2Fimg%2Favatars%2Fava_0017-512.png",
            "fields": null
        },
        "is_admin": false,
        "is_owner": false,
        "is_primary_owner": false,
        "is_restricted": false,
        "is_ultra_restricted": false,
        "is_bot": false,
        "updated": 1497289646
    },
    {
        "id": "U5NESBT08",
        "team_id": "T5HSQH1A8",
        "name": "kelexu",
        "deleted": false,
        "color": "5a4592",
        "real_name": "kele xu",
        "tz": "Asia\/Chongqing",
        "tz_label": "China Standard Time",
        "tz_offset": 28800,
        "profile": {
            "first_name": "kele",
            "last_name": "xu",
            "avatar_hash": "g6813a6e0f96",
            "title": "",
            "real_name": "kele xu",
            "real_name_normalized": "kele xu",
            "image_24": "https:\/\/secure.gravatar.com\/avatar\/6813a6e0f9602563bf44b0239dd843e3.jpg?s=24&d=https%3A%2F%2Fa.slack-edge.com%2F0180%2Fimg%2Favatars%2Fava_0004-24.png",
            "image_32": "https:\/\/secure.gravatar.com\/avatar\/6813a6e0f9602563bf44b0239dd843e3.jpg?s=32&d=https%3A%2F%2Fa.slack-edge.com%2F66f9%2Fimg%2Favatars%2Fava_0004-32.png",
            "image_48": "https:\/\/secure.gravatar.com\/avatar\/6813a6e0f9602563bf44b0239dd843e3.jpg?s=48&d=https%3A%2F%2Fa.slack-edge.com%2F66f9%2Fimg%2Favatars%2Fava_0004-48.png",
            "image_72": "https:\/\/secure.gravatar.com\/avatar\/6813a6e0f9602563bf44b0239dd843e3.jpg?s=72&d=https%3A%2F%2Fa.slack-edge.com%2F66f9%2Fimg%2Favatars%2Fava_0004-72.png",
            "image_192": "https:\/\/secure.gravatar.com\/avatar\/6813a6e0f9602563bf44b0239dd843e3.jpg?s=192&d=https%3A%2F%2Fa.slack-edge.com%2F7fa9%2Fimg%2Favatars%2Fava_0004-192.png",
            "image_512": "https:\/\/secure.gravatar.com\/avatar\/6813a6e0f9602563bf44b0239dd843e3.jpg?s=512&d=https%3A%2F%2Fa.slack-edge.com%2F7fa9%2Fimg%2Favatars%2Fava_0004-512.png",
            "fields": null
        },
        "is_admin": false,
        "is_owner": false,
        "is_primary_owner": false,
        "is_restricted": false,
        "is_ultra_restricted": false,
        "is_bot": false,
        "updated": 1496727987
    },
    {
        "id": "U5RC4GSBA",
        "team_id": "T5HSQH1A8",
        "name": "littleboat",
        "deleted": false,
        "color": "d1707d",
        "real_name": "Little Boat",
        "tz": "America\/Denver",
        "tz_label": "Mountain Daylight Time",
        "tz_offset": -21600,
        "profile": {
            "first_name": "Little",
            "last_name": "Boat",
            "avatar_hash": "g9f46cd18af8",
            "title": "",
            "real_name": "Little Boat",
            "real_name_normalized": "Little Boat",
            "image_24": "https:\/\/secure.gravatar.com\/avatar\/9f46cd18af8e850742c5df82a3a65b17.jpg?s=24&d=https%3A%2F%2Fa.slack-edge.com%2F66f9%2Fimg%2Favatars%2Fava_0009-24.png",
            "image_32": "https:\/\/secure.gravatar.com\/avatar\/9f46cd18af8e850742c5df82a3a65b17.jpg?s=32&d=https%3A%2F%2Fa.slack-edge.com%2F66f9%2Fimg%2Favatars%2Fava_0009-32.png",
            "image_48": "https:\/\/secure.gravatar.com\/avatar\/9f46cd18af8e850742c5df82a3a65b17.jpg?s=48&d=https%3A%2F%2Fa.slack-edge.com%2F66f9%2Fimg%2Favatars%2Fava_0009-48.png",
            "image_72": "https:\/\/secure.gravatar.com\/avatar\/9f46cd18af8e850742c5df82a3a65b17.jpg?s=72&d=https%3A%2F%2Fa.slack-edge.com%2F66f9%2Fimg%2Favatars%2Fava_0009-72.png",
            "image_192": "https:\/\/secure.gravatar.com\/avatar\/9f46cd18af8e850742c5df82a3a65b17.jpg?s=192&d=https%3A%2F%2Fa.slack-edge.com%2F7fa9%2Fimg%2Favatars%2Fava_0009-192.png",
            "image_512": "https:\/\/secure.gravatar.com\/avatar\/9f46cd18af8e850742c5df82a3a65b17.jpg?s=512&d=https%3A%2F%2Fa.slack-edge.com%2F7fa9%2Fimg%2Favatars%2Fava_0009-512.png",
            "fields": null
        },
        "is_admin": false,
        "is_owner": false,
        "is_primary_owner": false,
        "is_restricted": false,
        "is_ultra_restricted": false,
        "is_bot": false,
        "updated": 1497239608
    },
    {
        "id": "U5KM798UF",
        "team_id": "T5HSQH1A8",
        "name": "matt.potma",
        "deleted": false,
        "color": "4bbe2e",
        "real_name": "",
        "tz": null,
        "tz_label": "Pacific Daylight Time",
        "tz_offset": -25200,
        "profile": {
            "first_name": "",
            "last_name": "",
            "avatar_hash": "g8c1e64617c7",
            "title": "",
            "real_name": "",
            "real_name_normalized": "",
            "image_24": "https:\/\/secure.gravatar.com\/avatar\/8c1e64617c7aa9390159ea3776398880.jpg?s=24&d=https%3A%2F%2Fa.slack-edge.com%2F66f9%2Fimg%2Favatars%2Fava_0012-24.png",
            "image_32": "https:\/\/secure.gravatar.com\/avatar\/8c1e64617c7aa9390159ea3776398880.jpg?s=32&d=https%3A%2F%2Fa.slack-edge.com%2F66f9%2Fimg%2Favatars%2Fava_0012-32.png",
            "image_48": "https:\/\/secure.gravatar.com\/avatar\/8c1e64617c7aa9390159ea3776398880.jpg?s=48&d=https%3A%2F%2Fa.slack-edge.com%2F66f9%2Fimg%2Favatars%2Fava_0012-48.png",
            "image_72": "https:\/\/secure.gravatar.com\/avatar\/8c1e64617c7aa9390159ea3776398880.jpg?s=72&d=https%3A%2F%2Fa.slack-edge.com%2F66f9%2Fimg%2Favatars%2Fava_0012-72.png",
            "image_192": "https:\/\/secure.gravatar.com\/avatar\/8c1e64617c7aa9390159ea3776398880.jpg?s=192&d=https%3A%2F%2Fa.slack-edge.com%2F7fa9%2Fimg%2Favatars%2Fava_0012-192.png",
            "image_512": "https:\/\/secure.gravatar.com\/avatar\/8c1e64617c7aa9390159ea3776398880.jpg?s=512&d=https%3A%2F%2Fa.slack-edge.com%2F7fa9%2Fimg%2Favatars%2Fava_0012-512.png",
            "fields": null
        },
        "is_admin": false,
        "is_owner": false,
        "is_primary_owner": false,
        "is_restricted": false,
        "is_ultra_restricted": false,
        "is_bot": false,
        "updated": 1495856469
    },
    {
        "id": "U5N9TCXEX",
        "team_id": "T5HSQH1A8",
        "name": "musicismyradar",
        "deleted": false,
        "color": "d58247",
        "real_name": "Egor Lakomkin",
        "tz": "Europe\/Amsterdam",
        "tz_label": "Central European Summer Time",
        "tz_offset": 7200,
        "profile": {
            "first_name": "Egor",
            "last_name": "Lakomkin",
            "avatar_hash": "gb0455785ca4",
            "title": "",
            "real_name": "Egor Lakomkin",
            "real_name_normalized": "Egor Lakomkin",
            "image_24": "https:\/\/secure.gravatar.com\/avatar\/b0455785ca48ec93fc43a36dd4b5e417.jpg?s=24&d=https%3A%2F%2Fa.slack-edge.com%2F66f9%2Fimg%2Favatars%2Fava_0001-24.png",
            "image_32": "https:\/\/secure.gravatar.com\/avatar\/b0455785ca48ec93fc43a36dd4b5e417.jpg?s=32&d=https%3A%2F%2Fa.slack-edge.com%2F66f9%2Fimg%2Favatars%2Fava_0001-32.png",
            "image_48": "https:\/\/secure.gravatar.com\/avatar\/b0455785ca48ec93fc43a36dd4b5e417.jpg?s=48&d=https%3A%2F%2Fa.slack-edge.com%2F0180%2Fimg%2Favatars%2Fava_0001-48.png",
            "image_72": "https:\/\/secure.gravatar.com\/avatar\/b0455785ca48ec93fc43a36dd4b5e417.jpg?s=72&d=https%3A%2F%2Fa.slack-edge.com%2F3654%2Fimg%2Favatars%2Fava_0001-72.png",
            "image_192": "https:\/\/secure.gravatar.com\/avatar\/b0455785ca48ec93fc43a36dd4b5e417.jpg?s=192&d=https%3A%2F%2Fa.slack-edge.com%2F7fa9%2Fimg%2Favatars%2Fava_0001-192.png",
            "image_512": "https:\/\/secure.gravatar.com\/avatar\/b0455785ca48ec93fc43a36dd4b5e417.jpg?s=512&d=https%3A%2F%2Fa.slack-edge.com%2F7fa9%2Fimg%2Favatars%2Fava_0001-512.png",
            "fields": null
        },
        "is_admin": false,
        "is_owner": false,
        "is_primary_owner": false,
        "is_restricted": false,
        "is_ultra_restricted": false,
        "is_bot": false,
        "updated": 1496576090
    },
    {
        "id": "U5NEXJUQG",
        "team_id": "T5HSQH1A8",
        "name": "nir",
        "deleted": false,
        "color": "db3150",
        "real_name": "nir tzachar",
        "tz": "Asia\/Jerusalem",
        "tz_label": "Israel Daylight Time",
        "tz_offset": 10800,
        "profile": {
            "first_name": "nir",
            "last_name": "tzachar",
            "avatar_hash": "g8fec1af918d",
            "title": "",
            "real_name": "nir tzachar",
            "real_name_normalized": "nir tzachar",
            "image_24": "https:\/\/secure.gravatar.com\/avatar\/8fec1af918d29348c60fdd148c62e743.jpg?s=24&d=https%3A%2F%2Fa.slack-edge.com%2F66f9%2Fimg%2Favatars%2Fava_0014-24.png",
            "image_32": "https:\/\/secure.gravatar.com\/avatar\/8fec1af918d29348c60fdd148c62e743.jpg?s=32&d=https%3A%2F%2Fa.slack-edge.com%2F66f9%2Fimg%2Favatars%2Fava_0014-32.png",
            "image_48": "https:\/\/secure.gravatar.com\/avatar\/8fec1af918d29348c60fdd148c62e743.jpg?s=48&d=https%3A%2F%2Fa.slack-edge.com%2F66f9%2Fimg%2Favatars%2Fava_0014-48.png",
            "image_72": "https:\/\/secure.gravatar.com\/avatar\/8fec1af918d29348c60fdd148c62e743.jpg?s=72&d=https%3A%2F%2Fa.slack-edge.com%2F66f9%2Fimg%2Favatars%2Fava_0014-72.png",
            "image_192": "https:\/\/secure.gravatar.com\/avatar\/8fec1af918d29348c60fdd148c62e743.jpg?s=192&d=https%3A%2F%2Fa.slack-edge.com%2F7fa9%2Fimg%2Favatars%2Fava_0014-192.png",
            "image_512": "https:\/\/secure.gravatar.com\/avatar\/8fec1af918d29348c60fdd148c62e743.jpg?s=512&d=https%3A%2F%2Fa.slack-edge.com%2F7fa9%2Fimg%2Favatars%2Fava_0014-512.png",
            "fields": null
        },
        "is_admin": false,
        "is_owner": false,
        "is_primary_owner": false,
        "is_restricted": false,
        "is_ultra_restricted": false,
        "is_bot": false,
        "updated": 1496729431
    },
    {
        "id": "U5NHFE27Q",
        "team_id": "T5HSQH1A8",
        "name": "oleggrinch",
        "deleted": false,
        "color": "99a949",
        "real_name": "Oleg Grinchuk",
        "tz": "Europe\/Moscow",
        "tz_label": "Moscow Time",
        "tz_offset": 10800,
        "profile": {
            "first_name": "Oleg",
            "last_name": "Grinchuk",
            "avatar_hash": "g2f13ea3afde",
            "title": "",
            "real_name": "Oleg Grinchuk",
            "real_name_normalized": "Oleg Grinchuk",
            "image_24": "https:\/\/secure.gravatar.com\/avatar\/2f13ea3afdecee103e42364cd98f2e1d.jpg?s=24&d=https%3A%2F%2Fa.slack-edge.com%2F66f9%2Fimg%2Favatars%2Fava_0011-24.png",
            "image_32": "https:\/\/secure.gravatar.com\/avatar\/2f13ea3afdecee103e42364cd98f2e1d.jpg?s=32&d=https%3A%2F%2Fa.slack-edge.com%2F66f9%2Fimg%2Favatars%2Fava_0011-32.png",
            "image_48": "https:\/\/secure.gravatar.com\/avatar\/2f13ea3afdecee103e42364cd98f2e1d.jpg?s=48&d=https%3A%2F%2Fa.slack-edge.com%2F66f9%2Fimg%2Favatars%2Fava_0011-48.png",
            "image_72": "https:\/\/secure.gravatar.com\/avatar\/2f13ea3afdecee103e42364cd98f2e1d.jpg?s=72&d=https%3A%2F%2Fa.slack-edge.com%2F3654%2Fimg%2Favatars%2Fava_0011-72.png",
            "image_192": "https:\/\/secure.gravatar.com\/avatar\/2f13ea3afdecee103e42364cd98f2e1d.jpg?s=192&d=https%3A%2F%2Fa.slack-edge.com%2F7fa9%2Fimg%2Favatars%2Fava_0011-192.png",
            "image_512": "https:\/\/secure.gravatar.com\/avatar\/2f13ea3afdecee103e42364cd98f2e1d.jpg?s=512&d=https%3A%2F%2Fa.slack-edge.com%2F7fa9%2Fimg%2Favatars%2Fava_0011-512.png",
            "fields": null
        },
        "is_admin": false,
        "is_owner": false,
        "is_primary_owner": false,
        "is_restricted": false,
        "is_ultra_restricted": false,
        "is_bot": false,
        "updated": 1496404695
    },
    {
        "id": "U5RG0AXEJ",
        "team_id": "T5HSQH1A8",
        "name": "raddar",
        "deleted": false,
        "color": "5870dd",
        "real_name": "Darius Baru\u0161auskas",
        "tz": "Europe\/Athens",
        "tz_label": "Eastern European Summer Time",
        "tz_offset": 10800,
        "profile": {
            "first_name": "Darius",
            "last_name": "Baru\u0161auskas",
            "avatar_hash": "g7cbc5124f8c",
            "title": "",
            "real_name": "Darius Baru\u0161auskas",
            "real_name_normalized": "Darius Barusauskas",
            "image_24": "https:\/\/secure.gravatar.com\/avatar\/7cbc5124f8c53f3fc9a69862e093afff.jpg?s=24&d=https%3A%2F%2Fa.slack-edge.com%2F66f9%2Fimg%2Favatars%2Fava_0001-24.png",
            "image_32": "https:\/\/secure.gravatar.com\/avatar\/7cbc5124f8c53f3fc9a69862e093afff.jpg?s=32&d=https%3A%2F%2Fa.slack-edge.com%2F66f9%2Fimg%2Favatars%2Fava_0001-32.png",
            "image_48": "https:\/\/secure.gravatar.com\/avatar\/7cbc5124f8c53f3fc9a69862e093afff.jpg?s=48&d=https%3A%2F%2Fa.slack-edge.com%2F0180%2Fimg%2Favatars%2Fava_0001-48.png",
            "image_72": "https:\/\/secure.gravatar.com\/avatar\/7cbc5124f8c53f3fc9a69862e093afff.jpg?s=72&d=https%3A%2F%2Fa.slack-edge.com%2F3654%2Fimg%2Favatars%2Fava_0001-72.png",
            "image_192": "https:\/\/secure.gravatar.com\/avatar\/7cbc5124f8c53f3fc9a69862e093afff.jpg?s=192&d=https%3A%2F%2Fa.slack-edge.com%2F7fa9%2Fimg%2Favatars%2Fava_0001-192.png",
            "image_512": "https:\/\/secure.gravatar.com\/avatar\/7cbc5124f8c53f3fc9a69862e093afff.jpg?s=512&d=https%3A%2F%2Fa.slack-edge.com%2F7fa9%2Fimg%2Favatars%2Fava_0001-512.png",
            "fields": null
        },
        "is_admin": false,
        "is_owner": false,
        "is_primary_owner": false,
        "is_restricted": false,
        "is_ultra_restricted": false,
        "is_bot": false,
        "updated": 1496929948
    },
    {
        "id": "U5KFMBURH",
        "team_id": "T5HSQH1A8",
        "name": "sagar",
        "deleted": false,
        "color": "e96699",
        "real_name": "Sagar Honnungar",
        "tz": "America\/Los_Angeles",
        "tz_label": "Pacific Daylight Time",
        "tz_offset": -25200,
        "profile": {
            "first_name": "Sagar",
            "last_name": "Honnungar",
            "avatar_hash": "g56753b80625",
            "title": "",
            "real_name": "Sagar Honnungar",
            "real_name_normalized": "Sagar Honnungar",
            "image_24": "https:\/\/secure.gravatar.com\/avatar\/56753b80625cf5c94104a1078096908b.jpg?s=24&d=https%3A%2F%2Fa.slack-edge.com%2F66f9%2Fimg%2Favatars%2Fava_0000-24.png",
            "image_32": "https:\/\/secure.gravatar.com\/avatar\/56753b80625cf5c94104a1078096908b.jpg?s=32&d=https%3A%2F%2Fa.slack-edge.com%2F66f9%2Fimg%2Favatars%2Fava_0000-32.png",
            "image_48": "https:\/\/secure.gravatar.com\/avatar\/56753b80625cf5c94104a1078096908b.jpg?s=48&d=https%3A%2F%2Fa.slack-edge.com%2F66f9%2Fimg%2Favatars%2Fava_0000-48.png",
            "image_72": "https:\/\/secure.gravatar.com\/avatar\/56753b80625cf5c94104a1078096908b.jpg?s=72&d=https%3A%2F%2Fa.slack-edge.com%2F66f9%2Fimg%2Favatars%2Fava_0000-72.png",
            "image_192": "https:\/\/secure.gravatar.com\/avatar\/56753b80625cf5c94104a1078096908b.jpg?s=192&d=https%3A%2F%2Fa.slack-edge.com%2F7fa9%2Fimg%2Favatars%2Fava_0000-192.png",
            "image_512": "https:\/\/secure.gravatar.com\/avatar\/56753b80625cf5c94104a1078096908b.jpg?s=512&d=https%3A%2F%2Fa.slack-edge.com%2F7fa9%2Fimg%2Favatars%2Fava_0000-512.png",
            "fields": null
        },
        "is_admin": false,
        "is_owner": false,
        "is_primary_owner": false,
        "is_restricted": false,
        "is_ultra_restricted": false,
        "is_bot": false,
        "updated": 1496117313
    },
    {
        "id": "U5MP47F3J",
        "team_id": "T5HSQH1A8",
        "name": "sh1ng",
        "deleted": false,
        "color": "bb86b7",
        "real_name": "Vladimir",
        "tz": "Europe\/Amsterdam",
        "tz_label": "Central European Summer Time",
        "tz_offset": 7200,
        "profile": {
            "first_name": "Vladimir",
            "last_name": "",
            "avatar_hash": "gabd8b81a681",
            "title": "",
            "real_name": "Vladimir",
            "real_name_normalized": "Vladimir",
            "image_24": "https:\/\/secure.gravatar.com\/avatar\/abd8b81a681323b37da24e3d4ba50f94.jpg?s=24&d=https%3A%2F%2Fa.slack-edge.com%2F66f9%2Fimg%2Favatars%2Fava_0022-24.png",
            "image_32": "https:\/\/secure.gravatar.com\/avatar\/abd8b81a681323b37da24e3d4ba50f94.jpg?s=32&d=https%3A%2F%2Fa.slack-edge.com%2F66f9%2Fimg%2Favatars%2Fava_0022-32.png",
            "image_48": "https:\/\/secure.gravatar.com\/avatar\/abd8b81a681323b37da24e3d4ba50f94.jpg?s=48&d=https%3A%2F%2Fa.slack-edge.com%2F66f9%2Fimg%2Favatars%2Fava_0022-48.png",
            "image_72": "https:\/\/secure.gravatar.com\/avatar\/abd8b81a681323b37da24e3d4ba50f94.jpg?s=72&d=https%3A%2F%2Fa.slack-edge.com%2F66f9%2Fimg%2Favatars%2Fava_0022-72.png",
            "image_192": "https:\/\/secure.gravatar.com\/avatar\/abd8b81a681323b37da24e3d4ba50f94.jpg?s=192&d=https%3A%2F%2Fa.slack-edge.com%2F7fa9%2Fimg%2Favatars%2Fava_0022-192.png",
            "image_512": "https:\/\/secure.gravatar.com\/avatar\/abd8b81a681323b37da24e3d4ba50f94.jpg?s=512&d=https%3A%2F%2Fa.slack-edge.com%2F7fa9%2Fimg%2Favatars%2Fava_0022-512.png",
            "fields": null
        },
        "is_admin": false,
        "is_owner": false,
        "is_primary_owner": false,
        "is_restricted": false,
        "is_ultra_restricted": false,
        "is_bot": false,
        "updated": 1496600532
    },
    {
        "id": "U5KNT5PFF",
        "team_id": "T5HSQH1A8",
        "name": "sshuair",
        "deleted": false,
        "color": "684b6c",
        "real_name": "Shuai Wang",
        "tz": "Asia\/Chongqing",
        "tz_label": "China Standard Time",
        "tz_offset": 28800,
        "profile": {
            "first_name": "Shuai",
            "last_name": "Wang",
            "avatar_hash": "g03818a11820",
            "title": "",
            "real_name": "Shuai Wang",
            "real_name_normalized": "Shuai Wang",
            "image_24": "https:\/\/secure.gravatar.com\/avatar\/03818a11820ae56c01695899cefbc183.jpg?s=24&d=https%3A%2F%2Fa.slack-edge.com%2F66f9%2Fimg%2Favatars%2Fava_0016-24.png",
            "image_32": "https:\/\/secure.gravatar.com\/avatar\/03818a11820ae56c01695899cefbc183.jpg?s=32&d=https%3A%2F%2Fa.slack-edge.com%2F66f9%2Fimg%2Favatars%2Fava_0016-32.png",
            "image_48": "https:\/\/secure.gravatar.com\/avatar\/03818a11820ae56c01695899cefbc183.jpg?s=48&d=https%3A%2F%2Fa.slack-edge.com%2F66f9%2Fimg%2Favatars%2Fava_0016-48.png",
            "image_72": "https:\/\/secure.gravatar.com\/avatar\/03818a11820ae56c01695899cefbc183.jpg?s=72&d=https%3A%2F%2Fa.slack-edge.com%2F66f9%2Fimg%2Favatars%2Fava_0016-72.png",
            "image_192": "https:\/\/secure.gravatar.com\/avatar\/03818a11820ae56c01695899cefbc183.jpg?s=192&d=https%3A%2F%2Fa.slack-edge.com%2F7fa9%2Fimg%2Favatars%2Fava_0016-192.png",
            "image_512": "https:\/\/secure.gravatar.com\/avatar\/03818a11820ae56c01695899cefbc183.jpg?s=512&d=https%3A%2F%2Fa.slack-edge.com%2F7fa9%2Fimg%2Favatars%2Fava_0016-512.png",
            "fields": null
        },
        "is_admin": false,
        "is_owner": false,
        "is_primary_owner": false,
        "is_restricted": false,
        "is_ultra_restricted": false,
        "is_bot": false,
        "updated": 1496133734
    },
    {
        "id": "U5QE702DQ",
        "team_id": "T5HSQH1A8",
        "name": "strideradu",
        "deleted": false,
        "color": "385a86",
        "real_name": "Nan Du",
        "tz": "America\/Indiana\/Indianapolis",
        "tz_label": "Eastern Daylight Time",
        "tz_offset": -14400,
        "profile": {
            "first_name": "Nan",
            "last_name": "Du",
            "avatar_hash": "gfccda6561af",
            "title": "",
            "real_name": "Nan Du",
            "real_name_normalized": "Nan Du",
            "image_24": "https:\/\/secure.gravatar.com\/avatar\/fccda6561af8097d662f700dcbd71d6f.jpg?s=24&d=https%3A%2F%2Fa.slack-edge.com%2F66f9%2Fimg%2Favatars%2Fava_0009-24.png",
            "image_32": "https:\/\/secure.gravatar.com\/avatar\/fccda6561af8097d662f700dcbd71d6f.jpg?s=32&d=https%3A%2F%2Fa.slack-edge.com%2F66f9%2Fimg%2Favatars%2Fava_0009-32.png",
            "image_48": "https:\/\/secure.gravatar.com\/avatar\/fccda6561af8097d662f700dcbd71d6f.jpg?s=48&d=https%3A%2F%2Fa.slack-edge.com%2F66f9%2Fimg%2Favatars%2Fava_0009-48.png",
            "image_72": "https:\/\/secure.gravatar.com\/avatar\/fccda6561af8097d662f700dcbd71d6f.jpg?s=72&d=https%3A%2F%2Fa.slack-edge.com%2F66f9%2Fimg%2Favatars%2Fava_0009-72.png",
            "image_192": "https:\/\/secure.gravatar.com\/avatar\/fccda6561af8097d662f700dcbd71d6f.jpg?s=192&d=https%3A%2F%2Fa.slack-edge.com%2F7fa9%2Fimg%2Favatars%2Fava_0009-192.png",
            "image_512": "https:\/\/secure.gravatar.com\/avatar\/fccda6561af8097d662f700dcbd71d6f.jpg?s=512&d=https%3A%2F%2Fa.slack-edge.com%2F7fa9%2Fimg%2Favatars%2Fava_0009-512.png",
            "fields": null
        },
        "is_admin": false,
        "is_owner": false,
        "is_primary_owner": false,
        "is_restricted": false,
        "is_ultra_restricted": false,
        "is_bot": false,
        "updated": 1496889777
    },
    {
        "id": "U5S0JDE3W",
        "team_id": "T5HSQH1A8",
        "name": "tereka114",
        "deleted": false,
        "color": "50a0cf",
        "real_name": "Hiroki Yamamoto",
        "tz": "Asia\/Tokyo",
        "tz_label": "Japan Standard Time",
        "tz_offset": 32400,
        "profile": {
            "first_name": "Hiroki",
            "last_name": "Yamamoto",
            "avatar_hash": "geb8a7e6d088",
            "title": "",
            "real_name": "Hiroki Yamamoto",
            "real_name_normalized": "Hiroki Yamamoto",
            "image_24": "https:\/\/secure.gravatar.com\/avatar\/eb8a7e6d0889751e2e382ba290e595bd.jpg?s=24&d=https%3A%2F%2Fa.slack-edge.com%2F0180%2Fimg%2Favatars%2Fava_0021-24.png",
            "image_32": "https:\/\/secure.gravatar.com\/avatar\/eb8a7e6d0889751e2e382ba290e595bd.jpg?s=32&d=https%3A%2F%2Fa.slack-edge.com%2F66f9%2Fimg%2Favatars%2Fava_0021-32.png",
            "image_48": "https:\/\/secure.gravatar.com\/avatar\/eb8a7e6d0889751e2e382ba290e595bd.jpg?s=48&d=https%3A%2F%2Fa.slack-edge.com%2F3654%2Fimg%2Favatars%2Fava_0021-48.png",
            "image_72": "https:\/\/secure.gravatar.com\/avatar\/eb8a7e6d0889751e2e382ba290e595bd.jpg?s=72&d=https%3A%2F%2Fa.slack-edge.com%2F66f9%2Fimg%2Favatars%2Fava_0021-72.png",
            "image_192": "https:\/\/secure.gravatar.com\/avatar\/eb8a7e6d0889751e2e382ba290e595bd.jpg?s=192&d=https%3A%2F%2Fa.slack-edge.com%2F7fa9%2Fimg%2Favatars%2Fava_0021-192.png",
            "image_512": "https:\/\/secure.gravatar.com\/avatar\/eb8a7e6d0889751e2e382ba290e595bd.jpg?s=512&d=https%3A%2F%2Fa.slack-edge.com%2F7fa9%2Fimg%2Favatars%2Fava_0021-512.png",
            "fields": null
        },
        "is_admin": false,
        "is_owner": false,
        "is_primary_owner": false,
        "is_restricted": false,
        "is_ultra_restricted": false,
        "is_bot": false,
        "updated": 1497190792
    },
    {
        "id": "U5L4Y93HC",
        "team_id": "T5HSQH1A8",
        "name": "timjoseph",
        "deleted": false,
        "color": "3c989f",
        "real_name": "Tim Joseph",
        "tz": "Europe\/Amsterdam",
        "tz_label": "Central European Summer Time",
        "tz_offset": 7200,
        "profile": {
            "first_name": "Tim",
            "last_name": "Joseph",
            "avatar_hash": "gaeeb383cbed",
            "title": "",
            "real_name": "Tim Joseph",
            "real_name_normalized": "Tim Joseph",
            "image_24": "https:\/\/secure.gravatar.com\/avatar\/aeeb383cbed43cf9161e731c5c4eee1b.jpg?s=24&d=https%3A%2F%2Fa.slack-edge.com%2F66f9%2Fimg%2Favatars%2Fava_0008-24.png",
            "image_32": "https:\/\/secure.gravatar.com\/avatar\/aeeb383cbed43cf9161e731c5c4eee1b.jpg?s=32&d=https%3A%2F%2Fa.slack-edge.com%2F66f9%2Fimg%2Favatars%2Fava_0008-32.png",
            "image_48": "https:\/\/secure.gravatar.com\/avatar\/aeeb383cbed43cf9161e731c5c4eee1b.jpg?s=48&d=https%3A%2F%2Fa.slack-edge.com%2F66f9%2Fimg%2Favatars%2Fava_0008-48.png",
            "image_72": "https:\/\/secure.gravatar.com\/avatar\/aeeb383cbed43cf9161e731c5c4eee1b.jpg?s=72&d=https%3A%2F%2Fa.slack-edge.com%2F66f9%2Fimg%2Favatars%2Fava_0008-72.png",
            "image_192": "https:\/\/secure.gravatar.com\/avatar\/aeeb383cbed43cf9161e731c5c4eee1b.jpg?s=192&d=https%3A%2F%2Fa.slack-edge.com%2F7fa9%2Fimg%2Favatars%2Fava_0008-192.png",
            "image_512": "https:\/\/secure.gravatar.com\/avatar\/aeeb383cbed43cf9161e731c5c4eee1b.jpg?s=512&d=https%3A%2F%2Fa.slack-edge.com%2F7fa9%2Fimg%2Favatars%2Fava_0008-512.png",
            "fields": null
        },
        "is_admin": false,
        "is_owner": false,
        "is_primary_owner": false,
        "is_restricted": false,
        "is_ultra_restricted": false,
        "is_bot": false,
        "updated": 1496059591
    },
    {
        "id": "U5LKQGS1K",
        "team_id": "T5HSQH1A8",
        "name": "timrek",
        "deleted": false,
        "color": "5b89d5",
        "real_name": "tim rek",
        "tz": "Europe\/Amsterdam",
        "tz_label": "Central European Summer Time",
        "tz_offset": 7200,
        "profile": {
            "first_name": "tim",
            "last_name": "rek",
            "avatar_hash": "g0b61222f4a7",
            "title": "",
            "real_name": "tim rek",
            "real_name_normalized": "tim rek",
            "image_24": "https:\/\/secure.gravatar.com\/avatar\/0b61222f4a72d11a336e64e794c7a0f2.jpg?s=24&d=https%3A%2F%2Fa.slack-edge.com%2F66f9%2Fimg%2Favatars%2Fava_0002-24.png",
            "image_32": "https:\/\/secure.gravatar.com\/avatar\/0b61222f4a72d11a336e64e794c7a0f2.jpg?s=32&d=https%3A%2F%2Fa.slack-edge.com%2F0180%2Fimg%2Favatars%2Fava_0002-32.png",
            "image_48": "https:\/\/secure.gravatar.com\/avatar\/0b61222f4a72d11a336e64e794c7a0f2.jpg?s=48&d=https%3A%2F%2Fa.slack-edge.com%2F66f9%2Fimg%2Favatars%2Fava_0002-48.png",
            "image_72": "https:\/\/secure.gravatar.com\/avatar\/0b61222f4a72d11a336e64e794c7a0f2.jpg?s=72&d=https%3A%2F%2Fa.slack-edge.com%2F66f9%2Fimg%2Favatars%2Fava_0002-72.png",
            "image_192": "https:\/\/secure.gravatar.com\/avatar\/0b61222f4a72d11a336e64e794c7a0f2.jpg?s=192&d=https%3A%2F%2Fa.slack-edge.com%2F7fa9%2Fimg%2Favatars%2Fava_0002-192.png",
            "image_512": "https:\/\/secure.gravatar.com\/avatar\/0b61222f4a72d11a336e64e794c7a0f2.jpg?s=512&d=https%3A%2F%2Fa.slack-edge.com%2F7fa9%2Fimg%2Favatars%2Fava_0002-512.png",
            "fields": null
        },
        "is_admin": false,
        "is_owner": false,
        "is_primary_owner": false,
        "is_restricted": false,
        "is_ultra_restricted": false,
        "is_bot": false,
        "updated": 1496244878
    },
    {
        "id": "U5LAKPQ4W",
        "team_id": "T5HSQH1A8",
        "name": "totallyrad",
        "deleted": true,
        "profile": {
            "first_name": "Albert",
            "last_name": "T",
            "avatar_hash": "g89fc1de66ea",
            "title": "",
            "real_name": "Albert T",
            "real_name_normalized": "Albert T",
            "image_24": "https:\/\/secure.gravatar.com\/avatar\/89fc1de66ea6f2336e6a49786d908eaa.jpg?s=24&d=https%3A%2F%2Fa.slack-edge.com%2F66f9%2Fimg%2Favatars%2Fava_0000-24.png",
            "image_32": "https:\/\/secure.gravatar.com\/avatar\/89fc1de66ea6f2336e6a49786d908eaa.jpg?s=32&d=https%3A%2F%2Fa.slack-edge.com%2F66f9%2Fimg%2Favatars%2Fava_0000-32.png",
            "image_48": "https:\/\/secure.gravatar.com\/avatar\/89fc1de66ea6f2336e6a49786d908eaa.jpg?s=48&d=https%3A%2F%2Fa.slack-edge.com%2F66f9%2Fimg%2Favatars%2Fava_0000-48.png",
            "image_72": "https:\/\/secure.gravatar.com\/avatar\/89fc1de66ea6f2336e6a49786d908eaa.jpg?s=72&d=https%3A%2F%2Fa.slack-edge.com%2F66f9%2Fimg%2Favatars%2Fava_0000-72.png",
            "image_192": "https:\/\/secure.gravatar.com\/avatar\/89fc1de66ea6f2336e6a49786d908eaa.jpg?s=192&d=https%3A%2F%2Fa.slack-edge.com%2F7fa9%2Fimg%2Favatars%2Fava_0000-192.png",
            "image_512": "https:\/\/secure.gravatar.com\/avatar\/89fc1de66ea6f2336e6a49786d908eaa.jpg?s=512&d=https%3A%2F%2Fa.slack-edge.com%2F7fa9%2Fimg%2Favatars%2Fava_0000-512.png",
            "fields": null
        },
        "is_bot": false,
        "updated": 1496101068
    },
    {
        "id": "U5M5E9DHN",
        "team_id": "T5HSQH1A8",
        "name": "woshianderson",
        "deleted": false,
        "color": "df3dc0",
        "real_name": "",
        "tz": null,
        "tz_label": "Pacific Daylight Time",
        "tz_offset": -25200,
        "profile": {
            "avatar_hash": "g2daafc4cedf",
            "title": "",
            "real_name": "",
            "real_name_normalized": "",
            "image_24": "https:\/\/secure.gravatar.com\/avatar\/2daafc4cedf04ada5779dbd527249789.jpg?s=24&d=https%3A%2F%2Fa.slack-edge.com%2F66f9%2Fimg%2Favatars%2Fava_0001-24.png",
            "image_32": "https:\/\/secure.gravatar.com\/avatar\/2daafc4cedf04ada5779dbd527249789.jpg?s=32&d=https%3A%2F%2Fa.slack-edge.com%2F66f9%2Fimg%2Favatars%2Fava_0001-32.png",
            "image_48": "https:\/\/secure.gravatar.com\/avatar\/2daafc4cedf04ada5779dbd527249789.jpg?s=48&d=https%3A%2F%2Fa.slack-edge.com%2F0180%2Fimg%2Favatars%2Fava_0001-48.png",
            "image_72": "https:\/\/secure.gravatar.com\/avatar\/2daafc4cedf04ada5779dbd527249789.jpg?s=72&d=https%3A%2F%2Fa.slack-edge.com%2F3654%2Fimg%2Favatars%2Fava_0001-72.png",
            "image_192": "https:\/\/secure.gravatar.com\/avatar\/2daafc4cedf04ada5779dbd527249789.jpg?s=192&d=https%3A%2F%2Fa.slack-edge.com%2F7fa9%2Fimg%2Favatars%2Fava_0001-192.png",
            "image_512": "https:\/\/secure.gravatar.com\/avatar\/2daafc4cedf04ada5779dbd527249789.jpg?s=512&d=https%3A%2F%2Fa.slack-edge.com%2F7fa9%2Fimg%2Favatars%2Fava_0001-512.png",
            "fields": null
        },
        "is_admin": false,
        "is_owner": false,
        "is_primary_owner": false,
        "is_restricted": false,
        "is_ultra_restricted": false,
        "is_bot": false,
        "updated": 1496412106
    },
    {
        "id": "U5Q81D231",
        "team_id": "T5HSQH1A8",
        "name": "wrosinski",
        "deleted": false,
        "color": "9e3997",
        "real_name": "Wojtek Rosinski",
        "tz": "Europe\/Warsaw",
        "tz_label": "Central European Summer Time",
        "tz_offset": 7200,
        "profile": {
            "first_name": "Wojtek",
            "last_name": "Rosinski",
            "avatar_hash": "g04f819897a2",
            "title": "",
            "real_name": "Wojtek Rosinski",
            "real_name_normalized": "Wojtek Rosinski",
            "image_24": "https:\/\/secure.gravatar.com\/avatar\/04f819897a2c794505c960bcc6bf7138.jpg?s=24&d=https%3A%2F%2Fa.slack-edge.com%2F66f9%2Fimg%2Favatars%2Fava_0007-24.png",
            "image_32": "https:\/\/secure.gravatar.com\/avatar\/04f819897a2c794505c960bcc6bf7138.jpg?s=32&d=https%3A%2F%2Fa.slack-edge.com%2F66f9%2Fimg%2Favatars%2Fava_0007-32.png",
            "image_48": "https:\/\/secure.gravatar.com\/avatar\/04f819897a2c794505c960bcc6bf7138.jpg?s=48&d=https%3A%2F%2Fa.slack-edge.com%2F66f9%2Fimg%2Favatars%2Fava_0007-48.png",
            "image_72": "https:\/\/secure.gravatar.com\/avatar\/04f819897a2c794505c960bcc6bf7138.jpg?s=72&d=https%3A%2F%2Fa.slack-edge.com%2F66f9%2Fimg%2Favatars%2Fava_0007-72.png",
            "image_192": "https:\/\/secure.gravatar.com\/avatar\/04f819897a2c794505c960bcc6bf7138.jpg?s=192&d=https%3A%2F%2Fa.slack-edge.com%2F7fa9%2Fimg%2Favatars%2Fava_0007-192.png",
            "image_512": "https:\/\/secure.gravatar.com\/avatar\/04f819897a2c794505c960bcc6bf7138.jpg?s=512&d=https%3A%2F%2Fa.slack-edge.com%2F7fa9%2Fimg%2Favatars%2Fava_0007-512.png",
            "fields": null
        },
        "is_admin": false,
        "is_owner": false,
        "is_primary_owner": false,
        "is_restricted": false,
        "is_ultra_restricted": false,
        "is_bot": false,
        "updated": 1496762744
    },
    {
        "id": "U5SJA7PNF",
        "team_id": "T5HSQH1A8",
        "name": "yangxulei",
        "deleted": false,
        "color": "8f4a2b",
        "real_name": "david yang",
        "tz": "Asia\/Chongqing",
        "tz_label": "China Standard Time",
        "tz_offset": 28800,
        "profile": {
            "first_name": "david",
            "last_name": "yang",
            "avatar_hash": "g9cb6d05bb22",
            "title": "",
            "real_name": "david yang",
            "real_name_normalized": "david yang",
            "image_24": "https:\/\/secure.gravatar.com\/avatar\/9cb6d05bb22a95b0ca2a3405acc5f851.jpg?s=24&d=https%3A%2F%2Fa.slack-edge.com%2F0180%2Fimg%2Favatars%2Fava_0025-24.png",
            "image_32": "https:\/\/secure.gravatar.com\/avatar\/9cb6d05bb22a95b0ca2a3405acc5f851.jpg?s=32&d=https%3A%2F%2Fa.slack-edge.com%2F66f9%2Fimg%2Favatars%2Fava_0025-32.png",
            "image_48": "https:\/\/secure.gravatar.com\/avatar\/9cb6d05bb22a95b0ca2a3405acc5f851.jpg?s=48&d=https%3A%2F%2Fa.slack-edge.com%2F66f9%2Fimg%2Favatars%2Fava_0025-48.png",
            "image_72": "https:\/\/secure.gravatar.com\/avatar\/9cb6d05bb22a95b0ca2a3405acc5f851.jpg?s=72&d=https%3A%2F%2Fa.slack-edge.com%2F66f9%2Fimg%2Favatars%2Fava_0025-72.png",
            "image_192": "https:\/\/secure.gravatar.com\/avatar\/9cb6d05bb22a95b0ca2a3405acc5f851.jpg?s=192&d=https%3A%2F%2Fa.slack-edge.com%2F7fa9%2Fimg%2Favatars%2Fava_0025-192.png",
            "image_512": "https:\/\/secure.gravatar.com\/avatar\/9cb6d05bb22a95b0ca2a3405acc5f851.jpg?s=512&d=https%3A%2F%2Fa.slack-edge.com%2F7fa9%2Fimg%2Favatars%2Fava_0025-512.png",
            "fields": null
        },
        "is_admin": false,
        "is_owner": false,
        "is_primary_owner": false,
        "is_restricted": false,
        "is_ultra_restricted": false,
        "is_bot": false,
        "updated": 1497317642
    }
]