[
    {
        "user": "U5HP43Y5R",
        "text": "<@U5HP43Y5R|hengcherkeng235> has joined the channel",
        "type": "message",
        "subtype": "channel_join",
        "ts": "1496418950.083373"
    },
    {
        "user": "U5HP43Y5R",
        "purpose": "discuss how to use tif and jpg. how to use nir or vegetation index, etc",
        "text": "<@U5HP43Y5R|hengcherkeng235> set the channel purpose: discuss how to use tif and jpg. how to use nir or vegetation index, etc",
        "type": "message",
        "subtype": "channel_purpose",
        "ts": "1496418951.083773"
    },
    {
        "user": "U5HP43Y5R",
        "old_name": "using_tif",
        "name": "2_using_tif",
        "text": "<@U5HP43Y5R|hengcherkeng235> has renamed the channel from \"using_tif\" to \"2_using_tif\"",
        "type": "message",
        "subtype": "channel_name",
        "ts": "1496419225.193023"
    }
]