[
    {
        "user": "U5NHFE27Q",
        "text": "<@U5NHFE27Q|oleggrinch> has joined the channel",
        "type": "message",
        "subtype": "channel_join",
        "ts": "1496404695.558493"
    },
    {
        "user": "U5M5E9DHN",
        "text": "<@U5M5E9DHN|woshianderson> has joined the channel",
        "type": "message",
        "subtype": "channel_join",
        "ts": "1496412106.672523"
    },
    {
        "user": "U5N8BFCA1",
        "text": "<@U5N8BFCA1|cpruce> has joined the channel",
        "type": "message",
        "subtype": "channel_join",
        "ts": "1496452984.693348"
    }
]