[
    {
        "user": "U5S0JDE3W",
        "text": "<@U5S0JDE3W|tereka114> has joined the channel",
        "type": "message",
        "subtype": "channel_join",
        "ts": "1497190792.220676"
    },
    {
        "user": "U5SSJDYAK",
        "text": "<@U5SSJDYAK|andrewlamb> has joined the channel",
        "type": "message",
        "subtype": "channel_join",
        "ts": "1497239119.413326"
    },
    {
        "user": "U5RC4GSBA",
        "text": "<@U5RC4GSBA|littleboat> has joined the channel",
        "type": "message",
        "subtype": "channel_join",
        "ts": "1497239608.456693"
    },
    {
        "user": "U5ST4D6DV",
        "text": "<@U5ST4D6DV|jan> has joined the channel",
        "type": "message",
        "subtype": "channel_join",
        "ts": "1497246254.063880"
    }
]