[
    {
        "user": "U5NESBT08",
        "text": "<@U5NESBT08|kelexu> has joined the channel",
        "type": "message",
        "subtype": "channel_join",
        "ts": "1496727987.403819"
    },
    {
        "user": "U5NEXJUQG",
        "text": "<@U5NEXJUQG|nir> has joined the channel",
        "type": "message",
        "subtype": "channel_join",
        "ts": "1496729431.582885"
    },
    {
        "user": "U5P87HLPP",
        "text": "<@U5P87HLPP|can_ozbek> has joined the channel",
        "type": "message",
        "subtype": "channel_join",
        "ts": "1496731694.900583"
    }
]