[
    {
        "type": "message",
        "user": "U5JUR607L",
        "text": "posting here just to not polute the general Thread",
        "ts": "1496845613.175630"
    },
    {
        "type": "message",
        "user": "U5JUR607L",
        "text": "matt.potma and I are undergrad students, what's your profession\/education level?",
        "edited": {
            "user": "U5JUR607L",
            "ts": "1496846253.000000"
        },
        "ts": "1496845665.197654"
    },
    {
        "type": "message",
        "user": "U5L4Y93HC",
        "text": "Grad Student :D",
        "ts": "1496845944.320428"
    },
    {
        "type": "message",
        "user": "U5KM798UF",
        "text": "Cool! What are you studying? ",
        "ts": "1496847493.997682"
    },
    {
        "type": "message",
        "user": "U5L4Y93HC",
        "text": "Computer Science, but did my Bachelors in information Systems. You?",
        "ts": "1496849551.907848"
    },
    {
        "type": "message",
        "user": "U5JUR607L",
        "text": "I'm studying Electrical Engineering ",
        "ts": "1496855206.206623"
    },
    {
        "user": "U5Q5Q8L7M",
        "text": "<@U5Q5Q8L7M|apoorv> has joined the channel",
        "type": "message",
        "subtype": "channel_join",
        "ts": "1496860573.292309"
    },
    {
        "type": "message",
        "user": "U5LKQGS1K",
        "text": "I'm also a phd student :slightly_smiling_face: bioscience engineering",
        "ts": "1496860810.383598"
    },
    {
        "type": "message",
        "user": "U5KM798UF",
        "text": "I'm studying applies physics and currently working at an engineering firm in r&amp;d",
        "ts": "1496863774.482251"
    },
    {
        "type": "message",
        "user": "U5L4Y93HC",
        "text": "cool :smile:",
        "ts": "1496870234.748636"
    },
    {
        "user": "U5R88SJT0",
        "text": "<@U5R88SJT0|clarkchong> has joined the channel",
        "type": "message",
        "subtype": "channel_join",
        "ts": "1496887891.936760"
    },
    {
        "user": "U5QE702DQ",
        "text": "<@U5QE702DQ|strideradu> has joined the channel",
        "type": "message",
        "subtype": "channel_join",
        "ts": "1496889777.166601"
    }
]