[
    {
        "user": "U5L4Y93HC",
        "text": "<@U5L4Y93HC|timjoseph> has joined the channel",
        "type": "message",
        "subtype": "channel_join",
        "ts": "1496059591.394762"
    },
    {
        "user": "U5LAKPQ4W",
        "text": "<@U5LAKPQ4W|totallyrad> has joined the channel",
        "type": "message",
        "subtype": "channel_join",
        "ts": "1496100992.316295"
    },
    {
        "user": "U5KFMBURH",
        "text": "<@U5KFMBURH|sagar> has joined the channel",
        "type": "message",
        "subtype": "channel_join",
        "ts": "1496117313.843872"
    }
]