[
    {
        "user": "U5HP43Y5R",
        "text": "<@U5HP43Y5R|hengcherkeng235> has joined the channel",
        "type": "message",
        "subtype": "channel_join",
        "ts": "1496418891.749094"
    },
    {
        "user": "U5HP43Y5R",
        "purpose": "discuss trainining of standard models like resnet, densenet, inception, etc ...",
        "text": "<@U5HP43Y5R|hengcherkeng235> set the channel purpose: discuss trainining of standard models like resnet, densenet, inception, etc ...",
        "type": "message",
        "subtype": "channel_purpose",
        "ts": "1496418892.749498"
    },
    {
        "user": "U5HP43Y5R",
        "old_name": "standard_model",
        "name": "1_standard_model",
        "text": "<@U5HP43Y5R|hengcherkeng235> has renamed the channel from \"standard_model\" to \"1_standard_model\"",
        "type": "message",
        "subtype": "channel_name",
        "ts": "1496419208.872167"
    }
]